CREATE DATABASE  IF NOT EXISTS `commonssafy` /*!40100 DEFAULT CHARACTER SET utf8mb4 COLLATE utf8mb4_bin */ /*!80016 DEFAULT ENCRYPTION='N' */;
USE `commonssafy`;
-- MySQL dump 10.13  Distrib 8.0.28, for Win64 (x86_64)
--
-- Host: i7d101.p.ssafy.io    Database: commonssafy
-- ------------------------------------------------------
-- Server version	8.0.30

/*!40101 SET @OLD_CHARACTER_SET_CLIENT=@@CHARACTER_SET_CLIENT */;
/*!40101 SET @OLD_CHARACTER_SET_RESULTS=@@CHARACTER_SET_RESULTS */;
/*!40101 SET @OLD_COLLATION_CONNECTION=@@COLLATION_CONNECTION */;
/*!50503 SET NAMES utf8 */;
/*!40103 SET @OLD_TIME_ZONE=@@TIME_ZONE */;
/*!40103 SET TIME_ZONE='+00:00' */;
/*!40014 SET @OLD_UNIQUE_CHECKS=@@UNIQUE_CHECKS, UNIQUE_CHECKS=0 */;
/*!40014 SET @OLD_FOREIGN_KEY_CHECKS=@@FOREIGN_KEY_CHECKS, FOREIGN_KEY_CHECKS=0 */;
/*!40101 SET @OLD_SQL_MODE=@@SQL_MODE, SQL_MODE='NO_AUTO_VALUE_ON_ZERO' */;
/*!40111 SET @OLD_SQL_NOTES=@@SQL_NOTES, SQL_NOTES=0 */;

--
-- Table structure for table `BATCH_JOB_EXECUTION`
--

DROP TABLE IF EXISTS `BATCH_JOB_EXECUTION`;
/*!40101 SET @saved_cs_client     = @@character_set_client */;
/*!50503 SET character_set_client = utf8mb4 */;
CREATE TABLE `BATCH_JOB_EXECUTION` (
  `JOB_EXECUTION_ID` bigint NOT NULL,
  `VERSION` bigint DEFAULT NULL,
  `JOB_INSTANCE_ID` bigint NOT NULL,
  `CREATE_TIME` datetime(6) NOT NULL,
  `START_TIME` datetime(6) DEFAULT NULL,
  `END_TIME` datetime(6) DEFAULT NULL,
  `STATUS` varchar(10) COLLATE utf8mb4_bin DEFAULT NULL,
  `EXIT_CODE` varchar(2500) COLLATE utf8mb4_bin DEFAULT NULL,
  `EXIT_MESSAGE` varchar(2500) COLLATE utf8mb4_bin DEFAULT NULL,
  `LAST_UPDATED` datetime(6) DEFAULT NULL,
  `JOB_CONFIGURATION_LOCATION` varchar(2500) COLLATE utf8mb4_bin DEFAULT NULL,
  PRIMARY KEY (`JOB_EXECUTION_ID`),
  KEY `JOB_INST_EXEC_FK` (`JOB_INSTANCE_ID`),
  CONSTRAINT `JOB_INST_EXEC_FK` FOREIGN KEY (`JOB_INSTANCE_ID`) REFERENCES `BATCH_JOB_INSTANCE` (`JOB_INSTANCE_ID`)
) ENGINE=InnoDB DEFAULT CHARSET=utf8mb4 COLLATE=utf8mb4_bin;
/*!40101 SET character_set_client = @saved_cs_client */;

--
-- Dumping data for table `BATCH_JOB_EXECUTION`
--

LOCK TABLES `BATCH_JOB_EXECUTION` WRITE;
/*!40000 ALTER TABLE `BATCH_JOB_EXECUTION` DISABLE KEYS */;
INSERT INTO `BATCH_JOB_EXECUTION` VALUES (1,2,1,'2022-08-02 13:08:47.611000','2022-08-02 13:08:47.680000','2022-08-02 13:08:48.156000','COMPLETED','COMPLETED','','2022-08-02 13:08:48.157000',NULL),(2,2,2,'2022-08-02 18:00:00.017000','2022-08-02 18:00:00.041000','2022-08-02 18:00:00.120000','COMPLETED','COMPLETED','','2022-08-02 18:00:00.120000',NULL),(3,2,1,'2022-08-03 02:50:54.517000','2022-08-03 02:50:54.588000','2022-08-03 02:50:54.656000','COMPLETED','NOOP','All steps already completed or no steps configured for this job.','2022-08-03 02:50:54.657000',NULL),(4,2,1,'2022-08-03 07:14:15.569000','2022-08-03 07:14:15.641000','2022-08-03 07:14:16.075000','COMPLETED','NOOP','All steps already completed or no steps configured for this job.','2022-08-03 07:14:16.076000',NULL),(5,2,3,'2022-08-04 03:00:00.017000','2022-08-04 03:00:00.035000','2022-08-04 03:00:00.189000','COMPLETED','COMPLETED','','2022-08-04 03:00:00.189000',NULL),(6,2,1,'2022-08-04 00:16:28.067000','2022-08-04 00:16:28.135000','2022-08-04 00:16:28.205000','COMPLETED','NOOP','All steps already completed or no steps configured for this job.','2022-08-04 00:16:28.497000',NULL),(7,2,1,'2022-08-04 04:19:33.485000','2022-08-04 04:19:33.560000','2022-08-04 04:19:33.628000','COMPLETED','NOOP','All steps already completed or no steps configured for this job.','2022-08-04 04:19:33.629000',NULL),(8,2,1,'2022-08-04 05:26:19.358000','2022-08-04 05:26:19.432000','2022-08-04 05:26:19.496000','COMPLETED','NOOP','All steps already completed or no steps configured for this job.','2022-08-04 05:26:19.497000',NULL),(9,2,1,'2022-08-04 12:24:00.120000','2022-08-04 12:24:00.191000','2022-08-04 12:24:00.259000','COMPLETED','NOOP','All steps already completed or no steps configured for this job.','2022-08-04 12:24:00.260000',NULL),(10,2,1,'2022-08-04 13:52:09.764000','2022-08-04 13:52:09.834000','2022-08-04 13:52:09.904000','COMPLETED','NOOP','All steps already completed or no steps configured for this job.','2022-08-04 13:52:09.905000',NULL),(11,2,4,'2022-08-05 03:00:00.021000','2022-08-05 03:00:00.041000','2022-08-05 03:00:00.229000','COMPLETED','COMPLETED','','2022-08-05 03:00:00.230000',NULL),(12,2,1,'2022-08-05 06:38:07.974000','2022-08-05 06:38:08.050000','2022-08-05 06:38:08.119000','COMPLETED','NOOP','All steps already completed or no steps configured for this job.','2022-08-05 06:38:08.119000',NULL),(13,2,5,'2022-08-06 03:00:00.017000','2022-08-06 03:00:00.033000','2022-08-06 03:00:00.181000','COMPLETED','COMPLETED','','2022-08-06 03:00:00.181000',NULL),(14,2,1,'2022-08-06 12:48:15.871000','2022-08-06 12:48:15.945000','2022-08-06 12:48:16.013000','COMPLETED','NOOP','All steps already completed or no steps configured for this job.','2022-08-06 12:48:16.014000',NULL),(15,2,1,'2022-08-06 13:05:51.216000','2022-08-06 13:05:51.293000','2022-08-06 13:05:51.365000','COMPLETED','NOOP','All steps already completed or no steps configured for this job.','2022-08-06 13:05:51.366000',NULL),(16,2,1,'2022-08-06 15:03:06.627000','2022-08-06 15:03:06.698000','2022-08-06 15:03:06.765000','COMPLETED','NOOP','All steps already completed or no steps configured for this job.','2022-08-06 15:03:06.766000',NULL),(17,2,1,'2022-08-06 15:55:01.255000','2022-08-06 15:55:01.329000','2022-08-06 15:55:01.402000','COMPLETED','NOOP','All steps already completed or no steps configured for this job.','2022-08-06 15:55:01.403000',NULL),(18,2,1,'2022-08-07 01:05:30.046000','2022-08-07 01:05:30.124000','2022-08-07 01:05:30.194000','COMPLETED','NOOP','All steps already completed or no steps configured for this job.','2022-08-07 01:05:30.195000',NULL),(19,2,6,'2022-08-07 03:00:00.016000','2022-08-07 03:00:00.037000','2022-08-07 03:00:00.208000','COMPLETED','COMPLETED','','2022-08-07 03:00:00.208000',NULL),(20,2,1,'2022-08-07 15:28:55.520000','2022-08-07 15:28:55.596000','2022-08-07 15:28:55.667000','COMPLETED','NOOP','All steps already completed or no steps configured for this job.','2022-08-07 15:28:55.668000',NULL),(21,2,7,'2022-08-08 03:00:00.016000','2022-08-08 03:00:00.035000','2022-08-08 03:00:00.191000','COMPLETED','COMPLETED','','2022-08-08 03:00:00.191000',NULL),(22,2,1,'2022-08-08 09:59:58.243000','2022-08-08 09:59:58.323000','2022-08-08 09:59:58.395000','COMPLETED','NOOP','All steps already completed or no steps configured for this job.','2022-08-08 09:59:58.396000',NULL),(23,2,1,'2022-08-08 11:08:06.417000','2022-08-08 11:08:06.491000','2022-08-08 11:08:06.565000','COMPLETED','NOOP','All steps already completed or no steps configured for this job.','2022-08-08 11:08:06.566000',NULL),(24,2,1,'2022-08-08 17:42:28.324000','2022-08-08 17:42:28.396000','2022-08-08 17:42:28.463000','COMPLETED','NOOP','All steps already completed or no steps configured for this job.','2022-08-08 17:42:28.463000',NULL),(25,2,8,'2022-08-08 17:42:28.491000','2022-08-08 17:42:28.504000','2022-08-08 17:42:28.618000','COMPLETED','COMPLETED','','2022-08-08 17:42:28.618000',NULL),(26,2,1,'2022-08-08 17:58:02.755000','2022-08-08 17:58:02.840000','2022-08-08 17:58:02.911000','COMPLETED','NOOP','All steps already completed or no steps configured for this job.','2022-08-08 17:58:02.912000',NULL),(27,2,8,'2022-08-08 17:58:02.944000','2022-08-08 17:58:02.959000','2022-08-08 17:58:02.983000','COMPLETED','NOOP','All steps already completed or no steps configured for this job.','2022-08-08 17:58:02.983000',NULL),(28,2,1,'2022-08-09 00:43:19.470000','2022-08-09 00:43:19.544000','2022-08-09 00:43:19.611000','COMPLETED','NOOP','All steps already completed or no steps configured for this job.','2022-08-09 00:43:19.612000',NULL),(29,2,8,'2022-08-09 00:43:19.643000','2022-08-09 00:43:19.661000','2022-08-09 00:43:19.678000','COMPLETED','NOOP','All steps already completed or no steps configured for this job.','2022-08-09 00:43:19.678000',NULL),(30,2,9,'2022-08-09 03:00:00.028000','2022-08-09 03:00:00.042000','2022-08-09 03:00:00.370000','COMPLETED','COMPLETED','','2022-08-09 03:00:00.370000',NULL),(31,2,1,'2022-08-09 10:04:11.899000','2022-08-09 10:04:11.972000','2022-08-09 10:04:12.044000','COMPLETED','NOOP','All steps already completed or no steps configured for this job.','2022-08-09 10:04:12.045000',NULL),(32,2,8,'2022-08-09 10:04:12.081000','2022-08-09 10:04:12.112000','2022-08-09 10:04:12.132000','COMPLETED','NOOP','All steps already completed or no steps configured for this job.','2022-08-09 10:04:12.133000',NULL),(33,2,1,'2022-08-09 10:26:36.297000','2022-08-09 10:26:36.397000','2022-08-09 10:26:36.498000','COMPLETED','NOOP','All steps already completed or no steps configured for this job.','2022-08-09 10:26:36.498000',NULL),(34,2,8,'2022-08-09 10:26:36.531000','2022-08-09 10:26:36.551000','2022-08-09 10:26:36.569000','COMPLETED','NOOP','All steps already completed or no steps configured for this job.','2022-08-09 10:26:36.570000',NULL),(35,2,1,'2022-08-09 21:17:53.318000','2022-08-09 21:17:53.393000','2022-08-09 21:17:53.462000','COMPLETED','NOOP','All steps already completed or no steps configured for this job.','2022-08-09 21:17:53.462000',NULL),(36,2,8,'2022-08-09 21:17:53.494000','2022-08-09 21:17:53.509000','2022-08-09 21:17:53.527000','COMPLETED','NOOP','All steps already completed or no steps configured for this job.','2022-08-09 21:17:53.528000',NULL),(37,2,10,'2022-08-10 03:00:00.017000','2022-08-10 03:00:00.034000','2022-08-10 03:00:00.196000','COMPLETED','COMPLETED','','2022-08-10 03:00:00.196000',NULL),(38,2,8,'2022-08-10 08:00:00.011000','2022-08-10 08:00:00.031000','2022-08-10 08:00:00.044000','COMPLETED','NOOP','All steps already completed or no steps configured for this job.','2022-08-10 08:00:00.045000',NULL),(39,2,11,'2022-08-10 21:59:43.411000','2022-08-10 21:59:43.490000','2022-08-10 21:59:43.726000','COMPLETED','COMPLETED','','2022-08-10 21:59:43.727000',NULL),(40,2,1,'2022-08-10 21:59:43.776000','2022-08-10 21:59:43.793000','2022-08-10 21:59:43.812000','COMPLETED','NOOP','All steps already completed or no steps configured for this job.','2022-08-10 21:59:43.813000',NULL),(41,2,8,'2022-08-10 21:59:43.851000','2022-08-10 21:59:43.865000','2022-08-10 21:59:43.883000','COMPLETED','NOOP','All steps already completed or no steps configured for this job.','2022-08-10 21:59:43.883000',NULL),(42,2,12,'2022-08-11 03:00:00.019000','2022-08-11 03:00:00.034000','2022-08-11 03:00:00.153000','COMPLETED','COMPLETED','','2022-08-11 03:00:00.154000',NULL),(43,2,13,'2022-08-11 04:00:00.016000','2022-08-11 04:00:00.036000','2022-08-11 04:00:00.098000','COMPLETED','COMPLETED','','2022-08-11 04:00:00.099000',NULL),(44,2,8,'2022-08-11 08:00:00.012000','2022-08-11 08:00:00.032000','2022-08-11 08:00:00.048000','COMPLETED','NOOP','All steps already completed or no steps configured for this job.','2022-08-11 08:00:00.048000',NULL),(45,2,11,'2022-08-11 16:52:23.286000','2022-08-11 16:52:23.386000','2022-08-11 16:52:23.509000','COMPLETED','NOOP','All steps already completed or no steps configured for this job.','2022-08-11 16:52:23.510000',NULL),(46,2,1,'2022-08-11 16:52:23.567000','2022-08-11 16:52:23.595000','2022-08-11 16:52:23.633000','COMPLETED','NOOP','All steps already completed or no steps configured for this job.','2022-08-11 16:52:23.634000',NULL),(47,2,8,'2022-08-11 16:52:23.677000','2022-08-11 16:52:23.695000','2022-08-11 16:52:23.716000','COMPLETED','NOOP','All steps already completed or no steps configured for this job.','2022-08-11 16:52:23.716000',NULL),(48,2,11,'2022-08-11 16:52:53.506000','2022-08-11 16:52:53.620000','2022-08-11 16:52:53.688000','COMPLETED','NOOP','All steps already completed or no steps configured for this job.','2022-08-11 16:52:53.689000',NULL),(49,2,1,'2022-08-11 16:52:53.731000','2022-08-11 16:52:53.746000','2022-08-11 16:52:53.763000','COMPLETED','NOOP','All steps already completed or no steps configured for this job.','2022-08-11 16:52:53.764000',NULL),(50,2,8,'2022-08-11 16:52:53.793000','2022-08-11 16:52:53.809000','2022-08-11 16:52:53.826000','COMPLETED','NOOP','All steps already completed or no steps configured for this job.','2022-08-11 16:52:53.827000',NULL),(51,2,11,'2022-08-12 01:23:11.140000','2022-08-12 01:23:11.221000','2022-08-12 01:23:11.293000','COMPLETED','NOOP','All steps already completed or no steps configured for this job.','2022-08-12 01:23:11.294000',NULL),(52,2,1,'2022-08-12 01:23:11.338000','2022-08-12 01:23:11.355000','2022-08-12 01:23:11.376000','COMPLETED','NOOP','All steps already completed or no steps configured for this job.','2022-08-12 01:23:11.376000',NULL),(53,2,8,'2022-08-12 01:23:11.410000','2022-08-12 01:23:11.430000','2022-08-12 01:23:11.468000','COMPLETED','NOOP','All steps already completed or no steps configured for this job.','2022-08-12 01:23:11.469000',NULL),(54,2,14,'2022-08-12 03:00:00.024000','2022-08-12 03:00:00.051000','2022-08-12 03:00:00.261000','FAILED','FAILED','org.springframework.dao.InvalidDataAccessApiUsageException: org.hibernate.hql.internal.QueryExecutionRequestException: Not supported for DML operations [UPDATE com.ssafy.gumid101.entity.UserEntity u SET u.point =u.point + :point where u.userSeq = :userSeq ]; nested exception is java.lang.IllegalStateException: org.hibernate.hql.internal.QueryExecutionRequestException: Not supported for DML operations [UPDATE com.ssafy.gumid101.entity.UserEntity u SET u.point =u.point + :point where u.userSeq = :userSeq ]\n	at org.springframework.orm.jpa.EntityManagerFactoryUtils.convertJpaAccessExceptionIfPossible(EntityManagerFactoryUtils.java:371)\n	at org.springframework.orm.jpa.vendor.HibernateJpaDialect.translateExceptionIfPossible(HibernateJpaDialect.java:235)\n	at org.springframework.orm.jpa.AbstractEntityManagerFactoryBean.translateExceptionIfPossible(AbstractEntityManagerFactoryBean.java:551)\n	at org.springframework.dao.support.ChainedPersistenceExceptionTranslator.translateExceptionIfPossible(ChainedPersistenceExceptionTranslator.java:61)\n	at org.springframework.dao.support.DataAccessUtils.translateIfNecessary(DataAccessUtils.java:242)\n	at org.springframework.dao.support.PersistenceExceptionTranslationInterceptor.invoke(PersistenceExceptionTranslationInterceptor.java:152)\n	at org.springframework.aop.framework.ReflectiveMethodInvocation.proceed(ReflectiveMethodInvocation.java:186)\n	at org.springframework.data.jpa.repository.support.CrudMethodMetadataPostProcessor$CrudMethodMetadataPopulatingMethodInterceptor.invoke(CrudMethodMetadataPostProcessor.java:145)\n	at org.springframework.aop.framework.ReflectiveMethodInvocation.proceed(ReflectiveMethodInvocation.java:186)\n	at org.springframework.aop.interceptor.ExposeInvocationInterceptor.invoke(ExposeInvocationInterceptor.java:97)\n	at org.springframework.aop.framework.ReflectiveMethodInvocation.proceed(ReflectiveMethodInvocation.java:186)\n	at org.springframework.aop.framework.JdkDynamicAopProxy.invoke(JdkDynamicAopProxy.java:215)\n	at com.sun.proxy.$Proxy159.updatePointAsBulk(Unknown Source)\n	at com.ssafy.gumid101.config.EndCrewBatchConfig$1.process(EndCrewBatchConfig.java:164)\n	at com.ssafy.gumid101.config.EndCrewBatchConfig$1.process(EndCrewBatchConfig.java:100)\n	at sun.reflect.NativeMethodAccessorImpl.invoke0(Native Method)\n	at sun.reflect.NativeMethodAccessorImpl.invoke(NativeMethodAccessorImpl.java:62)\n	at sun.reflect.DelegatingMethodAccessorImpl.invoke(DelegatingMethodAccessorImpl.java:43)\n	at java.lang.reflect.Method.','2022-08-12 03:00:00.262000',NULL),(55,2,15,'2022-08-12 04:00:00.017000','2022-08-12 04:00:00.034000','2022-08-12 04:00:00.107000','COMPLETED','COMPLETED','','2022-08-12 04:00:00.108000',NULL),(56,2,8,'2022-08-12 08:00:00.014000','2022-08-12 08:00:00.073000','2022-08-12 08:00:00.091000','COMPLETED','NOOP','All steps already completed or no steps configured for this job.','2022-08-12 08:00:00.091000',NULL),(57,2,11,'2022-08-12 10:20:51.575000','2022-08-12 10:20:51.649000','2022-08-12 10:20:51.732000','COMPLETED','NOOP','All steps already completed or no steps configured for this job.','2022-08-12 10:20:51.733000',NULL),(58,2,1,'2022-08-12 10:20:51.769000','2022-08-12 10:20:51.786000','2022-08-12 10:20:51.802000','COMPLETED','NOOP','All steps already completed or no steps configured for this job.','2022-08-12 10:20:51.803000',NULL),(59,2,8,'2022-08-12 10:20:51.831000','2022-08-12 10:20:51.859000','2022-08-12 10:20:51.878000','COMPLETED','NOOP','All steps already completed or no steps configured for this job.','2022-08-12 10:20:51.878000',NULL),(60,2,11,'2022-08-12 10:37:06.183000','2022-08-12 10:37:06.260000','2022-08-12 10:37:06.331000','COMPLETED','NOOP','All steps already completed or no steps configured for this job.','2022-08-12 10:37:06.332000',NULL),(61,2,1,'2022-08-12 10:37:06.367000','2022-08-12 10:37:06.399000','2022-08-12 10:37:06.419000','COMPLETED','NOOP','All steps already completed or no steps configured for this job.','2022-08-12 10:37:06.420000',NULL),(62,2,8,'2022-08-12 10:37:06.454000','2022-08-12 10:37:06.475000','2022-08-12 10:37:06.494000','COMPLETED','NOOP','All steps already completed or no steps configured for this job.','2022-08-12 10:37:06.494000',NULL),(63,2,16,'2022-08-12 10:41:49.465000','2022-08-12 10:41:49.481000','2022-08-12 10:41:49.830000','COMPLETED','COMPLETED','','2022-08-12 10:41:49.831000',NULL),(64,2,8,'2022-08-12 10:42:27.223000','2022-08-12 10:42:27.241000','2022-08-12 10:42:27.255000','COMPLETED','NOOP','All steps already completed or no steps configured for this job.','2022-08-12 10:42:27.255000',NULL),(65,2,8,'2022-08-12 10:42:48.762000','2022-08-12 10:42:48.778000','2022-08-12 10:42:48.792000','COMPLETED','NOOP','All steps already completed or no steps configured for this job.','2022-08-12 10:42:48.792000',NULL),(66,2,8,'2022-08-12 10:43:08.486000','2022-08-12 10:43:08.504000','2022-08-12 10:43:08.522000','COMPLETED','NOOP','All steps already completed or no steps configured for this job.','2022-08-12 10:43:08.522000',NULL),(67,2,8,'2022-08-12 10:43:17.845000','2022-08-12 10:43:17.862000','2022-08-12 10:43:17.874000','COMPLETED','NOOP','All steps already completed or no steps configured for this job.','2022-08-12 10:43:17.875000',NULL),(68,2,8,'2022-08-12 10:47:01.534000','2022-08-12 10:47:01.553000','2022-08-12 10:47:01.566000','COMPLETED','NOOP','All steps already completed or no steps configured for this job.','2022-08-12 10:47:01.566000',NULL),(69,2,11,'2022-08-12 13:59:12.260000','2022-08-12 13:59:12.334000','2022-08-12 13:59:12.406000','COMPLETED','NOOP','All steps already completed or no steps configured for this job.','2022-08-12 13:59:12.407000',NULL),(70,2,1,'2022-08-12 13:59:12.443000','2022-08-12 13:59:12.458000','2022-08-12 13:59:12.476000','COMPLETED','NOOP','All steps already completed or no steps configured for this job.','2022-08-12 13:59:12.477000',NULL),(71,2,8,'2022-08-12 13:59:12.508000','2022-08-12 13:59:12.525000','2022-08-12 13:59:13.751000','COMPLETED','COMPLETED','','2022-08-12 13:59:13.751000',NULL),(72,2,11,'2022-08-12 16:10:17.229000','2022-08-12 16:10:17.310000','2022-08-12 16:10:17.386000','COMPLETED','NOOP','All steps already completed or no steps configured for this job.','2022-08-12 16:10:17.387000',NULL),(73,2,1,'2022-08-12 16:10:17.425000','2022-08-12 16:10:17.444000','2022-08-12 16:10:17.464000','COMPLETED','NOOP','All steps already completed or no steps configured for this job.','2022-08-12 16:10:17.464000',NULL),(74,2,8,'2022-08-12 16:10:17.498000','2022-08-12 16:10:17.514000','2022-08-12 16:10:17.677000','COMPLETED','COMPLETED','','2022-08-12 16:10:17.677000',NULL),(75,2,11,'2022-08-12 17:24:07.569000','2022-08-12 17:24:07.649000','2022-08-12 17:24:07.721000','COMPLETED','NOOP','All steps already completed or no steps configured for this job.','2022-08-12 17:24:07.722000',NULL),(76,2,1,'2022-08-12 17:24:07.757000','2022-08-12 17:24:07.774000','2022-08-12 17:24:07.794000','COMPLETED','NOOP','All steps already completed or no steps configured for this job.','2022-08-12 17:24:07.795000',NULL),(77,2,8,'2022-08-12 17:24:07.827000','2022-08-12 17:24:07.843000','2022-08-12 17:24:07.963000','COMPLETED','COMPLETED','','2022-08-12 17:24:07.964000',NULL),(78,2,17,'2022-08-13 03:00:00.025000','2022-08-13 03:00:00.045000','2022-08-13 03:00:00.233000','COMPLETED','COMPLETED','','2022-08-13 03:00:00.234000',NULL),(79,2,18,'2022-08-13 04:00:00.015000','2022-08-13 04:00:00.031000','2022-08-13 04:00:00.099000','COMPLETED','COMPLETED','','2022-08-13 04:00:00.099000',NULL),(80,2,8,'2022-08-13 08:00:00.012000','2022-08-13 08:00:00.030000','2022-08-13 08:00:00.104000','COMPLETED','COMPLETED','','2022-08-13 08:00:00.104000',NULL),(81,2,11,'2022-08-13 15:46:51.690000','2022-08-13 15:46:51.761000','2022-08-13 15:46:51.829000','COMPLETED','NOOP','All steps already completed or no steps configured for this job.','2022-08-13 15:46:51.830000',NULL),(82,2,1,'2022-08-13 15:46:51.863000','2022-08-13 15:46:51.878000','2022-08-13 15:46:51.894000','COMPLETED','NOOP','All steps already completed or no steps configured for this job.','2022-08-13 15:46:51.895000',NULL),(83,2,8,'2022-08-13 15:46:51.925000','2022-08-13 15:46:51.940000','2022-08-13 15:46:52.056000','COMPLETED','COMPLETED','','2022-08-13 15:46:52.057000',NULL),(84,2,11,'2022-08-13 22:51:41.144000','2022-08-13 22:51:41.217000','2022-08-13 22:51:41.288000','COMPLETED','NOOP','All steps already completed or no steps configured for this job.','2022-08-13 22:51:41.289000',NULL),(85,2,1,'2022-08-13 22:51:41.327000','2022-08-13 22:51:41.345000','2022-08-13 22:51:41.364000','COMPLETED','NOOP','All steps already completed or no steps configured for this job.','2022-08-13 22:51:41.364000',NULL),(86,2,8,'2022-08-13 22:51:41.400000','2022-08-13 22:51:41.419000','2022-08-13 22:51:41.542000','COMPLETED','COMPLETED','','2022-08-13 22:51:41.543000',NULL),(87,2,19,'2022-08-14 03:00:00.015000','2022-08-14 03:00:00.030000','2022-08-14 03:00:00.320000','COMPLETED','COMPLETED','','2022-08-14 03:00:00.321000',NULL),(88,2,11,'2022-08-14 03:04:52.307000','2022-08-14 03:04:52.401000','2022-08-14 03:04:52.474000','COMPLETED','NOOP','All steps already completed or no steps configured for this job.','2022-08-14 03:04:52.475000',NULL),(89,2,1,'2022-08-14 03:04:52.513000','2022-08-14 03:04:52.525000','2022-08-14 03:04:52.544000','COMPLETED','NOOP','All steps already completed or no steps configured for this job.','2022-08-14 03:04:52.545000',NULL),(90,2,8,'2022-08-14 03:04:52.576000','2022-08-14 03:04:52.589000','2022-08-14 03:04:54.720000','COMPLETED','COMPLETED','','2022-08-14 03:04:54.720000',NULL),(91,2,20,'2022-08-14 04:00:00.023000','2022-08-14 04:00:00.043000','2022-08-14 04:00:00.189000','COMPLETED','COMPLETED','','2022-08-14 04:00:00.190000',NULL),(92,2,8,'2022-08-14 08:00:00.014000','2022-08-14 08:00:00.029000','2022-08-14 08:00:00.104000','COMPLETED','COMPLETED','','2022-08-14 08:00:00.104000',NULL),(93,2,11,'2022-08-14 19:07:50.622000','2022-08-14 19:07:50.696000','2022-08-14 19:07:50.767000','COMPLETED','NOOP','All steps already completed or no steps configured for this job.','2022-08-14 19:07:50.768000',NULL),(94,2,1,'2022-08-14 19:07:50.803000','2022-08-14 19:07:50.824000','2022-08-14 19:07:50.853000','COMPLETED','NOOP','All steps already completed or no steps configured for this job.','2022-08-14 19:07:50.853000',NULL),(95,2,8,'2022-08-14 19:07:50.885000','2022-08-14 19:07:50.908000','2022-08-14 19:07:51.023000','COMPLETED','COMPLETED','','2022-08-14 19:07:51.023000',NULL),(96,2,11,'2022-08-14 19:47:49.052000','2022-08-14 19:47:49.127000','2022-08-14 19:47:49.197000','COMPLETED','NOOP','All steps already completed or no steps configured for this job.','2022-08-14 19:47:49.198000',NULL),(97,2,1,'2022-08-14 19:47:49.235000','2022-08-14 19:47:49.253000','2022-08-14 19:47:49.273000','COMPLETED','NOOP','All steps already completed or no steps configured for this job.','2022-08-14 19:47:49.273000',NULL),(98,2,8,'2022-08-14 19:47:49.308000','2022-08-14 19:47:49.321000','2022-08-14 19:47:49.437000','COMPLETED','COMPLETED','','2022-08-14 19:47:49.438000',NULL),(99,2,11,'2022-08-15 02:23:15.580000','2022-08-15 02:23:15.661000','2022-08-15 02:23:15.737000','COMPLETED','NOOP','All steps already completed or no steps configured for this job.','2022-08-15 02:23:15.738000',NULL),(100,2,1,'2022-08-15 02:23:15.777000','2022-08-15 02:23:15.794000','2022-08-15 02:23:15.813000','COMPLETED','NOOP','All steps already completed or no steps configured for this job.','2022-08-15 02:23:15.813000',NULL),(101,2,8,'2022-08-15 02:23:15.848000','2022-08-15 02:23:15.865000','2022-08-15 02:23:15.999000','COMPLETED','COMPLETED','','2022-08-15 02:23:16.000000',NULL),(102,2,21,'2022-08-15 03:00:00.020000','2022-08-15 03:00:00.040000','2022-08-15 03:00:00.372000','COMPLETED','COMPLETED','','2022-08-15 03:00:00.373000',NULL),(103,2,22,'2022-08-15 04:00:00.025000','2022-08-15 04:00:00.045000','2022-08-15 04:00:00.129000','COMPLETED','COMPLETED','','2022-08-15 04:00:00.130000',NULL),(104,2,8,'2022-08-15 08:00:00.015000','2022-08-15 08:00:00.047000','2022-08-15 08:00:01.002000','COMPLETED','COMPLETED','','2022-08-15 08:00:01.002000',NULL),(105,2,11,'2022-08-15 23:38:49.040000','2022-08-15 23:38:49.118000','2022-08-15 23:38:49.191000','COMPLETED','NOOP','All steps already completed or no steps configured for this job.','2022-08-15 23:38:49.192000',NULL),(106,2,1,'2022-08-15 23:38:49.229000','2022-08-15 23:38:49.257000','2022-08-15 23:38:49.289000','COMPLETED','NOOP','All steps already completed or no steps configured for this job.','2022-08-15 23:38:49.289000',NULL),(107,2,8,'2022-08-15 23:38:49.329000','2022-08-15 23:38:49.356000','2022-08-15 23:38:49.478000','COMPLETED','COMPLETED','','2022-08-15 23:38:49.479000',NULL),(108,2,23,'2022-08-16 03:00:00.016000','2022-08-16 03:00:00.030000','2022-08-16 03:00:00.168000','COMPLETED','COMPLETED','','2022-08-16 03:00:00.169000',NULL),(109,2,24,'2022-08-16 04:00:00.016000','2022-08-16 04:00:00.035000','2022-08-16 04:00:00.107000','COMPLETED','COMPLETED','','2022-08-16 04:00:00.108000',NULL),(110,2,8,'2022-08-16 08:00:00.013000','2022-08-16 08:00:00.040000','2022-08-16 08:00:00.112000','COMPLETED','COMPLETED','','2022-08-16 08:00:00.112000',NULL),(111,2,11,'2022-08-16 10:44:50.896000','2022-08-16 10:44:50.982000','2022-08-16 10:44:51.053000','COMPLETED','NOOP','All steps already completed or no steps configured for this job.','2022-08-16 10:44:51.054000',NULL),(112,2,1,'2022-08-16 10:44:51.092000','2022-08-16 10:44:51.109000','2022-08-16 10:44:51.128000','COMPLETED','NOOP','All steps already completed or no steps configured for this job.','2022-08-16 10:44:51.128000',NULL),(113,2,8,'2022-08-16 10:44:51.160000','2022-08-16 10:44:51.174000','2022-08-16 10:44:51.292000','COMPLETED','COMPLETED','','2022-08-16 10:44:51.292000',NULL),(114,2,11,'2022-08-16 11:51:04.342000','2022-08-16 11:51:04.418000','2022-08-16 11:51:04.491000','COMPLETED','NOOP','All steps already completed or no steps configured for this job.','2022-08-16 11:51:04.492000',NULL),(115,2,1,'2022-08-16 11:51:04.529000','2022-08-16 11:51:04.546000','2022-08-16 11:51:04.564000','COMPLETED','NOOP','All steps already completed or no steps configured for this job.','2022-08-16 11:51:04.564000',NULL),(116,2,8,'2022-08-16 11:51:04.601000','2022-08-16 11:51:04.622000','2022-08-16 11:51:04.754000','COMPLETED','COMPLETED','','2022-08-16 11:51:04.755000',NULL),(117,2,11,'2022-08-16 15:00:16.536000','2022-08-16 15:00:16.671000','2022-08-16 15:00:16.908000','COMPLETED','NOOP','All steps already completed or no steps configured for this job.','2022-08-16 15:00:16.914000',NULL),(118,2,1,'2022-08-16 15:00:16.981000','2022-08-16 15:00:17.011000','2022-08-16 15:00:17.052000','COMPLETED','NOOP','All steps already completed or no steps configured for this job.','2022-08-16 15:00:17.054000',NULL),(119,2,8,'2022-08-16 15:00:17.131000','2022-08-16 15:00:17.167000','2022-08-16 15:00:17.383000','COMPLETED','COMPLETED','','2022-08-16 15:00:17.383000',NULL),(120,2,11,'2022-08-16 15:12:54.691000','2022-08-16 15:12:54.767000','2022-08-16 15:12:54.837000','COMPLETED','NOOP','All steps already completed or no steps configured for this job.','2022-08-16 15:12:54.837000',NULL),(121,2,1,'2022-08-16 15:12:54.879000','2022-08-16 15:12:54.899000','2022-08-16 15:12:54.917000','COMPLETED','NOOP','All steps already completed or no steps configured for this job.','2022-08-16 15:12:54.918000',NULL),(122,2,8,'2022-08-16 15:12:54.955000','2022-08-16 15:12:54.970000','2022-08-16 15:12:55.087000','COMPLETED','COMPLETED','','2022-08-16 15:12:55.088000',NULL),(123,2,11,'2022-08-16 15:51:25.075000','2022-08-16 15:51:25.181000','2022-08-16 15:51:25.273000','COMPLETED','NOOP','All steps already completed or no steps configured for this job.','2022-08-16 15:51:25.275000',NULL),(124,2,1,'2022-08-16 15:51:25.340000','2022-08-16 15:51:25.358000','2022-08-16 15:51:25.380000','COMPLETED','NOOP','All steps already completed or no steps configured for this job.','2022-08-16 15:51:25.381000',NULL),(125,2,8,'2022-08-16 15:51:25.434000','2022-08-16 15:51:25.454000','2022-08-16 15:51:25.603000','COMPLETED','COMPLETED','','2022-08-16 15:51:25.604000',NULL),(126,2,11,'2022-08-16 15:56:35.420000','2022-08-16 15:56:35.498000','2022-08-16 15:56:35.570000','COMPLETED','NOOP','All steps already completed or no steps configured for this job.','2022-08-16 15:56:35.571000',NULL),(127,2,1,'2022-08-16 15:56:35.608000','2022-08-16 15:56:35.623000','2022-08-16 15:56:35.643000','COMPLETED','NOOP','All steps already completed or no steps configured for this job.','2022-08-16 15:56:35.643000',NULL),(128,2,8,'2022-08-16 15:56:35.676000','2022-08-16 15:56:35.689000','2022-08-16 15:56:35.816000','COMPLETED','COMPLETED','','2022-08-16 15:56:35.817000',NULL),(129,2,11,'2022-08-16 16:02:34.651000','2022-08-16 16:02:34.728000','2022-08-16 16:02:34.799000','COMPLETED','NOOP','All steps already completed or no steps configured for this job.','2022-08-16 16:02:34.800000',NULL),(130,2,1,'2022-08-16 16:02:34.853000','2022-08-16 16:02:34.869000','2022-08-16 16:02:34.887000','COMPLETED','NOOP','All steps already completed or no steps configured for this job.','2022-08-16 16:02:34.888000',NULL),(131,2,8,'2022-08-16 16:02:34.930000','2022-08-16 16:02:34.945000','2022-08-16 16:02:35.070000','COMPLETED','COMPLETED','','2022-08-16 16:02:35.070000',NULL),(132,2,25,'2022-08-17 03:00:00.029000','2022-08-17 03:00:00.047000','2022-08-17 03:00:00.192000','COMPLETED','COMPLETED','','2022-08-17 03:00:00.193000',NULL),(133,2,26,'2022-08-17 04:00:00.022000','2022-08-17 04:00:00.040000','2022-08-17 04:00:00.112000','COMPLETED','COMPLETED','','2022-08-17 04:00:00.112000',NULL),(134,2,8,'2022-08-17 08:00:00.013000','2022-08-17 08:00:00.031000','2022-08-17 08:00:00.109000','COMPLETED','COMPLETED','','2022-08-17 08:00:00.109000',NULL),(135,2,11,'2022-08-17 10:53:13.753000','2022-08-17 10:53:13.830000','2022-08-17 10:53:13.906000','COMPLETED','NOOP','All steps already completed or no steps configured for this job.','2022-08-17 10:53:13.906000',NULL),(136,2,1,'2022-08-17 10:53:13.944000','2022-08-17 10:53:13.962000','2022-08-17 10:53:13.983000','COMPLETED','NOOP','All steps already completed or no steps configured for this job.','2022-08-17 10:53:13.983000',NULL),(137,2,8,'2022-08-17 10:53:14.021000','2022-08-17 10:53:14.039000','2022-08-17 10:53:14.159000','COMPLETED','COMPLETED','','2022-08-17 10:53:14.161000',NULL),(138,2,11,'2022-08-17 15:52:33.404000','2022-08-17 15:52:33.480000','2022-08-17 15:52:33.554000','COMPLETED','NOOP','All steps already completed or no steps configured for this job.','2022-08-17 15:52:33.554000',NULL),(139,2,1,'2022-08-17 15:52:33.590000','2022-08-17 15:52:33.609000','2022-08-17 15:52:33.627000','COMPLETED','NOOP','All steps already completed or no steps configured for this job.','2022-08-17 15:52:33.628000',NULL),(140,2,8,'2022-08-17 15:52:33.661000','2022-08-17 15:52:33.677000','2022-08-17 15:52:33.796000','COMPLETED','COMPLETED','','2022-08-17 15:52:33.796000',NULL),(141,2,27,'2022-08-18 03:00:00.016000','2022-08-18 03:00:00.030000','2022-08-18 03:00:00.220000','COMPLETED','COMPLETED','','2022-08-18 03:00:00.221000',NULL),(142,2,28,'2022-08-18 04:00:00.017000','2022-08-18 04:00:00.037000','2022-08-18 04:00:00.106000','COMPLETED','COMPLETED','','2022-08-18 04:00:00.107000',NULL),(143,2,8,'2022-08-18 08:00:00.013000','2022-08-18 08:00:00.035000','2022-08-18 08:00:00.741000','COMPLETED','COMPLETED','','2022-08-18 08:00:00.741000',NULL);
/*!40000 ALTER TABLE `BATCH_JOB_EXECUTION` ENABLE KEYS */;
UNLOCK TABLES;

--
-- Table structure for table `BATCH_JOB_EXECUTION_CONTEXT`
--

DROP TABLE IF EXISTS `BATCH_JOB_EXECUTION_CONTEXT`;
/*!40101 SET @saved_cs_client     = @@character_set_client */;
/*!50503 SET character_set_client = utf8mb4 */;
CREATE TABLE `BATCH_JOB_EXECUTION_CONTEXT` (
  `JOB_EXECUTION_ID` bigint NOT NULL,
  `SHORT_CONTEXT` varchar(2500) COLLATE utf8mb4_bin NOT NULL,
  `SERIALIZED_CONTEXT` text COLLATE utf8mb4_bin,
  PRIMARY KEY (`JOB_EXECUTION_ID`),
  CONSTRAINT `JOB_EXEC_CTX_FK` FOREIGN KEY (`JOB_EXECUTION_ID`) REFERENCES `BATCH_JOB_EXECUTION` (`JOB_EXECUTION_ID`)
) ENGINE=InnoDB DEFAULT CHARSET=utf8mb4 COLLATE=utf8mb4_bin;
/*!40101 SET character_set_client = @saved_cs_client */;

--
-- Dumping data for table `BATCH_JOB_EXECUTION_CONTEXT`
--

LOCK TABLES `BATCH_JOB_EXECUTION_CONTEXT` WRITE;
/*!40000 ALTER TABLE `BATCH_JOB_EXECUTION_CONTEXT` DISABLE KEYS */;
INSERT INTO `BATCH_JOB_EXECUTION_CONTEXT` VALUES (1,'{\"@class\":\"java.util.HashMap\"}',NULL),(2,'{\"@class\":\"java.util.HashMap\"}',NULL),(3,'{\"@class\":\"java.util.HashMap\"}',NULL),(4,'{\"@class\":\"java.util.HashMap\"}',NULL),(5,'{\"@class\":\"java.util.HashMap\"}',NULL),(6,'{\"@class\":\"java.util.HashMap\"}',NULL),(7,'{\"@class\":\"java.util.HashMap\"}',NULL),(8,'{\"@class\":\"java.util.HashMap\"}',NULL),(9,'{\"@class\":\"java.util.HashMap\"}',NULL),(10,'{\"@class\":\"java.util.HashMap\"}',NULL),(11,'{\"@class\":\"java.util.HashMap\"}',NULL),(12,'{\"@class\":\"java.util.HashMap\"}',NULL),(13,'{\"@class\":\"java.util.HashMap\"}',NULL),(14,'{\"@class\":\"java.util.HashMap\"}',NULL),(15,'{\"@class\":\"java.util.HashMap\"}',NULL),(16,'{\"@class\":\"java.util.HashMap\"}',NULL),(17,'{\"@class\":\"java.util.HashMap\"}',NULL),(18,'{\"@class\":\"java.util.HashMap\"}',NULL),(19,'{\"@class\":\"java.util.HashMap\"}',NULL),(20,'{\"@class\":\"java.util.HashMap\"}',NULL),(21,'{\"@class\":\"java.util.HashMap\"}',NULL),(22,'{\"@class\":\"java.util.HashMap\"}',NULL),(23,'{\"@class\":\"java.util.HashMap\"}',NULL),(24,'{\"@class\":\"java.util.HashMap\"}',NULL),(25,'{\"@class\":\"java.util.HashMap\"}',NULL),(26,'{\"@class\":\"java.util.HashMap\"}',NULL),(27,'{\"@class\":\"java.util.HashMap\"}',NULL),(28,'{\"@class\":\"java.util.HashMap\"}',NULL),(29,'{\"@class\":\"java.util.HashMap\"}',NULL),(30,'{\"@class\":\"java.util.HashMap\"}',NULL),(31,'{\"@class\":\"java.util.HashMap\"}',NULL),(32,'{\"@class\":\"java.util.HashMap\"}',NULL),(33,'{\"@class\":\"java.util.HashMap\"}',NULL),(34,'{\"@class\":\"java.util.HashMap\"}',NULL),(35,'{\"@class\":\"java.util.HashMap\"}',NULL),(36,'{\"@class\":\"java.util.HashMap\"}',NULL),(37,'{\"@class\":\"java.util.HashMap\"}',NULL),(38,'{\"@class\":\"java.util.HashMap\"}',NULL),(39,'{\"@class\":\"java.util.HashMap\"}',NULL),(40,'{\"@class\":\"java.util.HashMap\"}',NULL),(41,'{\"@class\":\"java.util.HashMap\"}',NULL),(42,'{\"@class\":\"java.util.HashMap\"}',NULL),(43,'{\"@class\":\"java.util.HashMap\"}',NULL),(44,'{\"@class\":\"java.util.HashMap\"}',NULL),(45,'{\"@class\":\"java.util.HashMap\"}',NULL),(46,'{\"@class\":\"java.util.HashMap\"}',NULL),(47,'{\"@class\":\"java.util.HashMap\"}',NULL),(48,'{\"@class\":\"java.util.HashMap\"}',NULL),(49,'{\"@class\":\"java.util.HashMap\"}',NULL),(50,'{\"@class\":\"java.util.HashMap\"}',NULL),(51,'{\"@class\":\"java.util.HashMap\"}',NULL),(52,'{\"@class\":\"java.util.HashMap\"}',NULL),(53,'{\"@class\":\"java.util.HashMap\"}',NULL),(54,'{\"@class\":\"java.util.HashMap\"}',NULL),(55,'{\"@class\":\"java.util.HashMap\"}',NULL),(56,'{\"@class\":\"java.util.HashMap\"}',NULL),(57,'{\"@class\":\"java.util.HashMap\"}',NULL),(58,'{\"@class\":\"java.util.HashMap\"}',NULL),(59,'{\"@class\":\"java.util.HashMap\"}',NULL),(60,'{\"@class\":\"java.util.HashMap\"}',NULL),(61,'{\"@class\":\"java.util.HashMap\"}',NULL),(62,'{\"@class\":\"java.util.HashMap\"}',NULL),(63,'{\"@class\":\"java.util.HashMap\"}',NULL),(64,'{\"@class\":\"java.util.HashMap\"}',NULL),(65,'{\"@class\":\"java.util.HashMap\"}',NULL),(66,'{\"@class\":\"java.util.HashMap\"}',NULL),(67,'{\"@class\":\"java.util.HashMap\"}',NULL),(68,'{\"@class\":\"java.util.HashMap\"}',NULL),(69,'{\"@class\":\"java.util.HashMap\"}',NULL),(70,'{\"@class\":\"java.util.HashMap\"}',NULL),(71,'{\"@class\":\"java.util.HashMap\"}',NULL),(72,'{\"@class\":\"java.util.HashMap\"}',NULL),(73,'{\"@class\":\"java.util.HashMap\"}',NULL),(74,'{\"@class\":\"java.util.HashMap\"}',NULL),(75,'{\"@class\":\"java.util.HashMap\"}',NULL),(76,'{\"@class\":\"java.util.HashMap\"}',NULL),(77,'{\"@class\":\"java.util.HashMap\"}',NULL),(78,'{\"@class\":\"java.util.HashMap\"}',NULL),(79,'{\"@class\":\"java.util.HashMap\"}',NULL),(80,'{\"@class\":\"java.util.HashMap\"}',NULL),(81,'{\"@class\":\"java.util.HashMap\"}',NULL),(82,'{\"@class\":\"java.util.HashMap\"}',NULL),(83,'{\"@class\":\"java.util.HashMap\"}',NULL),(84,'{\"@class\":\"java.util.HashMap\"}',NULL),(85,'{\"@class\":\"java.util.HashMap\"}',NULL),(86,'{\"@class\":\"java.util.HashMap\"}',NULL),(87,'{\"@class\":\"java.util.HashMap\"}',NULL),(88,'{\"@class\":\"java.util.HashMap\"}',NULL),(89,'{\"@class\":\"java.util.HashMap\"}',NULL),(90,'{\"@class\":\"java.util.HashMap\"}',NULL),(91,'{\"@class\":\"java.util.HashMap\"}',NULL),(92,'{\"@class\":\"java.util.HashMap\"}',NULL),(93,'{\"@class\":\"java.util.HashMap\"}',NULL),(94,'{\"@class\":\"java.util.HashMap\"}',NULL),(95,'{\"@class\":\"java.util.HashMap\"}',NULL),(96,'{\"@class\":\"java.util.HashMap\"}',NULL),(97,'{\"@class\":\"java.util.HashMap\"}',NULL),(98,'{\"@class\":\"java.util.HashMap\"}',NULL),(99,'{\"@class\":\"java.util.HashMap\"}',NULL),(100,'{\"@class\":\"java.util.HashMap\"}',NULL),(101,'{\"@class\":\"java.util.HashMap\"}',NULL),(102,'{\"@class\":\"java.util.HashMap\"}',NULL),(103,'{\"@class\":\"java.util.HashMap\"}',NULL),(104,'{\"@class\":\"java.util.HashMap\"}',NULL),(105,'{\"@class\":\"java.util.HashMap\"}',NULL),(106,'{\"@class\":\"java.util.HashMap\"}',NULL),(107,'{\"@class\":\"java.util.HashMap\"}',NULL),(108,'{\"@class\":\"java.util.HashMap\"}',NULL),(109,'{\"@class\":\"java.util.HashMap\"}',NULL),(110,'{\"@class\":\"java.util.HashMap\"}',NULL),(111,'{\"@class\":\"java.util.HashMap\"}',NULL),(112,'{\"@class\":\"java.util.HashMap\"}',NULL),(113,'{\"@class\":\"java.util.HashMap\"}',NULL),(114,'{\"@class\":\"java.util.HashMap\"}',NULL),(115,'{\"@class\":\"java.util.HashMap\"}',NULL),(116,'{\"@class\":\"java.util.HashMap\"}',NULL),(117,'{\"@class\":\"java.util.HashMap\"}',NULL),(118,'{\"@class\":\"java.util.HashMap\"}',NULL),(119,'{\"@class\":\"java.util.HashMap\"}',NULL),(120,'{\"@class\":\"java.util.HashMap\"}',NULL),(121,'{\"@class\":\"java.util.HashMap\"}',NULL),(122,'{\"@class\":\"java.util.HashMap\"}',NULL),(123,'{\"@class\":\"java.util.HashMap\"}',NULL),(124,'{\"@class\":\"java.util.HashMap\"}',NULL),(125,'{\"@class\":\"java.util.HashMap\"}',NULL),(126,'{\"@class\":\"java.util.HashMap\"}',NULL),(127,'{\"@class\":\"java.util.HashMap\"}',NULL),(128,'{\"@class\":\"java.util.HashMap\"}',NULL),(129,'{\"@class\":\"java.util.HashMap\"}',NULL),(130,'{\"@class\":\"java.util.HashMap\"}',NULL),(131,'{\"@class\":\"java.util.HashMap\"}',NULL),(132,'{\"@class\":\"java.util.HashMap\"}',NULL),(133,'{\"@class\":\"java.util.HashMap\"}',NULL),(134,'{\"@class\":\"java.util.HashMap\"}',NULL),(135,'{\"@class\":\"java.util.HashMap\"}',NULL),(136,'{\"@class\":\"java.util.HashMap\"}',NULL),(137,'{\"@class\":\"java.util.HashMap\"}',NULL),(138,'{\"@class\":\"java.util.HashMap\"}',NULL),(139,'{\"@class\":\"java.util.HashMap\"}',NULL),(140,'{\"@class\":\"java.util.HashMap\"}',NULL),(141,'{\"@class\":\"java.util.HashMap\"}',NULL),(142,'{\"@class\":\"java.util.HashMap\"}',NULL),(143,'{\"@class\":\"java.util.HashMap\"}',NULL);
/*!40000 ALTER TABLE `BATCH_JOB_EXECUTION_CONTEXT` ENABLE KEYS */;
UNLOCK TABLES;

--
-- Table structure for table `BATCH_JOB_EXECUTION_PARAMS`
--

DROP TABLE IF EXISTS `BATCH_JOB_EXECUTION_PARAMS`;
/*!40101 SET @saved_cs_client     = @@character_set_client */;
/*!50503 SET character_set_client = utf8mb4 */;
CREATE TABLE `BATCH_JOB_EXECUTION_PARAMS` (
  `JOB_EXECUTION_ID` bigint NOT NULL,
  `TYPE_CD` varchar(6) COLLATE utf8mb4_bin NOT NULL,
  `KEY_NAME` varchar(100) COLLATE utf8mb4_bin NOT NULL,
  `STRING_VAL` varchar(250) COLLATE utf8mb4_bin DEFAULT NULL,
  `DATE_VAL` datetime(6) DEFAULT NULL,
  `LONG_VAL` bigint DEFAULT NULL,
  `DOUBLE_VAL` double DEFAULT NULL,
  `IDENTIFYING` char(1) COLLATE utf8mb4_bin NOT NULL,
  KEY `JOB_EXEC_PARAMS_FK` (`JOB_EXECUTION_ID`),
  CONSTRAINT `JOB_EXEC_PARAMS_FK` FOREIGN KEY (`JOB_EXECUTION_ID`) REFERENCES `BATCH_JOB_EXECUTION` (`JOB_EXECUTION_ID`)
) ENGINE=InnoDB DEFAULT CHARSET=utf8mb4 COLLATE=utf8mb4_bin;
/*!40101 SET character_set_client = @saved_cs_client */;

--
-- Dumping data for table `BATCH_JOB_EXECUTION_PARAMS`
--

LOCK TABLES `BATCH_JOB_EXECUTION_PARAMS` WRITE;
/*!40000 ALTER TABLE `BATCH_JOB_EXECUTION_PARAMS` DISABLE KEYS */;
INSERT INTO `BATCH_JOB_EXECUTION_PARAMS` VALUES (2,'STRING','requestDate','2022-08-03T03:00:00.001','1970-01-01 00:00:00.000000',0,0,'Y'),(5,'STRING','requestDate','2022-08-04T03:00:00.001','1970-01-01 09:00:00.000000',0,0,'Y'),(11,'STRING','requestDate','2022-08-05T03:00:00.001','1970-01-01 09:00:00.000000',0,0,'Y'),(13,'STRING','requestDate','2022-08-06T03:00','1970-01-01 09:00:00.000000',0,0,'Y'),(19,'STRING','requestDate','2022-08-07T03:00:00.001','1970-01-01 09:00:00.000000',0,0,'Y'),(21,'STRING','requestDate','2022-08-08T03:00','1970-01-01 09:00:00.000000',0,0,'Y'),(30,'STRING','requestDate','2022-08-09T03:00:00.001','1970-01-01 09:00:00.000000',0,0,'Y'),(37,'STRING','requestDate','2022-08-10T03:00:00.001','1970-01-01 09:00:00.000000',0,0,'Y'),(42,'STRING','requestDate','2022-08-11T03:00:00.001','1970-01-01 09:00:00.000000',0,0,'Y'),(43,'STRING','requestDate','2022-08-11T04:00:00.001','1970-01-01 09:00:00.000000',0,0,'Y'),(54,'STRING','requestDate','2022-08-12T03:00:00.001','1970-01-01 09:00:00.000000',0,0,'Y'),(55,'STRING','requestDate','2022-08-12T04:00:00.001','1970-01-01 09:00:00.000000',0,0,'Y'),(63,'STRING','requestDate','2022-08-12T10:41:49.449','1970-01-01 09:00:00.000000',0,0,'Y'),(78,'STRING','requestDate','2022-08-13T03:00:00.001','1970-01-01 09:00:00.000000',0,0,'Y'),(79,'STRING','requestDate','2022-08-13T04:00','1970-01-01 09:00:00.000000',0,0,'Y'),(87,'STRING','requestDate','2022-08-14T03:00:00.001','1970-01-01 09:00:00.000000',0,0,'Y'),(91,'STRING','requestDate','2022-08-14T04:00:00.001','1970-01-01 09:00:00.000000',0,0,'Y'),(102,'STRING','requestDate','2022-08-15T03:00:00.001','1970-01-01 09:00:00.000000',0,0,'Y'),(103,'STRING','requestDate','2022-08-15T04:00','1970-01-01 09:00:00.000000',0,0,'Y'),(108,'STRING','requestDate','2022-08-16T03:00:00.001','1970-01-01 09:00:00.000000',0,0,'Y'),(109,'STRING','requestDate','2022-08-16T04:00','1970-01-01 09:00:00.000000',0,0,'Y'),(132,'STRING','requestDate','2022-08-17T03:00:00.001','1970-01-01 09:00:00.000000',0,0,'Y'),(133,'STRING','requestDate','2022-08-17T04:00:00.001','1970-01-01 09:00:00.000000',0,0,'Y'),(141,'STRING','requestDate','2022-08-18T03:00','1970-01-01 09:00:00.000000',0,0,'Y'),(142,'STRING','requestDate','2022-08-18T04:00','1970-01-01 09:00:00.000000',0,0,'Y');
/*!40000 ALTER TABLE `BATCH_JOB_EXECUTION_PARAMS` ENABLE KEYS */;
UNLOCK TABLES;

--
-- Table structure for table `BATCH_JOB_EXECUTION_SEQ`
--

DROP TABLE IF EXISTS `BATCH_JOB_EXECUTION_SEQ`;
/*!40101 SET @saved_cs_client     = @@character_set_client */;
/*!50503 SET character_set_client = utf8mb4 */;
CREATE TABLE `BATCH_JOB_EXECUTION_SEQ` (
  `ID` bigint NOT NULL,
  `UNIQUE_KEY` char(1) COLLATE utf8mb4_bin NOT NULL,
  UNIQUE KEY `UNIQUE_KEY_UN` (`UNIQUE_KEY`)
) ENGINE=InnoDB DEFAULT CHARSET=utf8mb4 COLLATE=utf8mb4_bin;
/*!40101 SET character_set_client = @saved_cs_client */;

--
-- Dumping data for table `BATCH_JOB_EXECUTION_SEQ`
--

LOCK TABLES `BATCH_JOB_EXECUTION_SEQ` WRITE;
/*!40000 ALTER TABLE `BATCH_JOB_EXECUTION_SEQ` DISABLE KEYS */;
INSERT INTO `BATCH_JOB_EXECUTION_SEQ` VALUES (143,'0');
/*!40000 ALTER TABLE `BATCH_JOB_EXECUTION_SEQ` ENABLE KEYS */;
UNLOCK TABLES;

--
-- Table structure for table `BATCH_JOB_INSTANCE`
--

DROP TABLE IF EXISTS `BATCH_JOB_INSTANCE`;
/*!40101 SET @saved_cs_client     = @@character_set_client */;
/*!50503 SET character_set_client = utf8mb4 */;
CREATE TABLE `BATCH_JOB_INSTANCE` (
  `JOB_INSTANCE_ID` bigint NOT NULL,
  `VERSION` bigint DEFAULT NULL,
  `JOB_NAME` varchar(100) COLLATE utf8mb4_bin NOT NULL,
  `JOB_KEY` varchar(32) COLLATE utf8mb4_bin NOT NULL,
  PRIMARY KEY (`JOB_INSTANCE_ID`),
  UNIQUE KEY `JOB_INST_UN` (`JOB_NAME`,`JOB_KEY`)
) ENGINE=InnoDB DEFAULT CHARSET=utf8mb4 COLLATE=utf8mb4_bin;
/*!40101 SET character_set_client = @saved_cs_client */;

--
-- Dumping data for table `BATCH_JOB_INSTANCE`
--

LOCK TABLES `BATCH_JOB_INSTANCE` WRITE;
/*!40000 ALTER TABLE `BATCH_JOB_INSTANCE` DISABLE KEYS */;
INSERT INTO `BATCH_JOB_INSTANCE` VALUES (1,0,'crewEndJop','d41d8cd98f00b204e9800998ecf8427e'),(2,0,'crewEndJop','b5ca294e41473db047c961bed19239d0'),(3,0,'crewEndJop','4483455fb4ee7f0e063ea2be794e457a'),(4,0,'crewEndJop','645915d47a2f8f94d80984dfafda72ed'),(5,0,'crewEndJop','f8e686b602f04d52748d1176ae0df307'),(6,0,'crewEndJop','0af402a11d0405089e8de95d0eaf914b'),(7,0,'crewEndJop','9a4f5b80588cb376129395e94744f78e'),(8,0,'notificationJop','d41d8cd98f00b204e9800998ecf8427e'),(9,0,'crewEndJop','ca6289dcfab846fe41b119ef5de680ba'),(10,0,'crewEndJop','d4bf681b7b7ee2483ab61cee5e18cbbe'),(11,0,'competitionEndJop','d41d8cd98f00b204e9800998ecf8427e'),(12,0,'crewEndJop','4b099aa348ed15638a9f70e1024084f5'),(13,0,'competitionEndJop','507dab99c3bc6f3a2b7f883289d98c4e'),(14,0,'crewEndJop','14687ee0b792225d7a59a0b5d8c75a77'),(15,0,'competitionEndJop','0472bb363a0de27a078dfc125bd20c4f'),(16,0,'crewEndJop','6fb92b41ca29cace351582649c9f8687'),(17,0,'crewEndJop','61bc2a27445ab79ae4659272633dc47d'),(18,0,'competitionEndJop','26fff8a86bdee041709a787e6f790f87'),(19,0,'crewEndJop','c27e3718204992c1a9e9ecaf88a2c2aa'),(20,0,'competitionEndJop','ccc8b8cd5b4bb9092c6705e917b51eb8'),(21,0,'crewEndJop','d38b983fda00203fb7ccffd668e23abe'),(22,0,'competitionEndJop','c892f36dd2e687e36866ad371ab2ba14'),(23,0,'crewEndJop','bf96fce1c2afd2b0478891d0c5c7e855'),(24,0,'competitionEndJop','fac40072d3808cb906ccf59e5f6505d4'),(25,0,'crewEndJop','b137ca8085793e8a992d998714890d2e'),(26,0,'competitionEndJop','3166509d8eba112fe11111057696acaf'),(27,0,'crewEndJop','6e071396c5ce01e72c9e9a0eb75651c7'),(28,0,'competitionEndJop','f584ad2b4750b998bc1769b660c0e906');
/*!40000 ALTER TABLE `BATCH_JOB_INSTANCE` ENABLE KEYS */;
UNLOCK TABLES;

--
-- Table structure for table `BATCH_JOB_SEQ`
--

DROP TABLE IF EXISTS `BATCH_JOB_SEQ`;
/*!40101 SET @saved_cs_client     = @@character_set_client */;
/*!50503 SET character_set_client = utf8mb4 */;
CREATE TABLE `BATCH_JOB_SEQ` (
  `ID` bigint NOT NULL,
  `UNIQUE_KEY` char(1) COLLATE utf8mb4_bin NOT NULL,
  UNIQUE KEY `UNIQUE_KEY_UN` (`UNIQUE_KEY`)
) ENGINE=InnoDB DEFAULT CHARSET=utf8mb4 COLLATE=utf8mb4_bin;
/*!40101 SET character_set_client = @saved_cs_client */;

--
-- Dumping data for table `BATCH_JOB_SEQ`
--

LOCK TABLES `BATCH_JOB_SEQ` WRITE;
/*!40000 ALTER TABLE `BATCH_JOB_SEQ` DISABLE KEYS */;
INSERT INTO `BATCH_JOB_SEQ` VALUES (28,'0');
/*!40000 ALTER TABLE `BATCH_JOB_SEQ` ENABLE KEYS */;
UNLOCK TABLES;

--
-- Table structure for table `BATCH_STEP_EXECUTION`
--

DROP TABLE IF EXISTS `BATCH_STEP_EXECUTION`;
/*!40101 SET @saved_cs_client     = @@character_set_client */;
/*!50503 SET character_set_client = utf8mb4 */;
CREATE TABLE `BATCH_STEP_EXECUTION` (
  `STEP_EXECUTION_ID` bigint NOT NULL,
  `VERSION` bigint NOT NULL,
  `STEP_NAME` varchar(100) COLLATE utf8mb4_bin NOT NULL,
  `JOB_EXECUTION_ID` bigint NOT NULL,
  `START_TIME` datetime(6) NOT NULL,
  `END_TIME` datetime(6) DEFAULT NULL,
  `STATUS` varchar(10) COLLATE utf8mb4_bin DEFAULT NULL,
  `COMMIT_COUNT` bigint DEFAULT NULL,
  `READ_COUNT` bigint DEFAULT NULL,
  `FILTER_COUNT` bigint DEFAULT NULL,
  `WRITE_COUNT` bigint DEFAULT NULL,
  `READ_SKIP_COUNT` bigint DEFAULT NULL,
  `WRITE_SKIP_COUNT` bigint DEFAULT NULL,
  `PROCESS_SKIP_COUNT` bigint DEFAULT NULL,
  `ROLLBACK_COUNT` bigint DEFAULT NULL,
  `EXIT_CODE` varchar(2500) COLLATE utf8mb4_bin DEFAULT NULL,
  `EXIT_MESSAGE` varchar(2500) COLLATE utf8mb4_bin DEFAULT NULL,
  `LAST_UPDATED` datetime(6) DEFAULT NULL,
  PRIMARY KEY (`STEP_EXECUTION_ID`),
  KEY `JOB_EXEC_STEP_FK` (`JOB_EXECUTION_ID`),
  CONSTRAINT `JOB_EXEC_STEP_FK` FOREIGN KEY (`JOB_EXECUTION_ID`) REFERENCES `BATCH_JOB_EXECUTION` (`JOB_EXECUTION_ID`)
) ENGINE=InnoDB DEFAULT CHARSET=utf8mb4 COLLATE=utf8mb4_bin;
/*!40101 SET character_set_client = @saved_cs_client */;

--
-- Dumping data for table `BATCH_STEP_EXECUTION`
--

LOCK TABLES `BATCH_STEP_EXECUTION` WRITE;
/*!40000 ALTER TABLE `BATCH_STEP_EXECUTION` DISABLE KEYS */;
INSERT INTO `BATCH_STEP_EXECUTION` VALUES (1,3,'pointCalculatingStep',1,'2022-08-02 13:08:47.757000','2022-08-02 13:08:48.138000','COMPLETED',1,0,0,0,0,0,0,0,'COMPLETED','','2022-08-02 13:08:48.140000'),(2,3,'pointCalculatingStep',2,'2022-08-02 18:00:00.069000','2022-08-02 18:00:00.109000','COMPLETED',1,0,0,0,0,0,0,0,'COMPLETED','','2022-08-02 18:00:00.110000'),(3,3,'pointCalculatingStep',5,'2022-08-04 03:00:00.066000','2022-08-04 03:00:00.179000','COMPLETED',1,0,0,0,0,0,0,0,'COMPLETED','','2022-08-04 03:00:00.180000'),(4,3,'pointCalculatingStep',11,'2022-08-05 03:00:00.070000','2022-08-05 03:00:00.220000','COMPLETED',1,0,0,0,0,0,0,0,'COMPLETED','','2022-08-05 03:00:00.220000'),(5,3,'pointCalculatingStep',13,'2022-08-06 03:00:00.061000','2022-08-06 03:00:00.171000','COMPLETED',1,0,0,0,0,0,0,0,'COMPLETED','','2022-08-06 03:00:00.172000'),(6,3,'pointCalculatingStep',19,'2022-08-07 03:00:00.073000','2022-08-07 03:00:00.197000','COMPLETED',1,0,0,0,0,0,0,0,'COMPLETED','','2022-08-07 03:00:00.198000'),(7,3,'pointCalculatingStep',21,'2022-08-08 03:00:00.068000','2022-08-08 03:00:00.181000','COMPLETED',1,0,0,0,0,0,0,0,'COMPLETED','','2022-08-08 03:00:00.182000'),(8,3,'notificationStep',25,'2022-08-08 17:42:28.538000','2022-08-08 17:42:28.607000','COMPLETED',1,0,0,0,0,0,0,0,'COMPLETED','','2022-08-08 17:42:28.608000'),(9,3,'pointCalculatingStep',30,'2022-08-09 03:00:00.080000','2022-08-09 03:00:00.351000','COMPLETED',1,2,0,2,0,0,0,0,'COMPLETED','','2022-08-09 03:00:00.352000'),(10,3,'pointCalculatingStep',37,'2022-08-10 03:00:00.066000','2022-08-10 03:00:00.186000','COMPLETED',1,0,0,0,0,0,0,0,'COMPLETED','','2022-08-10 03:00:00.187000'),(11,3,'pointCalculatingStep',39,'2022-08-10 21:59:43.585000','2022-08-10 21:59:43.711000','COMPLETED',1,0,0,0,0,0,0,0,'COMPLETED','','2022-08-10 21:59:43.712000'),(12,3,'pointCalculatingStep',42,'2022-08-11 03:00:00.069000','2022-08-11 03:00:00.142000','COMPLETED',1,1,0,1,0,0,0,0,'COMPLETED','','2022-08-11 03:00:00.142000'),(13,3,'pointCalculatingStep',43,'2022-08-11 04:00:00.062000','2022-08-11 04:00:00.090000','COMPLETED',1,0,0,0,0,0,0,0,'COMPLETED','','2022-08-11 04:00:00.090000'),(14,2,'pointCalculatingStep',54,'2022-08-12 03:00:00.093000','2022-08-12 03:00:00.248000','FAILED',0,3,0,0,0,0,0,1,'FAILED','org.springframework.dao.InvalidDataAccessApiUsageException: org.hibernate.hql.internal.QueryExecutionRequestException: Not supported for DML operations [UPDATE com.ssafy.gumid101.entity.UserEntity u SET u.point =u.point + :point where u.userSeq = :userSeq ]; nested exception is java.lang.IllegalStateException: org.hibernate.hql.internal.QueryExecutionRequestException: Not supported for DML operations [UPDATE com.ssafy.gumid101.entity.UserEntity u SET u.point =u.point + :point where u.userSeq = :userSeq ]\n	at org.springframework.orm.jpa.EntityManagerFactoryUtils.convertJpaAccessExceptionIfPossible(EntityManagerFactoryUtils.java:371)\n	at org.springframework.orm.jpa.vendor.HibernateJpaDialect.translateExceptionIfPossible(HibernateJpaDialect.java:235)\n	at org.springframework.orm.jpa.AbstractEntityManagerFactoryBean.translateExceptionIfPossible(AbstractEntityManagerFactoryBean.java:551)\n	at org.springframework.dao.support.ChainedPersistenceExceptionTranslator.translateExceptionIfPossible(ChainedPersistenceExceptionTranslator.java:61)\n	at org.springframework.dao.support.DataAccessUtils.translateIfNecessary(DataAccessUtils.java:242)\n	at org.springframework.dao.support.PersistenceExceptionTranslationInterceptor.invoke(PersistenceExceptionTranslationInterceptor.java:152)\n	at org.springframework.aop.framework.ReflectiveMethodInvocation.proceed(ReflectiveMethodInvocation.java:186)\n	at org.springframework.data.jpa.repository.support.CrudMethodMetadataPostProcessor$CrudMethodMetadataPopulatingMethodInterceptor.invoke(CrudMethodMetadataPostProcessor.java:145)\n	at org.springframework.aop.framework.ReflectiveMethodInvocation.proceed(ReflectiveMethodInvocation.java:186)\n	at org.springframework.aop.interceptor.ExposeInvocationInterceptor.invoke(ExposeInvocationInterceptor.java:97)\n	at org.springframework.aop.framework.ReflectiveMethodInvocation.proceed(ReflectiveMethodInvocation.java:186)\n	at org.springframework.aop.framework.JdkDynamicAopProxy.invoke(JdkDynamicAopProxy.java:215)\n	at com.sun.proxy.$Proxy159.updatePointAsBulk(Unknown Source)\n	at com.ssafy.gumid101.config.EndCrewBatchConfig$1.process(EndCrewBatchConfig.java:164)\n	at com.ssafy.gumid101.config.EndCrewBatchConfig$1.process(EndCrewBatchConfig.java:100)\n	at sun.reflect.NativeMethodAccessorImpl.invoke0(Native Method)\n	at sun.reflect.NativeMethodAccessorImpl.invoke(NativeMethodAccessorImpl.java:62)\n	at sun.reflect.DelegatingMethodAccessorImpl.invoke(DelegatingMethodAccessorImpl.java:43)\n	at java.lang.reflect.Method.','2022-08-12 03:00:00.248000'),(15,3,'pointCalculatingStep',55,'2022-08-12 04:00:00.065000','2022-08-12 04:00:00.097000','COMPLETED',1,0,0,0,0,0,0,0,'COMPLETED','','2022-08-12 04:00:00.098000'),(16,3,'pointCalculatingStep',63,'2022-08-12 10:41:49.514000','2022-08-12 10:41:49.814000','COMPLETED',1,3,0,3,0,0,0,0,'COMPLETED','','2022-08-12 10:41:49.815000'),(17,3,'notificationStep',71,'2022-08-12 13:59:12.562000','2022-08-12 13:59:13.740000','COMPLETED',1,2,0,2,0,0,0,0,'COMPLETED','','2022-08-12 13:59:13.741000'),(18,3,'notificationStep',74,'2022-08-12 16:10:17.557000','2022-08-12 16:10:17.659000','COMPLETED',1,0,0,0,0,0,0,0,'COMPLETED','','2022-08-12 16:10:17.662000'),(19,3,'notificationStep',77,'2022-08-12 17:24:07.883000','2022-08-12 17:24:07.952000','COMPLETED',1,0,0,0,0,0,0,0,'COMPLETED','','2022-08-12 17:24:07.953000'),(20,3,'pointCalculatingStep',78,'2022-08-13 03:00:00.077000','2022-08-13 03:00:00.221000','COMPLETED',1,1,0,1,0,0,0,0,'COMPLETED','','2022-08-13 03:00:00.221000'),(21,3,'pointCalculatingStep',79,'2022-08-13 04:00:00.061000','2022-08-13 04:00:00.092000','COMPLETED',1,0,0,0,0,0,0,0,'COMPLETED','','2022-08-13 04:00:00.092000'),(22,3,'notificationStep',80,'2022-08-13 08:00:00.061000','2022-08-13 08:00:00.093000','COMPLETED',1,0,0,0,0,0,0,0,'COMPLETED','','2022-08-13 08:00:00.094000'),(23,3,'notificationStep',83,'2022-08-13 15:46:51.973000','2022-08-13 15:46:52.045000','COMPLETED',1,0,0,0,0,0,0,0,'COMPLETED','','2022-08-13 15:46:52.046000'),(24,3,'notificationStep',86,'2022-08-13 22:51:41.457000','2022-08-13 22:51:41.527000','COMPLETED',1,0,0,0,0,0,0,0,'COMPLETED','','2022-08-13 22:51:41.528000'),(25,4,'pointCalculatingStep',87,'2022-08-14 03:00:00.058000','2022-08-14 03:00:00.310000','COMPLETED',2,10,0,10,0,0,0,0,'COMPLETED','','2022-08-14 03:00:00.311000'),(26,3,'notificationStep',90,'2022-08-14 03:04:52.624000','2022-08-14 03:04:54.709000','COMPLETED',1,7,0,7,0,0,0,0,'COMPLETED','','2022-08-14 03:04:54.709000'),(27,3,'pointCalculatingStep',91,'2022-08-14 04:00:00.078000','2022-08-14 04:00:00.176000','COMPLETED',1,0,0,0,0,0,0,0,'COMPLETED','','2022-08-14 04:00:00.177000'),(28,3,'notificationStep',92,'2022-08-14 08:00:00.062000','2022-08-14 08:00:00.093000','COMPLETED',1,0,0,0,0,0,0,0,'COMPLETED','','2022-08-14 08:00:00.094000'),(29,3,'notificationStep',95,'2022-08-14 19:07:50.949000','2022-08-14 19:07:51.012000','COMPLETED',1,0,0,0,0,0,0,0,'COMPLETED','','2022-08-14 19:07:51.013000'),(30,3,'notificationStep',98,'2022-08-14 19:47:49.358000','2022-08-14 19:47:49.424000','COMPLETED',1,0,0,0,0,0,0,0,'COMPLETED','','2022-08-14 19:47:49.425000'),(31,3,'notificationStep',101,'2022-08-15 02:23:15.912000','2022-08-15 02:23:15.987000','COMPLETED',1,0,0,0,0,0,0,0,'COMPLETED','','2022-08-15 02:23:15.988000'),(32,3,'pointCalculatingStep',102,'2022-08-15 03:00:00.077000','2022-08-15 03:00:00.358000','COMPLETED',1,1,0,1,0,0,0,0,'COMPLETED','','2022-08-15 03:00:00.359000'),(33,3,'pointCalculatingStep',103,'2022-08-15 04:00:00.080000','2022-08-15 04:00:00.117000','COMPLETED',1,0,0,0,0,0,0,0,'COMPLETED','','2022-08-15 04:00:00.118000'),(34,3,'notificationStep',104,'2022-08-15 08:00:00.106000','2022-08-15 08:00:00.981000','COMPLETED',1,1,0,1,0,0,0,0,'COMPLETED','','2022-08-15 08:00:00.982000'),(35,3,'notificationStep',107,'2022-08-15 23:38:49.402000','2022-08-15 23:38:49.468000','COMPLETED',1,0,0,0,0,0,0,0,'COMPLETED','','2022-08-15 23:38:49.469000'),(36,3,'pointCalculatingStep',108,'2022-08-16 03:00:00.069000','2022-08-16 03:00:00.159000','COMPLETED',1,0,0,0,0,0,0,0,'COMPLETED','','2022-08-16 03:00:00.159000'),(37,3,'pointCalculatingStep',109,'2022-08-16 04:00:00.062000','2022-08-16 04:00:00.098000','COMPLETED',1,0,0,0,0,0,0,0,'COMPLETED','','2022-08-16 04:00:00.098000'),(38,3,'notificationStep',110,'2022-08-16 08:00:00.072000','2022-08-16 08:00:00.098000','COMPLETED',1,0,0,0,0,0,0,0,'COMPLETED','','2022-08-16 08:00:00.099000'),(39,3,'notificationStep',113,'2022-08-16 10:44:51.212000','2022-08-16 10:44:51.279000','COMPLETED',1,0,0,0,0,0,0,0,'COMPLETED','','2022-08-16 10:44:51.281000'),(40,3,'notificationStep',116,'2022-08-16 11:51:04.674000','2022-08-16 11:51:04.743000','COMPLETED',1,0,0,0,0,0,0,0,'COMPLETED','','2022-08-16 11:51:04.744000'),(41,3,'notificationStep',119,'2022-08-16 15:00:17.245000','2022-08-16 15:00:17.367000','COMPLETED',1,0,0,0,0,0,0,0,'COMPLETED','','2022-08-16 15:00:17.369000'),(42,3,'notificationStep',122,'2022-08-16 15:12:55.006000','2022-08-16 15:12:55.073000','COMPLETED',1,0,0,0,0,0,0,0,'COMPLETED','','2022-08-16 15:12:55.074000'),(43,3,'notificationStep',125,'2022-08-16 15:51:25.497000','2022-08-16 15:51:25.584000','COMPLETED',1,0,0,0,0,0,0,0,'COMPLETED','','2022-08-16 15:51:25.585000'),(44,3,'notificationStep',128,'2022-08-16 15:56:35.732000','2022-08-16 15:56:35.805000','COMPLETED',1,0,0,0,0,0,0,0,'COMPLETED','','2022-08-16 15:56:35.806000'),(45,3,'notificationStep',131,'2022-08-16 16:02:34.989000','2022-08-16 16:02:35.056000','COMPLETED',1,0,0,0,0,0,0,0,'COMPLETED','','2022-08-16 16:02:35.057000'),(46,3,'pointCalculatingStep',132,'2022-08-17 03:00:00.084000','2022-08-17 03:00:00.182000','COMPLETED',1,0,0,0,0,0,0,0,'COMPLETED','','2022-08-17 03:00:00.183000'),(47,3,'pointCalculatingStep',133,'2022-08-17 04:00:00.074000','2022-08-17 04:00:00.103000','COMPLETED',1,0,0,0,0,0,0,0,'COMPLETED','','2022-08-17 04:00:00.103000'),(48,3,'notificationStep',134,'2022-08-17 08:00:00.067000','2022-08-17 08:00:00.100000','COMPLETED',1,0,0,0,0,0,0,0,'COMPLETED','','2022-08-17 08:00:00.100000'),(49,3,'notificationStep',137,'2022-08-17 10:53:14.078000','2022-08-17 10:53:14.146000','COMPLETED',1,0,0,0,0,0,0,0,'COMPLETED','','2022-08-17 10:53:14.147000'),(50,3,'notificationStep',140,'2022-08-17 15:52:33.714000','2022-08-17 15:52:33.784000','COMPLETED',1,0,0,0,0,0,0,0,'COMPLETED','','2022-08-17 15:52:33.785000'),(51,3,'pointCalculatingStep',141,'2022-08-18 03:00:00.068000','2022-08-18 03:00:00.208000','COMPLETED',1,2,0,2,0,0,0,0,'COMPLETED','','2022-08-18 03:00:00.208000'),(52,3,'pointCalculatingStep',142,'2022-08-18 04:00:00.065000','2022-08-18 04:00:00.096000','COMPLETED',1,0,0,0,0,0,0,0,'COMPLETED','','2022-08-18 04:00:00.097000'),(53,3,'notificationStep',143,'2022-08-18 08:00:00.070000','2022-08-18 08:00:00.722000','COMPLETED',1,2,0,2,0,0,0,0,'COMPLETED','','2022-08-18 08:00:00.722000');
/*!40000 ALTER TABLE `BATCH_STEP_EXECUTION` ENABLE KEYS */;
UNLOCK TABLES;

--
-- Table structure for table `BATCH_STEP_EXECUTION_CONTEXT`
--

DROP TABLE IF EXISTS `BATCH_STEP_EXECUTION_CONTEXT`;
/*!40101 SET @saved_cs_client     = @@character_set_client */;
/*!50503 SET character_set_client = utf8mb4 */;
CREATE TABLE `BATCH_STEP_EXECUTION_CONTEXT` (
  `STEP_EXECUTION_ID` bigint NOT NULL,
  `SHORT_CONTEXT` varchar(2500) COLLATE utf8mb4_bin NOT NULL,
  `SERIALIZED_CONTEXT` text COLLATE utf8mb4_bin,
  PRIMARY KEY (`STEP_EXECUTION_ID`),
  CONSTRAINT `STEP_EXEC_CTX_FK` FOREIGN KEY (`STEP_EXECUTION_ID`) REFERENCES `BATCH_STEP_EXECUTION` (`STEP_EXECUTION_ID`)
) ENGINE=InnoDB DEFAULT CHARSET=utf8mb4 COLLATE=utf8mb4_bin;
/*!40101 SET character_set_client = @saved_cs_client */;

--
-- Dumping data for table `BATCH_STEP_EXECUTION_CONTEXT`
--

LOCK TABLES `BATCH_STEP_EXECUTION_CONTEXT` WRITE;
/*!40000 ALTER TABLE `BATCH_STEP_EXECUTION_CONTEXT` DISABLE KEYS */;
INSERT INTO `BATCH_STEP_EXECUTION_CONTEXT` VALUES (1,'{\"@class\":\"java.util.HashMap\",\"batch.taskletType\":\"org.springframework.batch.core.step.item.ChunkOrientedTasklet\",\"crewPointCalculationReader.read.count\":1,\"batch.stepType\":\"org.springframework.batch.core.step.tasklet.TaskletStep\"}',NULL),(2,'{\"@class\":\"java.util.HashMap\",\"batch.taskletType\":\"org.springframework.batch.core.step.item.ChunkOrientedTasklet\",\"crewPointCalculationReader.read.count\":1,\"batch.stepType\":\"org.springframework.batch.core.step.tasklet.TaskletStep\"}',NULL),(3,'{\"@class\":\"java.util.HashMap\",\"batch.taskletType\":\"org.springframework.batch.core.step.item.ChunkOrientedTasklet\",\"crewPointCalculationReader.read.count\":1,\"batch.stepType\":\"org.springframework.batch.core.step.tasklet.TaskletStep\"}',NULL),(4,'{\"@class\":\"java.util.HashMap\",\"batch.taskletType\":\"org.springframework.batch.core.step.item.ChunkOrientedTasklet\",\"crewPointCalculationReader.read.count\":1,\"batch.stepType\":\"org.springframework.batch.core.step.tasklet.TaskletStep\"}',NULL),(5,'{\"@class\":\"java.util.HashMap\",\"batch.taskletType\":\"org.springframework.batch.core.step.item.ChunkOrientedTasklet\",\"crewPointCalculationReader.read.count\":1,\"batch.stepType\":\"org.springframework.batch.core.step.tasklet.TaskletStep\"}',NULL),(6,'{\"@class\":\"java.util.HashMap\",\"batch.taskletType\":\"org.springframework.batch.core.step.item.ChunkOrientedTasklet\",\"crewPointCalculationReader.read.count\":1,\"batch.stepType\":\"org.springframework.batch.core.step.tasklet.TaskletStep\"}',NULL),(7,'{\"@class\":\"java.util.HashMap\",\"batch.taskletType\":\"org.springframework.batch.core.step.item.ChunkOrientedTasklet\",\"crewPointCalculationReader.read.count\":1,\"batch.stepType\":\"org.springframework.batch.core.step.tasklet.TaskletStep\"}',NULL),(8,'{\"@class\":\"java.util.HashMap\",\"batch.taskletType\":\"org.springframework.batch.core.step.item.ChunkOrientedTasklet\",\"notificationReader.read.count\":1,\"batch.stepType\":\"org.springframework.batch.core.step.tasklet.TaskletStep\"}',NULL),(9,'{\"@class\":\"java.util.HashMap\",\"batch.taskletType\":\"org.springframework.batch.core.step.item.ChunkOrientedTasklet\",\"crewPointCalculationReader.read.count\":3,\"batch.stepType\":\"org.springframework.batch.core.step.tasklet.TaskletStep\"}',NULL),(10,'{\"@class\":\"java.util.HashMap\",\"batch.taskletType\":\"org.springframework.batch.core.step.item.ChunkOrientedTasklet\",\"crewPointCalculationReader.read.count\":1,\"batch.stepType\":\"org.springframework.batch.core.step.tasklet.TaskletStep\"}',NULL),(11,'{\"@class\":\"java.util.HashMap\",\"batch.taskletType\":\"org.springframework.batch.core.step.item.ChunkOrientedTasklet\",\"crewPointCalculationReader.read.count\":1,\"batch.stepType\":\"org.springframework.batch.core.step.tasklet.TaskletStep\"}',NULL),(12,'{\"@class\":\"java.util.HashMap\",\"batch.taskletType\":\"org.springframework.batch.core.step.item.ChunkOrientedTasklet\",\"crewPointCalculationReader.read.count\":2,\"batch.stepType\":\"org.springframework.batch.core.step.tasklet.TaskletStep\"}',NULL),(13,'{\"@class\":\"java.util.HashMap\",\"batch.taskletType\":\"org.springframework.batch.core.step.item.ChunkOrientedTasklet\",\"crewPointCalculationReader.read.count\":1,\"batch.stepType\":\"org.springframework.batch.core.step.tasklet.TaskletStep\"}',NULL),(14,'{\"@class\":\"java.util.HashMap\",\"batch.taskletType\":\"org.springframework.batch.core.step.item.ChunkOrientedTasklet\",\"crewPointCalculationReader.read.count\":0,\"batch.stepType\":\"org.springframework.batch.core.step.tasklet.TaskletStep\"}',NULL),(15,'{\"@class\":\"java.util.HashMap\",\"batch.taskletType\":\"org.springframework.batch.core.step.item.ChunkOrientedTasklet\",\"crewPointCalculationReader.read.count\":1,\"batch.stepType\":\"org.springframework.batch.core.step.tasklet.TaskletStep\"}',NULL),(16,'{\"@class\":\"java.util.HashMap\",\"batch.taskletType\":\"org.springframework.batch.core.step.item.ChunkOrientedTasklet\",\"crewPointCalculationReader.read.count\":4,\"batch.stepType\":\"org.springframework.batch.core.step.tasklet.TaskletStep\"}',NULL),(17,'{\"@class\":\"java.util.HashMap\",\"batch.taskletType\":\"org.springframework.batch.core.step.item.ChunkOrientedTasklet\",\"notificationReader.read.count\":3,\"batch.stepType\":\"org.springframework.batch.core.step.tasklet.TaskletStep\"}',NULL),(18,'{\"@class\":\"java.util.HashMap\",\"batch.taskletType\":\"org.springframework.batch.core.step.item.ChunkOrientedTasklet\",\"notificationReader.read.count\":1,\"batch.stepType\":\"org.springframework.batch.core.step.tasklet.TaskletStep\"}',NULL),(19,'{\"@class\":\"java.util.HashMap\",\"batch.taskletType\":\"org.springframework.batch.core.step.item.ChunkOrientedTasklet\",\"notificationReader.read.count\":1,\"batch.stepType\":\"org.springframework.batch.core.step.tasklet.TaskletStep\"}',NULL),(20,'{\"@class\":\"java.util.HashMap\",\"batch.taskletType\":\"org.springframework.batch.core.step.item.ChunkOrientedTasklet\",\"crewPointCalculationReader.read.count\":2,\"batch.stepType\":\"org.springframework.batch.core.step.tasklet.TaskletStep\"}',NULL),(21,'{\"@class\":\"java.util.HashMap\",\"batch.taskletType\":\"org.springframework.batch.core.step.item.ChunkOrientedTasklet\",\"crewPointCalculationReader.read.count\":1,\"batch.stepType\":\"org.springframework.batch.core.step.tasklet.TaskletStep\"}',NULL),(22,'{\"@class\":\"java.util.HashMap\",\"batch.taskletType\":\"org.springframework.batch.core.step.item.ChunkOrientedTasklet\",\"notificationReader.read.count\":1,\"batch.stepType\":\"org.springframework.batch.core.step.tasklet.TaskletStep\"}',NULL),(23,'{\"@class\":\"java.util.HashMap\",\"batch.taskletType\":\"org.springframework.batch.core.step.item.ChunkOrientedTasklet\",\"notificationReader.read.count\":1,\"batch.stepType\":\"org.springframework.batch.core.step.tasklet.TaskletStep\"}',NULL),(24,'{\"@class\":\"java.util.HashMap\",\"batch.taskletType\":\"org.springframework.batch.core.step.item.ChunkOrientedTasklet\",\"notificationReader.read.count\":1,\"batch.stepType\":\"org.springframework.batch.core.step.tasklet.TaskletStep\"}',NULL),(25,'{\"@class\":\"java.util.HashMap\",\"batch.taskletType\":\"org.springframework.batch.core.step.item.ChunkOrientedTasklet\",\"crewPointCalculationReader.read.count\":11,\"batch.stepType\":\"org.springframework.batch.core.step.tasklet.TaskletStep\"}',NULL),(26,'{\"@class\":\"java.util.HashMap\",\"batch.taskletType\":\"org.springframework.batch.core.step.item.ChunkOrientedTasklet\",\"notificationReader.read.count\":8,\"batch.stepType\":\"org.springframework.batch.core.step.tasklet.TaskletStep\"}',NULL),(27,'{\"@class\":\"java.util.HashMap\",\"batch.taskletType\":\"org.springframework.batch.core.step.item.ChunkOrientedTasklet\",\"crewPointCalculationReader.read.count\":1,\"batch.stepType\":\"org.springframework.batch.core.step.tasklet.TaskletStep\"}',NULL),(28,'{\"@class\":\"java.util.HashMap\",\"batch.taskletType\":\"org.springframework.batch.core.step.item.ChunkOrientedTasklet\",\"notificationReader.read.count\":1,\"batch.stepType\":\"org.springframework.batch.core.step.tasklet.TaskletStep\"}',NULL),(29,'{\"@class\":\"java.util.HashMap\",\"batch.taskletType\":\"org.springframework.batch.core.step.item.ChunkOrientedTasklet\",\"notificationReader.read.count\":1,\"batch.stepType\":\"org.springframework.batch.core.step.tasklet.TaskletStep\"}',NULL),(30,'{\"@class\":\"java.util.HashMap\",\"batch.taskletType\":\"org.springframework.batch.core.step.item.ChunkOrientedTasklet\",\"notificationReader.read.count\":1,\"batch.stepType\":\"org.springframework.batch.core.step.tasklet.TaskletStep\"}',NULL),(31,'{\"@class\":\"java.util.HashMap\",\"batch.taskletType\":\"org.springframework.batch.core.step.item.ChunkOrientedTasklet\",\"notificationReader.read.count\":1,\"batch.stepType\":\"org.springframework.batch.core.step.tasklet.TaskletStep\"}',NULL),(32,'{\"@class\":\"java.util.HashMap\",\"batch.taskletType\":\"org.springframework.batch.core.step.item.ChunkOrientedTasklet\",\"crewPointCalculationReader.read.count\":2,\"batch.stepType\":\"org.springframework.batch.core.step.tasklet.TaskletStep\"}',NULL),(33,'{\"@class\":\"java.util.HashMap\",\"batch.taskletType\":\"org.springframework.batch.core.step.item.ChunkOrientedTasklet\",\"crewPointCalculationReader.read.count\":1,\"batch.stepType\":\"org.springframework.batch.core.step.tasklet.TaskletStep\"}',NULL),(34,'{\"@class\":\"java.util.HashMap\",\"batch.taskletType\":\"org.springframework.batch.core.step.item.ChunkOrientedTasklet\",\"notificationReader.read.count\":2,\"batch.stepType\":\"org.springframework.batch.core.step.tasklet.TaskletStep\"}',NULL),(35,'{\"@class\":\"java.util.HashMap\",\"batch.taskletType\":\"org.springframework.batch.core.step.item.ChunkOrientedTasklet\",\"notificationReader.read.count\":1,\"batch.stepType\":\"org.springframework.batch.core.step.tasklet.TaskletStep\"}',NULL),(36,'{\"@class\":\"java.util.HashMap\",\"batch.taskletType\":\"org.springframework.batch.core.step.item.ChunkOrientedTasklet\",\"crewPointCalculationReader.read.count\":1,\"batch.stepType\":\"org.springframework.batch.core.step.tasklet.TaskletStep\"}',NULL),(37,'{\"@class\":\"java.util.HashMap\",\"batch.taskletType\":\"org.springframework.batch.core.step.item.ChunkOrientedTasklet\",\"crewPointCalculationReader.read.count\":1,\"batch.stepType\":\"org.springframework.batch.core.step.tasklet.TaskletStep\"}',NULL),(38,'{\"@class\":\"java.util.HashMap\",\"batch.taskletType\":\"org.springframework.batch.core.step.item.ChunkOrientedTasklet\",\"notificationReader.read.count\":1,\"batch.stepType\":\"org.springframework.batch.core.step.tasklet.TaskletStep\"}',NULL),(39,'{\"@class\":\"java.util.HashMap\",\"batch.taskletType\":\"org.springframework.batch.core.step.item.ChunkOrientedTasklet\",\"notificationReader.read.count\":1,\"batch.stepType\":\"org.springframework.batch.core.step.tasklet.TaskletStep\"}',NULL),(40,'{\"@class\":\"java.util.HashMap\",\"batch.taskletType\":\"org.springframework.batch.core.step.item.ChunkOrientedTasklet\",\"notificationReader.read.count\":1,\"batch.stepType\":\"org.springframework.batch.core.step.tasklet.TaskletStep\"}',NULL),(41,'{\"@class\":\"java.util.HashMap\",\"batch.taskletType\":\"org.springframework.batch.core.step.item.ChunkOrientedTasklet\",\"notificationReader.read.count\":1,\"batch.stepType\":\"org.springframework.batch.core.step.tasklet.TaskletStep\"}',NULL),(42,'{\"@class\":\"java.util.HashMap\",\"batch.taskletType\":\"org.springframework.batch.core.step.item.ChunkOrientedTasklet\",\"notificationReader.read.count\":1,\"batch.stepType\":\"org.springframework.batch.core.step.tasklet.TaskletStep\"}',NULL),(43,'{\"@class\":\"java.util.HashMap\",\"batch.taskletType\":\"org.springframework.batch.core.step.item.ChunkOrientedTasklet\",\"notificationReader.read.count\":1,\"batch.stepType\":\"org.springframework.batch.core.step.tasklet.TaskletStep\"}',NULL),(44,'{\"@class\":\"java.util.HashMap\",\"batch.taskletType\":\"org.springframework.batch.core.step.item.ChunkOrientedTasklet\",\"notificationReader.read.count\":1,\"batch.stepType\":\"org.springframework.batch.core.step.tasklet.TaskletStep\"}',NULL),(45,'{\"@class\":\"java.util.HashMap\",\"batch.taskletType\":\"org.springframework.batch.core.step.item.ChunkOrientedTasklet\",\"notificationReader.read.count\":1,\"batch.stepType\":\"org.springframework.batch.core.step.tasklet.TaskletStep\"}',NULL),(46,'{\"@class\":\"java.util.HashMap\",\"batch.taskletType\":\"org.springframework.batch.core.step.item.ChunkOrientedTasklet\",\"crewPointCalculationReader.read.count\":1,\"batch.stepType\":\"org.springframework.batch.core.step.tasklet.TaskletStep\"}',NULL),(47,'{\"@class\":\"java.util.HashMap\",\"batch.taskletType\":\"org.springframework.batch.core.step.item.ChunkOrientedTasklet\",\"crewPointCalculationReader.read.count\":1,\"batch.stepType\":\"org.springframework.batch.core.step.tasklet.TaskletStep\"}',NULL),(48,'{\"@class\":\"java.util.HashMap\",\"batch.taskletType\":\"org.springframework.batch.core.step.item.ChunkOrientedTasklet\",\"notificationReader.read.count\":1,\"batch.stepType\":\"org.springframework.batch.core.step.tasklet.TaskletStep\"}',NULL),(49,'{\"@class\":\"java.util.HashMap\",\"batch.taskletType\":\"org.springframework.batch.core.step.item.ChunkOrientedTasklet\",\"notificationReader.read.count\":1,\"batch.stepType\":\"org.springframework.batch.core.step.tasklet.TaskletStep\"}',NULL),(50,'{\"@class\":\"java.util.HashMap\",\"batch.taskletType\":\"org.springframework.batch.core.step.item.ChunkOrientedTasklet\",\"notificationReader.read.count\":1,\"batch.stepType\":\"org.springframework.batch.core.step.tasklet.TaskletStep\"}',NULL),(51,'{\"@class\":\"java.util.HashMap\",\"batch.taskletType\":\"org.springframework.batch.core.step.item.ChunkOrientedTasklet\",\"crewPointCalculationReader.read.count\":3,\"batch.stepType\":\"org.springframework.batch.core.step.tasklet.TaskletStep\"}',NULL),(52,'{\"@class\":\"java.util.HashMap\",\"batch.taskletType\":\"org.springframework.batch.core.step.item.ChunkOrientedTasklet\",\"crewPointCalculationReader.read.count\":1,\"batch.stepType\":\"org.springframework.batch.core.step.tasklet.TaskletStep\"}',NULL),(53,'{\"@class\":\"java.util.HashMap\",\"batch.taskletType\":\"org.springframework.batch.core.step.item.ChunkOrientedTasklet\",\"notificationReader.read.count\":3,\"batch.stepType\":\"org.springframework.batch.core.step.tasklet.TaskletStep\"}',NULL);
/*!40000 ALTER TABLE `BATCH_STEP_EXECUTION_CONTEXT` ENABLE KEYS */;
UNLOCK TABLES;

--
-- Table structure for table `BATCH_STEP_EXECUTION_SEQ`
--

DROP TABLE IF EXISTS `BATCH_STEP_EXECUTION_SEQ`;
/*!40101 SET @saved_cs_client     = @@character_set_client */;
/*!50503 SET character_set_client = utf8mb4 */;
CREATE TABLE `BATCH_STEP_EXECUTION_SEQ` (
  `ID` bigint NOT NULL,
  `UNIQUE_KEY` char(1) COLLATE utf8mb4_bin NOT NULL,
  UNIQUE KEY `UNIQUE_KEY_UN` (`UNIQUE_KEY`)
) ENGINE=InnoDB DEFAULT CHARSET=utf8mb4 COLLATE=utf8mb4_bin;
/*!40101 SET character_set_client = @saved_cs_client */;

--
-- Dumping data for table `BATCH_STEP_EXECUTION_SEQ`
--

LOCK TABLES `BATCH_STEP_EXECUTION_SEQ` WRITE;
/*!40000 ALTER TABLE `BATCH_STEP_EXECUTION_SEQ` DISABLE KEYS */;
INSERT INTO `BATCH_STEP_EXECUTION_SEQ` VALUES (53,'0');
/*!40000 ALTER TABLE `BATCH_STEP_EXECUTION_SEQ` ENABLE KEYS */;
UNLOCK TABLES;

--
-- Table structure for table `t_achievement`
--

DROP TABLE IF EXISTS `t_achievement`;
/*!40101 SET @saved_cs_client     = @@character_set_client */;
/*!50503 SET character_set_client = utf8mb4 */;
CREATE TABLE `t_achievement` (
  `achieve_seq` bigint NOT NULL AUTO_INCREMENT,
  `achieve_name` varchar(255) COLLATE utf8mb4_bin DEFAULT NULL,
  `achieve_reg_time` datetime DEFAULT NULL,
  `achieve_type` varchar(255) COLLATE utf8mb4_bin DEFAULT NULL,
  `achieve_value` double DEFAULT NULL,
  PRIMARY KEY (`achieve_seq`)
) ENGINE=InnoDB AUTO_INCREMENT=21 DEFAULT CHARSET=utf8mb4 COLLATE=utf8mb4_bin;
/*!40101 SET character_set_client = @saved_cs_client */;

--
-- Dumping data for table `t_achievement`
--

LOCK TABLES `t_achievement` WRITE;
/*!40000 ALTER TABLE `t_achievement` DISABLE KEYS */;
INSERT INTO `t_achievement` VALUES (1,' ','2022-08-04 00:16:25','RUNCOUNT',1),(2,'10 ','2022-08-04 00:16:25','RUNCOUNT',10),(3,'100 ','2022-08-04 00:16:25','RUNCOUNT',100),(4,'1000 ','2022-08-04 00:16:25','RUNCOUNT',1000),(13,'10h','2022-08-04 12:23:56','TOTALTIME',36000),(14,'100h','2022-08-04 12:23:56','TOTALTIME',360000),(15,'1000h','2022-08-04 12:23:56','TOTALTIME',3600000),(16,'10000h','2022-08-04 12:23:56','TOTALTIME',36000000),(17,'10km','2022-08-04 12:23:56','TOTALDISTANCE',10000),(18,'100km','2022-08-04 12:23:56','TOTALDISTANCE',100000),(19,'1000km','2022-08-04 12:23:56','TOTALDISTANCE',1000000),(20,'10000km','2022-08-04 12:23:57','TOTALDISTANCE',10000000);
/*!40000 ALTER TABLE `t_achievement` ENABLE KEYS */;
UNLOCK TABLES;

--
-- Table structure for table `t_achievement_complete`
--

DROP TABLE IF EXISTS `t_achievement_complete`;
/*!40101 SET @saved_cs_client     = @@character_set_client */;
/*!50503 SET character_set_client = utf8mb4 */;
CREATE TABLE `t_achievement_complete` (
  `ac_seq` bigint NOT NULL AUTO_INCREMENT,
  `achieve_complete_reg_time` datetime DEFAULT NULL,
  `achieve_seq` bigint DEFAULT NULL,
  `user_seq` bigint DEFAULT NULL,
  PRIMARY KEY (`ac_seq`),
  KEY `FKntsndudw71c41wyaeyagapjgf` (`achieve_seq`),
  KEY `FKhp12h0nw2lg6x0oljhsvb6t2` (`user_seq`),
  CONSTRAINT `FKhp12h0nw2lg6x0oljhsvb6t2` FOREIGN KEY (`user_seq`) REFERENCES `t_user` (`user_seq`),
  CONSTRAINT `FKntsndudw71c41wyaeyagapjgf` FOREIGN KEY (`achieve_seq`) REFERENCES `t_achievement` (`achieve_seq`)
) ENGINE=InnoDB AUTO_INCREMENT=46 DEFAULT CHARSET=utf8mb4 COLLATE=utf8mb4_bin;
/*!40101 SET character_set_client = @saved_cs_client */;

--
-- Dumping data for table `t_achievement_complete`
--

LOCK TABLES `t_achievement_complete` WRITE;
/*!40000 ALTER TABLE `t_achievement_complete` DISABLE KEYS */;
INSERT INTO `t_achievement_complete` VALUES (30,'2022-08-13 19:17:42',1,1),(31,'2022-08-13 19:17:42',2,1),(32,'2022-08-13 19:17:42',17,1),(33,'2022-08-13 19:17:57',1,5),(34,'2022-08-13 19:17:57',2,5),(35,'2022-08-13 19:17:57',17,5),(36,'2022-08-13 22:56:34',1,16),(37,'2022-08-14 19:10:29',1,4),(38,'2022-08-15 17:00:41',17,4),(39,'2022-08-15 17:18:50',1,20),(40,'2022-08-15 17:18:50',17,20),(41,'2022-08-15 17:20:36',2,4),(42,'2022-08-16 12:36:40',1,23),(43,'2022-08-16 12:43:30',1,9),(44,'2022-08-17 18:34:21',1,12),(45,'2022-08-17 20:27:35',1,7);
/*!40000 ALTER TABLE `t_achievement_complete` ENABLE KEYS */;
UNLOCK TABLES;

--
-- Table structure for table `t_competition`
--

DROP TABLE IF EXISTS `t_competition`;
/*!40101 SET @saved_cs_client     = @@character_set_client */;
/*!50503 SET character_set_client = utf8mb4 */;
CREATE TABLE `t_competition` (
  `competition_seq` bigint NOT NULL AUTO_INCREMENT,
  `check_yn` varchar(255) COLLATE utf8mb4_bin NOT NULL,
  `competition_content` varchar(255) COLLATE utf8mb4_bin NOT NULL,
  `competition_date_end` datetime NOT NULL,
  `competition_date_start` datetime NOT NULL,
  `competition_name` varchar(255) COLLATE utf8mb4_bin NOT NULL,
  `img_seq` bigint DEFAULT NULL,
  PRIMARY KEY (`competition_seq`),
  KEY `FK42hrpt0tmlra8fdamgpmctgm7` (`img_seq`),
  CONSTRAINT `FK42hrpt0tmlra8fdamgpmctgm7` FOREIGN KEY (`img_seq`) REFERENCES `t_img` (`img_seq`)
) ENGINE=InnoDB AUTO_INCREMENT=7 DEFAULT CHARSET=utf8mb4 COLLATE=utf8mb4_bin;
/*!40101 SET character_set_client = @saved_cs_client */;

--
-- Dumping data for table `t_competition`
--

LOCK TABLES `t_competition` WRITE;
/*!40000 ALTER TABLE `t_competition` DISABLE KEYS */;
INSERT INTO `t_competition` VALUES (1,'N','','2022-08-30 23:59:59','2022-08-02 00:00:00','   1',159);
/*!40000 ALTER TABLE `t_competition` ENABLE KEYS */;
UNLOCK TABLES;

--
-- Table structure for table `t_competition_user_record`
--

DROP TABLE IF EXISTS `t_competition_user_record`;
/*!40101 SET @saved_cs_client     = @@character_set_client */;
/*!50503 SET character_set_client = utf8mb4 */;
CREATE TABLE `t_competition_user_record` (
  `competition_user_record_seq` bigint NOT NULL AUTO_INCREMENT,
  `competition_distance` int NOT NULL,
  `competition_time` int NOT NULL,
  `competition_seq` bigint DEFAULT NULL,
  `user_seq` bigint DEFAULT NULL,
  PRIMARY KEY (`competition_user_record_seq`),
  KEY `FKhoh5nj2u587baukwc4eacrvbq` (`competition_seq`),
  KEY `FKel2nn3hl18p1bphe154id7l5c` (`user_seq`),
  CONSTRAINT `FKel2nn3hl18p1bphe154id7l5c` FOREIGN KEY (`user_seq`) REFERENCES `t_user` (`user_seq`),
  CONSTRAINT `FKhoh5nj2u587baukwc4eacrvbq` FOREIGN KEY (`competition_seq`) REFERENCES `t_competition` (`competition_seq`)
) ENGINE=InnoDB AUTO_INCREMENT=8 DEFAULT CHARSET=utf8mb4 COLLATE=utf8mb4_bin;
/*!40101 SET character_set_client = @saved_cs_client */;

--
-- Dumping data for table `t_competition_user_record`
--

LOCK TABLES `t_competition_user_record` WRITE;
/*!40000 ALTER TABLE `t_competition_user_record` DISABLE KEYS */;
INSERT INTO `t_competition_user_record` VALUES (1,11246,10080,1,5),(2,9946,7543,1,1),(3,17141,6709,1,4),(4,531,228,1,23),(5,0,0,1,9),(6,621,899,1,12),(7,0,0,1,8);
/*!40000 ALTER TABLE `t_competition_user_record` ENABLE KEYS */;
UNLOCK TABLES;

--
-- Table structure for table `t_crew`
--

DROP TABLE IF EXISTS `t_crew`;
/*!40101 SET @saved_cs_client     = @@character_set_client */;
/*!50503 SET character_set_client = utf8mb4 */;
CREATE TABLE `t_crew` (
  `crew_seq` bigint NOT NULL AUTO_INCREMENT,
  `crew_check_yn` varchar(255) COLLATE utf8mb4_bin DEFAULT NULL,
  `crew_cost` int DEFAULT NULL,
  `crew_date_end` datetime NOT NULL,
  `crew_date_start` datetime NOT NULL,
  `crew_description` varchar(255) COLLATE utf8mb4_bin DEFAULT NULL,
  `crew_goal_amount` int NOT NULL,
  `crew_goal_days` int NOT NULL,
  `crew_goal_type` varchar(255) COLLATE utf8mb4_bin NOT NULL,
  `crew_max_member` int NOT NULL,
  `crew_name` varchar(255) COLLATE utf8mb4_bin NOT NULL,
  `crew_password` varchar(255) COLLATE utf8mb4_bin DEFAULT NULL,
  `crew_reg_time` datetime NOT NULL,
  `crew_time_end` time NOT NULL,
  `crew_time_start` time NOT NULL,
  `img_seq` bigint DEFAULT NULL,
  `user_seq` bigint DEFAULT NULL,
  PRIMARY KEY (`crew_seq`),
  KEY `FKcftogmuuhjxqk4rg9hess8xnj` (`img_seq`),
  KEY `FKb5c1nijwingdbpobqceqdh64j` (`user_seq`),
  CONSTRAINT `FKb5c1nijwingdbpobqceqdh64j` FOREIGN KEY (`user_seq`) REFERENCES `t_user` (`user_seq`),
  CONSTRAINT `FKcftogmuuhjxqk4rg9hess8xnj` FOREIGN KEY (`img_seq`) REFERENCES `t_img` (`img_seq`)
) ENGINE=InnoDB AUTO_INCREMENT=73 DEFAULT CHARSET=utf8mb4 COLLATE=utf8mb4_bin;
/*!40101 SET character_set_client = @saved_cs_client */;

--
-- Dumping data for table `t_crew`
--

LOCK TABLES `t_crew` WRITE;
/*!40000 ALTER TABLE `t_crew` DISABLE KEYS */;
INSERT INTO `t_crew` VALUES (1,'Y',20000,'2022-08-07 23:59:59','2022-08-01 00:00:00','   .',3000,3,'distance',7,'',NULL,'2022-07-31 06:16:49','23:00:00','20:00:00',NULL,1),(2,'Y',20000,'2022-08-03 23:59:59','2022-07-28 00:00:00','2q',3000,3,'distance',7,'',NULL,'2022-08-01 03:43:23','18:30:00','18:00:00',NULL,7),(3,'N',0,'2023-05-09 23:59:59','2022-11-16 00:00:00','3q',13000,1,'distance',15,'1',NULL,'2022-08-01 08:24:50','21:00:00','20:00:00',NULL,7),(6,'N',10000,'2022-10-06 23:59:59','2022-08-05 00:00:00','.  .',3000,3,'distance',7,'',NULL,'2022-08-03 15:22:16','21:00:00','20:00:00',142,5),(7,'Y',10000,'2022-08-10 23:59:59','2022-08-04 00:00:00',' ',600,3,'time',7,'',NULL,'2022-08-03 16:51:22','21:00:00','20:00:00',NULL,1),(9,'N',100000,'2022-08-18 23:59:59','2022-08-05 00:00:00',' ',1800,3,'time',13,'',NULL,'2022-08-03 23:21:07','21:00:00','20:00:00',NULL,1),(10,'Y',10000,'2022-08-11 23:59:59','2022-07-29 00:00:00','     ~',1000,1,'distance',7,' ',NULL,'2022-08-04 00:22:18','23:59:59','00:00:00',67,8),(11,'Y',10000,'2022-08-11 23:59:59','2022-08-04 00:00:00','',3000,3,'distance',7,'',NULL,'2022-08-04 04:41:37','12:00:00','11:00:00',68,1),(12,'Y',10000,'2022-08-11 23:59:59','2022-08-05 00:00:00',' !',3000,3,'distance',7,'',NULL,'2022-08-04 16:22:28','21:00:00','20:00:00',NULL,1),(13,'N',10000,'2022-08-18 23:59:59','2022-08-05 00:00:00',' !!!',3000,7,'distance',20,'',NULL,'2022-08-04 18:12:59','23:30:00','07:00:00',69,5),(15,'Y',10000,'2022-08-12 23:59:59','2022-08-06 00:00:00','      ',3000,3,'distance',7,'',NULL,'2022-08-05 10:38:44','21:00:00','20:00:00',72,5),(17,'Y',5000,'2022-08-13 23:59:59','2022-08-07 00:00:00','   ',1000,3,'distance',7,'',NULL,'2022-08-06 23:51:43','23:00:00','00:00:00',NULL,1),(18,'Y',5000,'2022-08-13 23:59:59','2022-08-07 00:00:00','       ',1800,1,'time',7,' ',NULL,'2022-08-06 23:52:10','21:00:00','00:00:00',NULL,1),(19,'Y',10000,'2022-08-13 23:59:59','2022-08-07 00:00:00','  ',3000,3,'distance',7,'',NULL,'2022-08-06 23:52:51','21:00:00','00:00:00',NULL,1),(20,'Y',10000,'2022-08-13 23:59:59','2022-08-07 00:00:00','  ',3000,3,'distance',7,'',NULL,'2022-08-06 23:53:06','23:30:00','00:00:00',NULL,1),(21,'Y',5000,'2022-08-13 23:59:59','2022-08-07 00:00:00','',600,7,'time',7,'',NULL,'2022-08-06 23:53:36','21:00:00','00:00:00',NULL,1),(22,'Y',5000,'2022-08-13 23:59:59','2022-08-07 00:00:00','',1000,3,'distance',7,'RUNSSAFY',NULL,'2022-08-06 23:51:43','23:00:00','00:00:00',NULL,1),(23,'Y',5000,'2022-08-13 23:59:59','2022-08-07 00:00:00',' ',1800,1,'time',7,'  ',NULL,'2022-08-06 23:52:10','21:00:00','00:00:00',NULL,1),(24,'Y',10000,'2022-08-13 23:59:59','2022-08-07 00:00:00','SSAFY 7',3000,3,'distance',7,'SSAFY 7',NULL,'2022-08-06 23:52:51','21:00:00','00:00:00',NULL,1),(25,'Y',10000,'2022-08-13 23:59:59','2022-08-07 00:00:00',' ',3000,3,'distance',7,' ',NULL,'2022-08-06 23:53:06','23:30:00','00:00:00',NULL,1),(26,'Y',5000,'2022-08-13 23:59:59','2022-08-07 00:00:00',' 10  ',600,7,'time',7,'10',NULL,'2022-08-06 23:53:36','21:00:00','00:00:00',NULL,1),(27,'Y',5000,'2022-08-13 23:59:59','2022-08-07 00:00:00',' ',600,7,'time',7,'',NULL,'2022-08-06 23:53:36','23:00:00','00:00:00',NULL,1),(28,'Y',10000,'2022-08-17 23:59:59','2022-08-11 00:00:00',' ',3000,3,'distance',7,'',NULL,'2022-08-10 20:53:39','23:00:00','00:00:00',NULL,1),(29,'N',10000,'2022-08-18 23:59:59','2022-08-12 00:00:00','  ',3000,3,'distance',7,'',NULL,'2022-08-10 21:00:53','23:00:00','00:00:00',NULL,1),(30,'Y',5000,'2022-08-17 23:59:59','2022-08-11 00:00:00','  ',600,1,'time',6,'',NULL,'2022-08-10 21:11:02','21:30:00','01:00:00',NULL,8),(32,'N',5000,'2022-08-18 23:59:59','2022-08-12 00:00:00',' walk with me',600,7,'time',7,'wwm?',NULL,'2022-08-11 01:29:47','23:30:00','00:00:00',136,16),(37,'N',10000,'2022-08-25 23:59:59','2022-08-12 00:00:00','1!',600,1,'time',20,'1',NULL,'2022-08-11 22:40:25','23:30:00','00:00:00',231,5),(40,'N',5000,'2022-08-19 23:59:59','2022-08-13 00:00:00','  .',1000,3,'distance',7,' 1km ',NULL,'2022-08-12 21:56:20','20:00:00','18:00:00',NULL,14),(42,'N',5000,'2022-08-20 23:59:59','2022-08-14 00:00:00',' ',1000,7,'distance',20,'.',NULL,'2022-08-13 20:35:13','23:30:00','00:00:00',NULL,19),(43,'N',5000,'2022-08-20 23:59:59','2022-08-14 00:00:00',' ',1000,7,'distance',20,'',NULL,'2022-08-13 20:36:56','23:30:00','00:00:00',NULL,19),(44,'N',100000,'2023-02-04 23:59:59','2022-08-14 00:00:00',' ',60000,7,'distance',20,'',NULL,'2022-08-13 21:50:15','23:30:00','00:00:00',NULL,20),(48,'N',5000,'2023-02-05 23:59:59','2022-08-15 00:00:00','   ',1800,1,'time',7,'',NULL,'2022-08-14 16:54:53','21:00:00','20:00:00',179,21),(63,'N',25000,'2022-10-01 23:59:59','2022-08-21 00:00:00',' 1 !',5000,5,'distance',20,' 1',NULL,'2022-08-17 14:33:50','21:00:00','20:00:00',235,5),(64,'N',10000,'2022-09-07 23:59:59','2022-08-25 00:00:00','    ??',3600,3,'time',7,' 1','1234','2022-08-17 14:35:44','20:00:00','19:00:00',236,5),(65,'N',5000,'2022-11-06 23:59:59','2022-08-29 00:00:00',' !!!!',2000,3,'distance',7,' 1',NULL,'2022-08-17 14:38:14','21:30:00','20:30:00',237,12);
/*!40000 ALTER TABLE `t_crew` ENABLE KEYS */;
UNLOCK TABLES;

--
-- Table structure for table `t_crew_board`
--

DROP TABLE IF EXISTS `t_crew_board`;
/*!40101 SET @saved_cs_client     = @@character_set_client */;
/*!50503 SET character_set_client = utf8mb4 */;
CREATE TABLE `t_crew_board` (
  `crew_board_seq` bigint NOT NULL AUTO_INCREMENT,
  `crew_board_content` varchar(255) COLLATE utf8mb4_bin DEFAULT NULL,
  `crew_board_reg_time` datetime DEFAULT NULL,
  `crew_seq` bigint DEFAULT NULL,
  `img_seq` bigint DEFAULT NULL,
  `user_seq` bigint DEFAULT NULL,
  PRIMARY KEY (`crew_board_seq`),
  KEY `FKix8g0vcgw4t7rc4wp0cp68yr5` (`crew_seq`),
  KEY `FKm6mjl7an0tbped10rjuns7lno` (`img_seq`),
  KEY `FKn9au2oxbk795nb6u52t39i8ht` (`user_seq`),
  CONSTRAINT `FKix8g0vcgw4t7rc4wp0cp68yr5` FOREIGN KEY (`crew_seq`) REFERENCES `t_crew` (`crew_seq`),
  CONSTRAINT `FKm6mjl7an0tbped10rjuns7lno` FOREIGN KEY (`img_seq`) REFERENCES `t_img` (`img_seq`),
  CONSTRAINT `FKn9au2oxbk795nb6u52t39i8ht` FOREIGN KEY (`user_seq`) REFERENCES `t_user` (`user_seq`)
) ENGINE=InnoDB AUTO_INCREMENT=94 DEFAULT CHARSET=utf8mb4 COLLATE=utf8mb4_bin;
/*!40101 SET character_set_client = @saved_cs_client */;

--
-- Dumping data for table `t_crew_board`
--

LOCK TABLES `t_crew_board` WRITE;
/*!40000 ALTER TABLE `t_crew_board` DISABLE KEYS */;
INSERT INTO `t_crew_board` VALUES (1,' ','2022-07-31 13:19:45',1,NULL,4),(2,'  ','2022-08-01 07:48:34',2,NULL,7),(3,'   ','2022-08-02 01:57:12',2,NULL,8),(4,' ','2022-08-03 02:47:28',1,NULL,4),(5,'  !','2022-08-03 02:51:17',1,NULL,4),(14,'   ','2022-08-04 14:06:01',1,NULL,5),(53,'','2022-08-15 23:31:50',3,NULL,7),(59,'    ','2022-08-16 11:28:50',6,205,8),(60,' ','2022-08-16 11:32:14',6,206,8),(65,'!','2022-08-16 14:45:19',29,NULL,1),(66,' ','2022-08-16 15:13:59',32,214,5),(67,'!!\n  ','2022-08-16 23:58:15',37,224,5),(68,'  !!!!!!','2022-08-17 00:21:45',37,226,5),(69,' !','2022-08-17 14:31:42',37,234,9),(70,'MT    !\n ','2022-08-17 14:47:17',37,238,12),(78,'I love RWM','2022-08-18 02:46:24',29,NULL,8),(79,'','2022-08-18 10:49:07',48,259,1),(83,'5 ','2022-08-18 15:32:04',13,NULL,5),(84,'4 ','2022-08-18 15:32:09',13,NULL,5),(85,'3 ','2022-08-18 15:32:15',13,NULL,5),(86,'2 ','2022-08-18 15:32:20',13,NULL,5),(87,'1 ','2022-08-18 15:32:26',13,NULL,5),(88,'11 ','2022-08-18 15:36:34',64,NULL,5),(89,'10 ','2022-08-18 15:36:39',64,NULL,5),(90,'9 ','2022-08-18 15:36:45',64,NULL,5),(91,'8 ','2022-08-18 15:36:50',64,NULL,5),(92,'7 ','2022-08-18 15:36:56',64,NULL,5),(93,'6 ','2022-08-18 15:38:30',64,NULL,5);
/*!40000 ALTER TABLE `t_crew_board` ENABLE KEYS */;
UNLOCK TABLES;

--
-- Table structure for table `t_crew_total_record`
--

DROP TABLE IF EXISTS `t_crew_total_record`;
/*!40101 SET @saved_cs_client     = @@character_set_client */;
/*!50503 SET character_set_client = utf8mb4 */;
CREATE TABLE `t_crew_total_record` (
  `total_record_seq` bigint NOT NULL AUTO_INCREMENT,
  `total_calorie` double NOT NULL,
  `total_distance` int NOT NULL,
  `total_longest_distance` int NOT NULL,
  `total_longest_time` int NOT NULL,
  `total_record_reg_time` datetime NOT NULL,
  `total_time` int NOT NULL,
  `crew_seq` bigint DEFAULT NULL,
  `user_seq` bigint DEFAULT NULL,
  PRIMARY KEY (`total_record_seq`),
  KEY `FKnkn3d4g1ixbeww9kfkum1e526` (`crew_seq`),
  KEY `FKnarjjhkam8ehi3w1f47ssaprb` (`user_seq`),
  CONSTRAINT `FKnarjjhkam8ehi3w1f47ssaprb` FOREIGN KEY (`user_seq`) REFERENCES `t_user` (`user_seq`),
  CONSTRAINT `FKnkn3d4g1ixbeww9kfkum1e526` FOREIGN KEY (`crew_seq`) REFERENCES `t_crew` (`crew_seq`)
) ENGINE=InnoDB AUTO_INCREMENT=61 DEFAULT CHARSET=utf8mb4 COLLATE=utf8mb4_bin;
/*!40101 SET character_set_client = @saved_cs_client */;

--
-- Dumping data for table `t_crew_total_record`
--

LOCK TABLES `t_crew_total_record` WRITE;
/*!40000 ALTER TABLE `t_crew_total_record` DISABLE KEYS */;
INSERT INTO `t_crew_total_record` VALUES (10,1,3,2,24,'2022-08-11 00:07:42',41,10,8),(12,176,1999,695,844,'2022-08-11 18:17:35',2112,10,5),(13,400,5815,2889,1740,'2022-08-11 20:20:25',3463,10,1),(14,97,1417,1088,780,'2022-08-13 19:17:42',1035,17,1),(15,324,4694,4694,3651,'2022-08-12 21:50:22',3659,18,1),(16,0,0,0,1,'2022-08-09 17:20:53',1,19,1),(17,9,137,134,130,'2022-08-13 21:26:47',157,20,1),(18,0,1,1,22,'2022-08-08 21:56:01',30,17,8),(19,73,1063,1061,728,'2022-08-09 18:32:03',746,21,1),(20,214,3116,2653,859,'2022-08-09 19:58:25',1176,22,1),(21,32,466,466,318,'2022-08-07 18:38:53',318,23,1),(22,499,7586,4137,3091,'2022-08-13 19:17:57',5849,17,5),(23,35,504,504,396,'2022-08-07 19:57:03',396,24,1),(24,371,5041,1998,1585,'2022-08-12 19:09:00',2956,21,5),(25,160,2319,2319,1772,'2022-08-07 20:48:48',1772,26,1),(27,24,345,345,165,'2022-08-12 22:36:11',170,25,1),(28,0,6,6,32,'2022-08-09 00:16:49',32,19,5),(29,1,6,6,60,'2022-08-09 00:21:47',60,21,8),(30,288,4176,4176,3070,'2022-08-12 23:28:18',3081,27,1),(31,145,2109,2107,1481,'2022-08-16 13:34:37',1517,29,1),(32,42,854,331,332,'2022-08-17 18:26:00',858,32,16),(33,591,8426,5265,4214,'2022-08-16 18:28:59',6906,37,5),(34,272,5450,3685,1971,'2022-08-18 18:48:05',2695,32,4),(35,225,4524,2174,1518,'2022-08-18 13:52:36',3043,37,4),(36,40,586,586,479,'2022-08-13 20:13:19',479,9,1),(37,327,4435,3128,2232,'2022-08-18 11:53:02',3739,13,5),(40,3434,15446,11100,7577,'2022-08-15 17:18:50',8872,13,20),(41,94,1883,1058,1034,'2022-08-15 18:32:17',1634,40,4),(42,40,784,694,306,'2022-08-15 17:34:52',389,42,4),(43,48,984,573,430,'2022-08-15 18:20:16',773,43,4),(44,100,1996,1792,301,'2022-08-17 15:47:13',477,13,4),(45,415,6000,4124,2779,'2022-08-17 20:49:27',4503,28,1),(46,77,1827,1041,945,'2022-08-17 21:13:55',1896,32,5),(47,41,820,820,272,'2022-08-15 16:55:41',272,44,4),(48,327,6559,5870,727,'2022-08-17 20:18:03',915,30,4),(49,32,531,531,228,'2022-08-16 12:36:40',228,13,23),(50,40,810,483,341,'2022-08-17 09:05:40',560,13,9),(51,26,519,519,479,'2022-08-16 18:44:21',479,44,9),(52,67,904,901,958,'2022-08-18 02:14:33',1013,29,5),(53,64,1284,920,762,'2022-08-17 08:47:13',1016,37,9),(54,21,500,500,174,'2022-08-16 20:22:55',174,48,9),(55,18,364,364,124,'2022-08-16 21:04:55',124,43,9),(56,22,434,434,296,'2022-08-16 22:23:36',296,42,9),(57,77,1118,685,601,'2022-08-18 18:46:45',927,37,1),(58,45,621,621,899,'2022-08-17 18:34:21',899,37,12),(59,7,95,95,69,'2022-08-17 20:02:46',69,6,5),(60,126,1832,1832,669,'2022-08-17 20:27:35',669,37,7);
/*!40000 ALTER TABLE `t_crew_total_record` ENABLE KEYS */;
UNLOCK TABLES;

--
-- Table structure for table `t_crew_user`
--

DROP TABLE IF EXISTS `t_crew_user`;
/*!40101 SET @saved_cs_client     = @@character_set_client */;
/*!50503 SET character_set_client = utf8mb4 */;
CREATE TABLE `t_crew_user` (
  `crew_user_seq` bigint NOT NULL AUTO_INCREMENT,
  `crew_user_reg_time` datetime NOT NULL,
  `crew_seq` bigint DEFAULT NULL,
  `user_seq` bigint DEFAULT NULL,
  PRIMARY KEY (`crew_user_seq`),
  KEY `FK2np4gg9rwm64feow3pbkfiv16` (`crew_seq`),
  KEY `FKalj187m63lm1bw5i5t2b9becl` (`user_seq`),
  CONSTRAINT `FK2np4gg9rwm64feow3pbkfiv16` FOREIGN KEY (`crew_seq`) REFERENCES `t_crew` (`crew_seq`),
  CONSTRAINT `FKalj187m63lm1bw5i5t2b9becl` FOREIGN KEY (`user_seq`) REFERENCES `t_user` (`user_seq`)
) ENGINE=InnoDB AUTO_INCREMENT=313 DEFAULT CHARSET=utf8mb4 COLLATE=utf8mb4_bin;
/*!40101 SET character_set_client = @saved_cs_client */;

--
-- Dumping data for table `t_crew_user`
--

LOCK TABLES `t_crew_user` WRITE;
/*!40000 ALTER TABLE `t_crew_user` DISABLE KEYS */;
INSERT INTO `t_crew_user` VALUES (1,'2022-07-31 06:16:49',1,1),(4,'2022-07-31 12:37:03',1,4),(5,'2022-07-31 13:40:08',1,5),(6,'2022-08-01 03:43:23',2,7),(7,'2022-08-01 08:24:50',3,7),(9,'2022-08-01 08:39:09',2,4),(10,'2022-08-01 08:40:52',3,4),(12,'2022-08-02 01:53:53',2,8),(16,'2022-08-02 13:03:14',3,3),(18,'2022-08-03 15:22:16',6,5),(20,'2022-08-03 16:51:22',7,1),(22,'2022-08-03 21:46:59',6,8),(23,'2022-08-03 23:21:07',9,1),(24,'2022-08-04 00:22:18',10,8),(26,'2022-08-04 04:41:37',11,1),(27,'2022-08-04 16:22:28',12,1),(28,'2022-08-04 18:12:59',13,5),(36,'2022-08-05 10:38:44',15,5),(38,'2022-08-05 18:22:16',15,8),(39,'2022-08-05 18:22:16',10,1),(40,'2022-08-05 18:22:16',10,5),(41,'2022-08-06 23:51:44',17,1),(42,'2022-08-06 23:52:10',18,1),(44,'2022-08-06 23:52:51',19,1),(45,'2022-08-06 23:53:06',20,1),(46,'2022-08-06 23:53:36',21,1),(47,'2022-08-06 23:54:06',21,5),(48,'2022-08-06 23:54:24',19,5),(49,'2022-08-06 23:54:37',18,5),(51,'2022-08-06 23:54:49',17,5),(52,'2022-08-06 23:54:49',20,5),(53,'2022-08-07 01:41:46',17,8),(54,'2022-08-07 01:41:49',18,8),(55,'2022-08-07 01:41:51',19,8),(56,'2022-08-07 01:41:54',20,8),(57,'2022-08-07 01:41:55',21,8),(58,'2022-08-06 23:51:44',22,1),(59,'2022-08-06 23:52:10',23,1),(60,'2022-08-06 23:52:51',24,1),(61,'2022-08-06 23:53:06',25,1),(62,'2022-08-06 23:53:36',26,1),(64,'2022-08-08 10:25:49',27,1),(65,'2022-08-10 20:53:39',28,1),(66,'2022-08-10 21:00:53',29,1),(67,'2022-08-10 21:11:02',30,8),(68,'2022-08-11 00:08:55',29,8),(70,'2022-08-11 01:29:47',32,16),(71,'2022-08-11 09:50:55',29,5),(72,'2022-08-11 09:51:09',32,5),(77,'2022-08-11 22:40:25',37,5),(85,'2022-08-12 21:56:20',40,14),(86,'2022-08-12 21:56:20',40,4),(87,'2022-08-12 21:56:20',32,4),(88,'2022-08-12 21:56:20',37,4),(89,'2022-08-12 21:56:20',30,4),(90,'2022-08-12 21:56:20',11,4),(91,'2022-08-12 21:56:20',13,20),(92,'2022-08-12 21:56:20',29,20),(93,'2022-08-12 21:56:20',9,20),(96,'2022-08-13 20:35:13',42,19),(97,'2022-08-13 20:36:56',43,19),(98,'2022-08-13 21:50:15',44,20),(200,'2022-08-13 21:50:15',13,4),(201,'2022-08-13 22:12:30',44,4),(202,'2022-08-13 22:12:41',43,4),(204,'2022-08-13 22:14:03',42,4),(220,'2022-08-14 16:24:26',21,4),(221,'2022-08-14 16:24:26',21,19),(222,'2022-08-14 16:54:53',48,21),(224,'2022-08-14 21:49:46',48,1),(225,'2022-08-14 22:39:16',48,19),(228,'2022-08-15 15:31:41',48,5),(240,'2022-08-15 15:31:41',37,9),(241,'2022-08-15 15:31:41',40,9),(242,'2022-08-15 15:31:41',42,9),(243,'2022-08-15 15:31:41',43,9),(244,'2022-08-15 15:31:41',44,9),(245,'2022-08-15 15:31:41',48,9),(251,'2022-08-15 15:31:41',37,23),(252,'2022-08-15 15:31:41',40,23),(253,'2022-08-15 15:31:41',42,23),(254,'2022-08-15 15:31:41',43,23),(255,'2022-08-15 15:31:41',44,23),(256,'2022-08-15 15:31:41',48,23),(260,'2022-08-15 15:31:41',13,9),(261,'2022-08-15 15:31:41',13,23),(270,'2022-08-15 15:31:41',37,1),(271,'2022-08-15 15:31:41',37,3),(272,'2022-08-15 15:31:41',37,7),(273,'2022-08-15 15:31:41',37,8),(274,'2022-08-15 15:31:41',37,11),(275,'2022-08-15 15:31:41',37,12),(276,'2022-08-15 15:31:41',37,14),(277,'2022-08-15 15:31:41',37,16),(278,'2022-08-15 15:31:41',37,17),(279,'2022-08-15 15:31:41',37,18),(280,'2022-08-15 15:31:41',37,19),(281,'2022-08-15 15:31:41',37,20),(282,'2022-08-15 15:31:41',37,21),(283,'2022-08-15 15:31:41',37,22),(296,'2022-08-17 14:33:50',63,5),(297,'2022-08-17 14:35:44',64,5),(298,'2022-08-17 14:38:14',65,12);
/*!40000 ALTER TABLE `t_crew_user` ENABLE KEYS */;
UNLOCK TABLES;

--
-- Table structure for table `t_daily_check`
--

DROP TABLE IF EXISTS `t_daily_check`;
/*!40101 SET @saved_cs_client     = @@character_set_client */;
/*!50503 SET character_set_client = utf8mb4 */;
CREATE TABLE `t_daily_check` (
  `daily_check_seq` bigint NOT NULL AUTO_INCREMENT,
  `daily_check_time` datetime NOT NULL,
  `user_seq` bigint NOT NULL,
  PRIMARY KEY (`daily_check_seq`)
) ENGINE=InnoDB DEFAULT CHARSET=utf8mb4 COLLATE=utf8mb4_bin;
/*!40101 SET character_set_client = @saved_cs_client */;

--
-- Dumping data for table `t_daily_check`
--

LOCK TABLES `t_daily_check` WRITE;
/*!40000 ALTER TABLE `t_daily_check` DISABLE KEYS */;
/*!40000 ALTER TABLE `t_daily_check` ENABLE KEYS */;
UNLOCK TABLES;

--
-- Table structure for table `t_fcm_repo`
--

DROP TABLE IF EXISTS `t_fcm_repo`;
/*!40101 SET @saved_cs_client     = @@character_set_client */;
/*!50503 SET character_set_client = utf8mb4 */;
CREATE TABLE `t_fcm_repo` (
  `fcm_id` bigint NOT NULL AUTO_INCREMENT,
  `content` varchar(255) COLLATE utf8mb4_bin DEFAULT NULL,
  `title` varchar(255) COLLATE utf8mb4_bin DEFAULT NULL,
  `token` varchar(255) COLLATE utf8mb4_bin DEFAULT NULL,
  `fcm_user_seq` bigint DEFAULT NULL,
  PRIMARY KEY (`fcm_id`)
) ENGINE=InnoDB AUTO_INCREMENT=13 DEFAULT CHARSET=utf8mb4 COLLATE=utf8mb4_bin;
/*!40101 SET character_set_client = @saved_cs_client */;

--
-- Dumping data for table `t_fcm_repo`
--

LOCK TABLES `t_fcm_repo` WRITE;
/*!40000 ALTER TABLE `t_fcm_repo` DISABLE KEYS */;
/*!40000 ALTER TABLE `t_fcm_repo` ENABLE KEYS */;
UNLOCK TABLES;

--
-- Table structure for table `t_img`
--

DROP TABLE IF EXISTS `t_img`;
/*!40101 SET @saved_cs_client     = @@character_set_client */;
/*!50503 SET character_set_client = utf8mb4 */;
CREATE TABLE `t_img` (
  `img_seq` bigint NOT NULL AUTO_INCREMENT,
  `img_original_name` varchar(255) COLLATE utf8mb4_bin NOT NULL,
  `img_reg_time` datetime NOT NULL,
  `img_saved_name` varchar(255) COLLATE utf8mb4_bin NOT NULL,
  `img_saved_path` varchar(255) COLLATE utf8mb4_bin NOT NULL,
  PRIMARY KEY (`img_seq`)
) ENGINE=InnoDB AUTO_INCREMENT=267 DEFAULT CHARSET=utf8mb4 COLLATE=utf8mb4_bin;
/*!40101 SET character_set_client = @saved_cs_client */;

--
-- Dumping data for table `t_img`
--

LOCK TABLES `t_img` WRITE;
/*!40000 ALTER TABLE `t_img` DISABLE KEYS */;
INSERT INTO `t_img` VALUES (1,'profile_1659247613967','2022-07-31 06:06:58','f14fe8b9-5820-4250-9dba-7f852816554c','profile'),(2,'profile_1659247653682','2022-07-31 06:07:41','66c3bd95-eacf-42ac-b46b-31fe72721ecd','profile'),(3,'record_1659264403450','2022-07-31 10:46:45','d922dfb2-09bd-42d7-9c02-f3387da1fb23','runrecord'),(4,'record_1659264930023','2022-07-31 10:55:32','887a3d28-cba5-4c44-bf5e-ecc119724bbf','runrecord'),(5,'record_1659265130123','2022-07-31 10:58:52','56027335-6b13-4f9f-8741-8c327e345e05','runrecord'),(6,'profile_1659265279954','2022-07-31 11:01:41','7e5557bc-86c3-42a1-939e-3ffb570d8f49','profile'),(7,'profile_1659265279954','2022-07-31 11:01:51','a2799c35-05ad-41d7-9015-7a99154f3cda','profile'),(8,'record_1659267264157','2022-07-31 11:34:26','6478f9ef-f0c6-447a-be29-cb2a546ada69','runrecord'),(9,'record_1659274961687','2022-07-31 13:42:42','a569cb38-6ab0-4ca2-a556-19dc245a20e7','runrecord'),(10,'record_1659275941356','2022-07-31 13:59:03','da8838a0-86bb-49b3-b70b-365c664d08bd','runrecord'),(11,'record_1659276000296','2022-07-31 14:00:00','510c8270-4490-4fa0-ab16-cfc43507d46a','runrecord'),(12,'record_1659276020809','2022-07-31 14:00:21','71681512-4819-40c7-b586-757d11a53326','runrecord'),(13,'record_1659311920539','2022-07-31 23:58:40','c335f851-15e4-4fd7-993c-7bd916f3a61d','runrecord'),(14,'record_1659311932094','2022-07-31 23:58:51','f7ec8256-773d-411a-b334-09333b648331','runrecord'),(15,'record_1659311954008','2022-07-31 23:59:13','1a3bcfbd-28e0-4633-8ac3-18e2df69d3e4','runrecord'),(16,'record_1659312832182','2022-08-01 00:13:57','d10a69da-85e3-4ac9-9031-5c1398c9163a','runrecord'),(17,'record_1659312881727','2022-08-01 00:14:47','46f33e77-0c52-44ac-900e-3b7080c01648','runrecord'),(18,'record_1659313115846','2022-08-01 00:18:41','a92fb66e-ac23-4ab3-a642-2a3d84f1954d','runrecord'),(19,'record_1659313240642','2022-08-01 00:20:46','c1ec8892-79ff-4ec5-b4c7-aabf95dc72e0','runrecord'),(20,'record_1659313259924','2022-08-01 00:21:06','a19ff849-0de0-4732-b3a6-c6ae16c0a0ea','runrecord'),(21,'record_1659313394273','2022-08-01 00:23:19','71eb20af-3be6-45c0-ae4c-13e0282c8972','runrecord'),(22,'record_1659321593417','2022-08-01 02:39:55','1d8b40cc-bbad-4024-b35e-f1bb870f634f','runrecord'),(23,'record_1659326217218','2022-08-01 03:56:59','9743a5aa-2208-415d-8208-dce167e82713','runrecord'),(24,'record_1659340172263','2022-08-01 07:49:34','3bf0a70a-9f08-41b9-acfd-e471a5b3aaa6','runrecord'),(25,'record_1659340184563','2022-08-01 07:49:46','a8b68ae2-8bd4-497f-a9b9-33527509a2e4','runrecord'),(26,'record_1659343626837','2022-08-01 08:47:08','6fa2eaff-0bf8-48ef-ac52-2a9adad4c0e6','runrecord'),(27,'record_1659402609779','2022-08-02 01:10:12','02194447-9a99-42f2-aed9-f83376436e3e','runrecord'),(28,'record_1659402734359','2022-08-02 01:12:16','0a392d75-1b0e-434c-a0d5-f29163a44dbb','runrecord'),(29,'record_1659404462606','2022-08-02 01:41:05','4c0ae0e8-e27f-4398-a57e-2283869130d4','runrecord'),(30,'profile_1659405090346','2022-08-02 01:52:06','2a21894b-d681-42a5-a536-29a73080e66e','profile'),(31,'record_1659405351503','2022-08-02 01:55:50','7db1a1d6-2272-4c6d-bf9f-fb2aed6efa01','runrecord'),(32,'record_1659407019574','2022-08-02 02:23:38','7653340a-850a-4cd6-9b28-d14fc949be75','runrecord'),(34,'1.png','2022-08-02 04:35:30','0edbb0a3-f0ce-48a7-90fe-398649a995f3','runrecord'),(35,'1.png','2022-08-02 04:35:33','94b5a4d4-f20b-4f48-a915-5537ee5b1e1a','runrecord'),(36,'1.png','2022-08-02 04:43:23','7f3baee2-22ac-416c-90ab-3a8675855cb3','runrecord'),(37,'1.png','2022-08-02 04:43:53','59c8a098-eaba-4df1-a796-e15fb93e3d1a','runrecord'),(38,'1.png','2022-08-02 04:44:24','79400ef4-fd83-4a71-abfa-0d69d361b242','runrecord'),(39,'record_1659417035557','2022-08-02 05:10:40','a06755f2-c3b5-4c44-b206-73bf1dc1d614','runrecord'),(40,'record_1659419179951','2022-08-02 05:46:22','a414b898-9f5d-47d6-9492-0678dbab12d9','runrecord'),(41,'record_1659425172022','2022-08-02 07:26:14','1c943cd4-952b-449c-9f86-e26ed8d68f70','runrecord'),(42,'record_1659429560860','2022-08-02 08:39:23','336508d6-8ec9-4921-a4f5-5f71961d25b1','runrecord'),(43,'record_1659429776563','2022-08-02 08:42:59','d450454e-20d1-4cba-958c-e0ed1c9f9d48','runrecord'),(44,'record_1659431854357','2022-08-02 09:17:36','e6297388-e45f-4d13-88f9-32a77acb4686','runrecord'),(45,'record_1659439966280','2022-08-02 11:32:48','4464c08a-b1b6-4112-81a0-5a3b2f3ee34b','runrecord'),(46,'record_1659441432524','2022-08-02 11:57:15','ca1c4238-09fa-4e85-b2b4-6d9a07a237a1','runrecord'),(47,'record_1659441479322','2022-08-02 11:58:01','76893568-dad5-4c3c-b01a-7e2e1ee2e3c3','runrecord'),(48,'record_1659441569867','2022-08-02 11:59:32','1533e2af-ebcc-429d-a612-14bcd7bc02d2','runrecord'),(49,'record_1659441680314','2022-08-02 12:01:22','eccf40a0-e5fd-4366-8208-9d68e1b5149c','runrecord'),(50,'record_1659441797091','2022-08-02 12:03:19','2c9c52d2-593c-43a5-91b2-88226c969208','runrecord'),(51,'record_1659441905092','2022-08-02 12:05:07','da6eae72-a8ed-41f5-8e45-706ba04fe11c','runrecord'),(52,'record_1659442006866','2022-08-02 12:06:49','dbd6c42b-c187-4c78-83cd-5e27703c0c3c','runrecord'),(53,'record_1659442308585','2022-08-02 12:11:51','4b467959-1e51-4c5a-8659-f8f95b7e4aab','runrecord'),(54,'record_1659442560245','2022-08-02 12:16:02','f6e6c125-53d5-4f9b-8505-a8bc1ca94d16','runrecord'),(55,'record_1659444510007','2022-08-02 12:48:32','638b3a47-2f36-4ae9-a37c-58d2fa5d9688','runrecord'),(56,'record_1659444739617','2022-08-02 12:52:22','2f50fa21-b2e6-43f9-8770-486a0b389de3','runrecord'),(57,'profile_1659448292575','2022-08-02 13:51:44','c9a5b5b7-b78a-40c1-8410-c59c3d4674ab','profile'),(58,'profile_1659454280973','2022-08-02 15:31:31','d99647f5-4f6b-4f15-82f5-df6e3a8a0937','profile'),(59,'record_1659487246621','2022-08-03 00:40:49','ca79d329-142d-4172-802b-9f1a5c71ae1b','runrecord'),(60,'record_1659487357018','2022-08-03 00:42:39','6e409aa2-93ea-4e79-8845-1056c2cf1beb','runrecord'),(61,'record_1659490315138','2022-08-03 01:31:57','b34713b3-b617-4ac8-8cc4-72fc5ed273f2','runrecord'),(62,'record_1659490694601','2022-08-03 01:38:14','a3264d02-24c3-4ed2-a100-85c877ebc5c8','runrecord'),(63,'record_1659492805532','2022-08-03 02:13:28','b488f7b8-2041-4454-a951-777377a1be55','runrecord'),(64,'record_1659493260035','2022-08-03 02:21:02','f9d7f9e4-f785-4574-b15a-ca576b1070b4','runrecord'),(65,'1.png','2022-08-03 02:35:00','dc5b157f-f594-4768-be51-340e877c7eac','runrecord'),(66,'crew_1659507703910','2022-08-03 15:22:16','6045b8d9-64dd-42f0-97e3-a3488c6805be','crewlogo'),(67,'crew_1659572482800','2022-08-04 00:22:18','e369b50c-2ac3-4472-81b2-0cc135032e27','crewlogo'),(68,'crew_1659588059544','2022-08-04 04:41:37','4f00cb11-3f80-4d34-82c4-2dc18cca9d63','crewlogo'),(69,'crew_1659604302248','2022-08-04 18:12:59','1f08e573-de65-4381-a3a7-15aa219794b4','crewlogo'),(70,'record_1659614706235','2022-08-04 21:05:07','c518f25c-52cd-4289-90bc-8248d0ed222d','runrecord'),(71,'record_1659618956231','2022-08-04 22:15:57','b8bf75fe-1caf-48d4-a06b-5f4b292e8ba6','runrecord'),(72,'crew_1659663520999','2022-08-05 10:38:44','a5e58471-4779-4ec5-840d-cc28cef01398','crewlogo'),(73,'record_1659665903606','2022-08-05 11:18:24','2fa26da7-a9cf-4c34-be0e-7acebffd460a','runrecord'),(74,'record_1659691244145','2022-08-05 18:20:43','2b5309e2-b65f-4669-afe9-004f15d551bb','runrecord'),(75,'record_1659693324073','2022-08-05 18:55:25','ce731e8f-c99d-4a83-a0b5-b3d234c83517','runrecord'),(76,'record_1659702396120','2022-08-05 21:26:37','68cc15e3-fdd3-4f31-a787-8bb257bbb1ca','runrecord'),(77,'record_1659705483876','2022-08-05 22:18:05','5e63cd7c-a876-4734-9b62-4bb1d69c2ed5','runrecord'),(78,'record_1659788012475','2022-08-06 21:13:33','7f12a493-4ee0-437d-b61f-f6edbe974389','runrecord'),(79,'record_1659788101781','2022-08-06 21:15:02','1012e784-1754-47e9-ae08-9ea18fa301d6','runrecord'),(80,'record_1659789095632','2022-08-06 21:31:37','63c0478b-5f29-438d-a00e-430a9a9effa5','runrecord'),(81,'profile_1659790773482','2022-08-06 12:59:35','9f1e612f-7239-49df-a8a2-387dac436d9f','profile'),(82,'record_1659796949026','2022-08-06 23:42:30','bda360c2-9df7-4008-9db7-430fbdfe8aae','runrecord'),(83,'record_1659797015791','2022-08-06 23:43:38','1ffbcd1b-dda0-4e2e-af4b-6aa7cce9e0dc','runrecord'),(84,'record_1659800090125','2022-08-07 00:34:51','16d43195-802e-4d29-b371-8ea555e99a01','runrecord'),(85,'record_1659800621535','2022-08-07 00:43:43','e6dea42c-24dc-42cb-87b1-d1bce1688fd6','runrecord'),(86,'record_1659800762660','2022-08-07 00:46:04','25865108-e604-43a2-a4ff-0ba1f8d68012','runrecord'),(87,'record_1659802130223','2022-08-07 01:08:52','fc606065-12a2-4189-8b1d-0f5667e4c751','runrecord'),(88,'record_1659804149899','2022-08-07 01:42:30','8303e0b9-12f4-4e8b-8808-4187cd8d2f18','runrecord'),(89,'record_1659805429489','2022-08-07 02:03:50','b73970b0-f2f0-4ad9-bc1d-8679d011fc20','runrecord'),(90,'record_1659835662315','2022-08-07 10:27:43','51bd76f1-55b9-4ea4-ac2e-5e2068c79f6e','runrecord'),(91,'record_1659847609049','2022-08-07 13:46:50','812507ae-a9e4-4ab9-a1d6-48b914c2dc69','runrecord'),(92,'record_1659854489313','2022-08-07 15:41:30','3f33cb7b-dd98-4977-83ec-8824c224706a','runrecord'),(93,'record_1659860363065','2022-08-07 17:19:24','fbadac44-c5e5-48fd-aefe-8886653ddf97','runrecord'),(94,'record_1659865131795','2022-08-07 18:38:53','72b593dd-ad62-4abf-ae06-2ecb360303d2','runrecord'),(95,'record_1659869656365','2022-08-07 19:54:15','a9faa008-b946-41e0-8e89-17b2cbe5f7cf','runrecord'),(96,'record_1659869820226','2022-08-07 19:57:03','27c24b7e-ac47-4be9-97e5-87ff01c7fb3e','runrecord'),(97,'record_1659872846077','2022-08-07 20:47:26','2ae11462-077f-4bc0-b268-83fb85c6fc0a','runrecord'),(98,'record_1659872926817','2022-08-07 20:48:48','894871cc-3d0a-4dac-8f56-67dd8f75b2ef','runrecord'),(99,'WIFI.jpg','2022-08-08 13:33:34','2ae1ba37-9b19-456d-8c87-87c850fb608d','recommend'),(100,'profile_1659934622096','2022-08-08 13:57:05','11313a3b-892d-4d56-adf4-9c66a6cccfe3','recommend'),(101,'profile_1659934927454','2022-08-08 14:02:22','95b17313-98da-4dcb-bce5-072d5453eecd','recommend'),(102,'record_1659935072327','2022-08-08 14:04:33','c44d3469-69e9-4a18-bb93-1ce6fb9a3622','runrecord'),(103,'profile_1659935078947','2022-08-08 14:04:45','b30debda-529b-48c4-b658-46c33e00d8f5','recommend'),(104,'record_1659936307302','2022-08-08 14:25:08','8112e8c5-6c38-4a98-84b8-1eaa2a569f46','runrecord'),(105,'record_1659950125304','2022-08-08 18:15:25','4fc400fd-86bc-4ca6-933a-7a93a8ea3762','runrecord'),(106,'record_1659956421329','2022-08-08 20:00:23','34b7dba7-4811-4bff-a40f-1846cfdff40b','runrecord'),(107,'profile_1659956468325','2022-08-08 20:01:11','11a70871-2d08-4244-9bd7-9ee68d6980f5','recommend'),(108,'record_1659957088487','2022-08-08 20:11:31','3eaaf40d-e576-4021-81bf-bf1b52559d62','runrecord'),(109,'record_1659957418122','2022-08-08 20:16:56','33aab5d9-53bc-4f43-abc4-8629432329c3','runrecord'),(110,'profile_1659962791010','2022-08-08 21:46:35','ee8f71b2-978e-4753-a0e5-923ed2ae301c','recommend'),(111,'record_1659963359845','2022-08-08 21:56:01','6041abec-d9b3-4928-b021-8fd864c7104d','runrecord'),(112,'record_1659968764694','2022-08-08 23:26:06','767273c2-7e4c-4b1d-b348-86fd1a0b9e89','runrecord'),(113,'record_1659971808064','2022-08-09 00:16:49','7207a161-6420-4c32-86fc-d1a23994ded0','runrecord'),(114,'record_1659972105499','2022-08-09 00:21:47','4e456598-7926-482b-b861-2133b1a9aaa8','runrecord'),(115,'record_1659972149489','2022-08-09 00:22:31','d87f686f-702d-4425-b210-5cb59feaebac','runrecord'),(116,'record_1660008519645','2022-08-09 10:28:42','1c4bf525-6eb3-43f7-8cc7-ae96abd3cf31','runrecord'),(117,'record_1660013282888','2022-08-09 11:48:04','77b75f97-4964-4a47-94e6-42e25cc8cc76','runrecord'),(118,'record_1660033251353','2022-08-09 17:20:53','b4a448b4-f2fe-446e-9daa-7366c4f5d66c','runrecord'),(119,'record_1660037132807','2022-08-09 18:25:34','de9e1f58-8b95-4429-bdc2-897fdb2088f7','runrecord'),(120,'record_1660037521013','2022-08-09 18:32:03','589fe86f-0d75-4b45-88e5-acda81121810','runrecord'),(121,'record_1660040549137','2022-08-09 19:22:31','821745a9-63e1-4870-b011-ae7fbabf8fde','runrecord'),(122,'record_1660042702734','2022-08-09 19:58:25','5341a23c-2e7e-4b70-a5d5-4fec0c2dfb41','runrecord'),(123,'record_1660047644955','2022-08-09 21:20:47','4bdada00-7f34-421b-bc61-91f805a4f776','runrecord'),(124,'record_1660047833381','2022-08-09 21:23:55','b9bc48e2-a33e-4ef6-bbed-f7a96c1a82d0','runrecord'),(125,'record_1660048433007','2022-08-09 21:33:54','dad7e5f6-bbaa-4145-8f48-b79ee8a565b6','runrecord'),(126,'record_1660048994951','2022-08-09 21:43:16','bbe364c4-48b8-4f25-935c-fd06c0d2edf1','runrecord'),(127,'record_1660049263765','2022-08-09 21:47:45','4f4dfc62-2200-4ee8-9d40-be9eaaae8835','runrecord'),(128,'record_1660049349967','2022-08-09 21:49:11','aba92c57-55c5-47bd-badb-b744864ab164','runrecord'),(129,'profile_1660092656838','2022-08-10 09:51:05','6a26912d-81be-4038-87cf-96f9db0f786f','recommend'),(130,'profile_1660096000234','2022-08-10 10:46:43','5b85388d-726c-4fd5-9cb7-c25c14798246','profile'),(131,'record_1660127770715','2022-08-10 19:36:11','e01e9132-9128-45db-9ceb-33392b9fd0cf','runrecord'),(132,'record_1660134373159','2022-08-10 21:26:14','72e25787-f290-4098-a9df-d5efcf6c369c','runrecord'),(133,'record_1660144062967','2022-08-11 00:07:42','cac00957-fb44-420d-9f20-f7729d815f4b','runrecord'),(134,'record_1660146473705','2022-08-11 00:47:55','773e6a3a-6501-4355-a8e5-bb6fd21cb17a','runrecord'),(135,'profile_1660148487160','2022-08-11 01:21:31','9c8eae8d-92ea-4657-98ac-98de18021ac3','profile'),(136,'crew_1660148698456','2022-08-11 01:29:47','a25f16cc-2c12-4f7e-ab5c-93d4a94504a7','crewlogo'),(137,'record_1660209452567','2022-08-11 18:17:35','59c880a8-e341-4ee9-9099-306c3600e8be','runrecord'),(138,'record_1660213908503','2022-08-11 19:31:51','ea06ea05-68a2-448f-bf02-25b6f025f9b6','runrecord'),(139,'record_1660216822742','2022-08-11 20:20:25','041d037f-52bf-475f-8406-d07e847c1f1b','runrecord'),(142,'crew_1660225178973','2022-08-11 22:40:25','01c265e0-7d2e-4765-b203-c2567f7647fe','crewlogo'),(143,'record_1660285542652','2022-08-12 15:25:45','c8f4fce5-9ef6-411e-b0f2-3217f99d8570','runrecord'),(144,'profile_1660291037661','2022-08-12 16:57:29','f30ce1dc-4318-42bc-a740-d89636cf320f','profile'),(145,'record_1660297509064','2022-08-12 18:45:12','81671173-37dc-4add-bb3e-3eab6788a2d3','runrecord'),(146,'record_1660298937182','2022-08-12 19:09:00','cf4408e2-e112-48e2-bb9f-134a23c59830','runrecord'),(147,'record_1660304482090','2022-08-12 20:41:23','56b2414e-f134-4570-8c2a-1a7f6b515a71','runrecord'),(148,'profile_1660308275327','2022-08-12 21:44:38','676965df-bb1c-49ac-9c46-662343e44dc6','profile'),(149,'record_1660308619942','2022-08-12 21:50:22','0d87bb20-6e91-4046-9719-24f617b48129','runrecord'),(150,'record_1660308629626','2022-08-12 21:50:31','2163eb51-9694-419e-b9f7-73d1a912f611','runrecord'),(151,'record_1660311369033','2022-08-12 22:36:11','ec3e6a04-fa04-464d-8710-17f889e4a824','runrecord'),(152,'record_1660312950093','2022-08-12 23:02:31','304816d0-a6d8-4116-93b9-1a861b726d3a','runrecord'),(153,'record_1660314490342','2022-08-12 23:28:12','d545c594-f7c3-412e-827f-7444c90fdd1f','runrecord'),(154,'record_1660314495884','2022-08-12 23:28:18','39c2be01-c293-45fc-a3d2-64dea7bc6672','runrecord'),(155,'record_1660314530900','2022-08-12 23:28:52','f1781fcf-45a4-4958-a2fb-269464f28fd6','runrecord'),(156,'profile_1660314670779','2022-08-12 23:31:38','bf783563-ada6-4460-a158-fd3c8d8619a9','recommend'),(157,'profile_1660371736927','2022-08-13 15:22:23','2732139f-0d21-4c64-a945-72b4272bf579','profile'),(158,'profile_1660372084084','2022-08-13 15:28:18','ff491191-d3c2-430b-a2d0-1c4adefea660','profile'),(159,'event_banner.png','2022-08-13 16:04:56','71a9887b-50d0-4b8d-9fa7-39069010bed3','competitionlogo'),(160,'record_1660385859603','2022-08-13 19:17:42','0dc13bb3-b0c5-48fd-98ab-9562338ebb82','runrecord'),(161,'record_1660385874751','2022-08-13 19:17:57','95aa638a-54e2-468e-9d21-65e0d36fa6d7','runrecord'),(162,'record_1660389196526','2022-08-13 20:13:19','b3298403-a0e8-41db-9b2b-e458393614ac','runrecord'),(163,'record_1660393604153','2022-08-13 21:26:47','722e2c36-e4a6-405e-9623-3e50702a602a','runrecord'),(164,'profile_1660393819518','2022-08-13 21:30:22','61a7cc28-b85f-41c4-85e5-5f62bb8b527f','profile'),(165,'profile_1660394023565','2022-08-13 21:33:46','2271eb39-fb96-497f-ba31-ba5405ca7380','profile'),(166,'record_1660394787180','2022-08-13 21:46:27','8e691bb8-1903-4ab5-add0-55bc6cd2da91','runrecord'),(167,'profile_1660394892773','2022-08-13 21:48:58','695de01b-a844-4889-a33d-445d0bde0c16','recommend'),(168,'crew_1660394970204','2022-08-13 21:50:15','175a2c6c-d326-45fe-9fc8-ded605192f0a','crewlogo'),(169,'record_1660395804455','2022-08-13 22:03:24','16b025cf-1b87-4f61-8adc-04c04576489c','runrecord'),(170,'profile_1660397778403','2022-08-13 22:36:21','0e414428-d6f4-41a4-b389-8e1d8024cb70','profile'),(171,'profile_1660398343961','2022-08-13 22:45:47','ebed7976-fd25-4699-96fc-508b2c2cc6b0','profile'),(172,'profile_1660398352035','2022-08-13 22:45:58','0cb4e00f-82ec-485d-9307-76431fde01ab','profile'),(173,'profile_1660398131336','2022-08-13 22:47:13','24de0f7d-07f2-437f-89ff-06028596cb8e','recommend'),(174,'record_1660398992090','2022-08-13 22:56:34','dd528b96-58a6-4441-9d6f-fa843d72a64a','runrecord'),(175,'record_1660456982950','2022-08-14 15:03:03','29507ce2-d75e-4ceb-9b23-8de4f6c260ab','runrecord'),(179,'crew_1660463628807','2022-08-14 16:54:53','0e688268-8d29-4dfd-b2c9-cec38990d3cc','crewlogo'),(180,'record_1660471826794','2022-08-14 19:10:29','913090ee-40d5-4ed7-9744-bf67cd563035','runrecord'),(181,'record_1660471985635','2022-08-14 19:13:06','471938ab-0280-47f2-8a10-023ff4485272','runrecord'),(182,'record_1660472442806','2022-08-14 19:20:44','923999bd-c9c3-4f3a-af4e-49e412a2be1c','runrecord'),(183,'record_1660472559212','2022-08-14 19:22:40','72fe8cc6-f18a-4d0a-8e22-f5821dc3930d','runrecord'),(184,'record_1660478769528','2022-08-14 21:06:13','6726902a-fe64-4bf0-825e-94e2e9d1f385','runrecord'),(185,'record_1660479641907','2022-08-14 21:20:42','d86aacd9-ba20-4c11-b861-9ee1f7449b2c','runrecord'),(186,'record_1660479716669','2022-08-14 21:21:58','87ddceec-454a-46df-9d50-b742ce145b9e','runrecord'),(187,'record_1660529013927','2022-08-15 11:03:36','7ba85a68-7f75-439a-9569-a6b823e9d2c3','runrecord'),(188,'record_1660535166203','2022-08-15 12:46:09','d238149f-fd84-43fe-9e58-94e0d40a2e14','runrecord'),(189,'record_1660539804522','2022-08-15 14:03:28','dc35cce5-53de-4c4f-87f4-baf49f9fca18','runrecord'),(190,'profile_1660544811850','2022-08-15 15:26:56','fa1a6bc4-f2df-49d2-85d8-b49f68e5acc8','profile'),(191,'record_1660550140191','2022-08-15 16:55:41','57f3bca4-8976-4c2c-97d9-75e66d68dde9','runrecord'),(192,'record_1660550439912','2022-08-15 17:00:41','2c7b984e-36ab-4867-94c6-b58dbcefdb4f','runrecord'),(193,'record_1660551527512','2022-08-15 17:18:50','42337bc2-e2ee-410f-95e9-7c37a28ab7c0','runrecord'),(194,'profile_1660551538950','2022-08-15 17:19:14','31190930-507c-48b7-b6a6-a58d248466ac','recommend'),(195,'record_1660551634626','2022-08-15 17:20:36','c1b2cda4-e474-4b1f-863c-02e7e12a60a3','runrecord'),(196,'record_1660552190168','2022-08-15 17:29:51','d0f16697-831b-466e-9e6f-c9310721141e','runrecord'),(197,'record_1660552490481','2022-08-15 17:34:52','5defd6b8-daab-4f91-a257-fcff3a775548','runrecord'),(198,'record_1660555215257','2022-08-15 18:20:16','63d09d86-59b4-4ca8-b40e-dfd3a82d7d00','runrecord'),(199,'record_1660555935667','2022-08-15 18:32:17','3886b85a-da33-48ec-a349-2a3a1d1c2c5f','runrecord'),(200,'record_1660566074833','2022-08-15 21:21:15','813d6d62-73bb-43a8-9e38-81f075d7f6c9','runrecord'),(201,'profile_1660574864955','2022-08-15 23:47:49','0e37bb71-0791-48ce-ace4-5b7f532bcef5','crewboard'),(202,'profile_1660577827031','2022-08-16 00:37:17','6a24faf6-16f9-4b98-abe8-33d524c67432','crewboard'),(203,'profile_1660577850454','2022-08-16 00:37:34','d050da2d-7576-43ed-85d2-a19099711857','crewboard'),(204,'profile_1660579015577','2022-08-16 00:57:00','96367dfd-b200-4718-af6b-9ab46a223199','crewboard'),(205,'profile_1660616908274','2022-08-16 11:28:50','a68db444-0e5a-4185-a59a-3882780409e9','crewboard'),(206,'profile_1660617128763','2022-08-16 11:32:14','905d6ae3-34a6-4865-97f2-8c83b44f6666','crewboard'),(207,'record_1660620999104','2022-08-16 12:36:40','fbf60366-12c9-4793-a8d4-bdfacbac73cc','runrecord'),(208,'record_1660621408834','2022-08-16 12:43:30','8dde9be9-f954-4f0f-902d-91b7b4ab43f5','runrecord'),(209,'record_1660623727312','2022-08-16 13:22:11','56f78c73-3d20-4a46-afee-943f547f0d4c','runrecord'),(210,'record_1660623914053','2022-08-16 13:25:16','eb8edd3b-2864-4e1a-a1f0-d04d88504eac','runrecord'),(211,'profile_1660624101513','2022-08-16 13:28:28','64821908-4af7-450e-a170-1de92724edde','crewboard'),(212,'record_1660624476736','2022-08-16 13:34:37','2fb7649d-ae36-42ec-8a49-1d82346b26f4','runrecord'),(213,'profile_1660628766080','2022-08-16 14:46:09','c8854d94-de6a-43f4-8659-b5acabe19111','profile'),(214,'profile_1660630431200','2022-08-16 15:13:59','705a6bf6-2581-4701-88b1-6ccd92fbd514','crewboard'),(215,'record_1660642137026','2022-08-16 18:28:59','c425a021-1afd-4ea6-ab4a-ee36a259166d','runrecord'),(216,'record_1660643060281','2022-08-16 18:44:21','fad03aea-d466-442a-8f20-cfd18fb03e9f','runrecord'),(217,'record_1660646352412','2022-08-16 19:39:15','254ca469-98b8-4ec0-8887-46470d7f08ed','runrecord'),(218,'record_1660646474393','2022-08-16 19:41:16','c16ecb93-53e7-4b9a-a4fc-aaa8d179756d','runrecord'),(219,'record_1660648974196','2022-08-16 20:22:55','90483720-fe48-41be-840c-3019c46321da','runrecord'),(220,'record_1660651494486','2022-08-16 21:04:55','53374cee-1bc4-4bed-b3eb-9f1fa53fd680','runrecord'),(221,'record_1660653921934','2022-08-16 21:45:23','8d2e5f09-2634-41d3-8903-a45acbe7929e','runrecord'),(222,'record_1660656215069','2022-08-16 22:23:36','ef12b5a2-f43b-45ea-a3bc-c9ff8cd74214','runrecord'),(223,'profile_1660661545203','2022-08-16 23:52:37','87860f5e-944c-4bde-b621-6fa64914e6ef','profile'),(224,'profile_1660661875747','2022-08-16 23:58:15','48c69721-975c-4b1c-8737-0d6fe732ea50','crewboard'),(226,'profile_1660663294323','2022-08-17 00:21:45','d64643c8-dd6c-4f7e-99d3-273729287887','crewboard'),(227,'record_1660693632262','2022-08-17 08:47:13','16695d14-050d-4841-9536-3716a563697e','runrecord'),(228,'record_1660694739914','2022-08-17 09:05:40','63fec5ce-f6af-4a79-9c3a-7b6d349a99e1','runrecord'),(229,'profile_1660706766245','2022-08-17 12:26:09','9503e9d0-776a-474e-8bdd-1a92671669f3','profile'),(230,'profile_1660713316024','2022-08-17 14:15:22','8d942ea2-77a2-4a7f-bbde-4fadc39f080d','profile'),(231,'profile_1660713565807','2022-08-17 14:19:27','2e466cca-c063-4ad0-bf9b-0fdbca4a9a5f','profile'),(232,'profile_1660713629594','2022-08-17 14:20:31','174531c3-57d6-4e65-9461-c79a0a51578c','profile'),(233,'profile_1660713967274','2022-08-17 14:26:16','7f9b84b1-62e6-4165-b672-a6c822051a0a','profile'),(234,'profile_1660714294553','2022-08-17 14:31:42','309e5053-e395-4c6b-abd0-d8cad91e39d4','crewboard'),(235,'crew_1660714374290','2022-08-17 14:33:50','4e88c298-7f75-4d87-9bfa-f31a7d80fc02','crewlogo'),(236,'crew_1660714495060','2022-08-17 14:35:44','3b0b08c1-ce48-47ac-b421-2c250a25b349','crewlogo'),(237,'crew_1660714606564','2022-08-17 14:38:14','08757276-d8c4-420d-9f7b-83410c37562e','crewlogo'),(238,'profile_1660715216270','2022-08-17 14:47:17','7a5ed540-88a0-419b-a65c-b4f386350bec','crewboard'),(239,'profile_1660715362289','2022-08-17 14:49:24','ec30ab59-86ba-4a99-b473-fea99c92f6b5','profile'),(240,'profile_1660715605171','2022-08-17 14:53:32','8ffaf582-f594-488d-8c0e-adcb66aef382','profile'),(242,'profile_1660718229609','2022-08-17 15:37:11','e28e811f-4790-46be-977f-3bb5538865d2','profile'),(244,'record_1660718832686','2022-08-17 15:47:13','731b2845-f631-4de0-b412-d43267c6c3e3','runrecord'),(245,'profile_1660719265171','2022-08-17 15:54:27','b678316f-21bb-403d-a22f-ce32eb8ffc51','profile'),(246,'record_1660727743469','2022-08-17 18:15:44','9de9d58e-72e3-47fc-8c54-e3665c5877ac','runrecord'),(247,'record_1660728052965','2022-08-17 18:20:54','edf0aca1-9810-46bc-b74a-795e1371e044','runrecord'),(248,'record_1660728359331','2022-08-17 18:26:00','142abe9c-a1e9-4c52-9fac-889ea3751c56','runrecord'),(249,'record_1660728860592','2022-08-17 18:34:21','930f81a4-e579-4dee-9e47-9004c1ddd6dd','runrecord'),(250,'record_1660734166896','2022-08-17 20:02:46','41e859cc-a10c-4b7d-8306-c6b4e3bda3f3','runrecord'),(251,'record_1660735081688','2022-08-17 20:18:03','1f5a49b2-9861-4ff2-b20f-28ac9c88ea1e','runrecord'),(252,'record_1660735654047','2022-08-17 20:27:35','b07ed622-3256-4132-9d2e-036d26fefd0d','runrecord'),(253,'record_1660736690037','2022-08-17 20:44:50','57225dd2-4acb-4eb5-b6b7-04f7df9fb3be','runrecord'),(254,'record_1660736965255','2022-08-17 20:49:27','0ac10c13-c568-417e-8f32-028f257cb599','runrecord'),(255,'profile_1660738333742','2022-08-17 21:12:34','f1c8ff28-55c9-43d7-b1c5-b680f91d4891','recommend'),(256,'record_1660738436173','2022-08-17 21:13:55','33872865-ffe5-4229-8c54-81b53462b89d','runrecord'),(257,'record_1660756474196','2022-08-18 02:14:33','1d64fd2f-7d54-4870-969c-cd3ef575aa28','runrecord'),(258,'profile_1660756871039','2022-08-18 02:21:14','253214a8-d257-4d82-ba4b-a5d9ed2d2ae8','profile'),(259,'profile_1660787340859','2022-08-18 10:49:07','b41bd154-58f9-4e91-a16e-05758185e657','crewboard'),(260,'profile_1660791154180','2022-08-18 11:52:45','6abfeb59-613c-4745-95c8-24179862ea27','recommend'),(261,'record_1660791182677','2022-08-18 11:53:02','19be434f-613a-405c-9c66-4a5914076c81','runrecord'),(262,'record_1660798353973','2022-08-18 13:52:36','5317f1a9-215d-4e75-97b5-aeedc3eb14f6','runrecord'),(263,'profile_1660798383162','2022-08-18 13:53:14','f6d7d435-112e-4849-a85a-f563c6eb78e7','recommend'),(264,'profile_1660813919454','2022-08-18 18:12:20','63714586-171f-407a-9be3-6df903e88830','profile'),(265,'record_1660816004383','2022-08-18 18:46:45','09e263d5-bdbd-4273-a7fc-529fed7312e3','runrecord'),(266,'record_1660816084451','2022-08-18 18:48:05','6fdd3d7a-4db7-408e-aebd-456db4de5555','runrecord');
/*!40000 ALTER TABLE `t_img` ENABLE KEYS */;
UNLOCK TABLES;

--
-- Table structure for table `t_question`
--

DROP TABLE IF EXISTS `t_question`;
/*!40101 SET @saved_cs_client     = @@character_set_client */;
/*!50503 SET character_set_client = utf8mb4 */;
CREATE TABLE `t_question` (
  `question_seq` bigint NOT NULL AUTO_INCREMENT,
  `question_content` varchar(255) COLLATE utf8mb4_bin NOT NULL,
  `question_reg_time` datetime NOT NULL,
  `question_status` varchar(255) COLLATE utf8mb4_bin NOT NULL,
  `user_seq` bigint DEFAULT NULL,
  `question_title` varchar(255) COLLATE utf8mb4_bin NOT NULL,
  PRIMARY KEY (`question_seq`),
  KEY `FKgxb8sn1s52v6rwr6wobia0x94` (`user_seq`),
  CONSTRAINT `FKgxb8sn1s52v6rwr6wobia0x94` FOREIGN KEY (`user_seq`) REFERENCES `t_user` (`user_seq`)
) ENGINE=InnoDB DEFAULT CHARSET=utf8mb4 COLLATE=utf8mb4_bin;
/*!40101 SET character_set_client = @saved_cs_client */;

--
-- Dumping data for table `t_question`
--

LOCK TABLES `t_question` WRITE;
/*!40000 ALTER TABLE `t_question` DISABLE KEYS */;
/*!40000 ALTER TABLE `t_question` ENABLE KEYS */;
UNLOCK TABLES;

--
-- Table structure for table `t_record_coordinate`
--

DROP TABLE IF EXISTS `t_record_coordinate`;
/*!40101 SET @saved_cs_client     = @@character_set_client */;
/*!50503 SET character_set_client = utf8mb4 */;
CREATE TABLE `t_record_coordinate` (
  `coordinate_seq` bigint NOT NULL AUTO_INCREMENT,
  `latitude` double DEFAULT NULL,
  `run_record_seq` bigint DEFAULT NULL,
  `longitude` double DEFAULT NULL,
  PRIMARY KEY (`coordinate_seq`),
  KEY `FK1rkjb3ncptsm8crocmgpbsmob` (`run_record_seq`),
  CONSTRAINT `FK1rkjb3ncptsm8crocmgpbsmob` FOREIGN KEY (`run_record_seq`) REFERENCES `t_run_record` (`run_record_seq`)
) ENGINE=InnoDB AUTO_INCREMENT=10098 DEFAULT CHARSET=utf8mb4 COLLATE=utf8mb4_bin;
/*!40101 SET character_set_client = @saved_cs_client */;

--
-- Dumping data for table `t_record_coordinate`
--

LOCK TABLES `t_record_coordinate` WRITE;
/*!40000 ALTER TABLE `t_record_coordinate` DISABLE KEYS */;
INSERT INTO `t_record_coordinate` VALUES (20,36.101543,73,128.4202366),(21,36.1015414,73,128.4202344),(22,36.1015414,73,128.4202344),(23,36.1015535,73,128.4202695),(24,35.8342568,74,128.5737669),(25,35.8342607,74,128.573769),(26,35.8342577,74,128.5737626),(27,35.8342577,74,128.5737626),(28,35.8342567,74,128.5737647),(29,35.8342609,74,128.5737524),(30,35.8342554,75,128.5737654),(31,35.8342562,75,128.5737687),(32,35.8342606,75,128.5737699),(33,36.1015575,76,128.4202418),(34,36.101592,76,128.4201948),(35,36.1015606,76,128.4202389),(36,36.1015399,77,128.4202153),(37,36.1015395,77,128.4202305),(38,36.1015442,77,128.4202316),(39,36.1015442,77,128.4202316),(40,36.1015369,77,128.4202309),(211,36.1015655,79,128.4202172),(212,36.1015914,79,128.4201514),(213,36.1015765,79,128.4200375),(214,36.101639,79,128.4200656),(215,36.1017218,79,128.4199983),(216,36.1019502,79,128.4201107),(217,36.1020685,79,128.4201453),(218,36.1022022,79,128.420131),(219,36.1023848,79,128.4201878),(220,36.1025151,79,128.4202579),(221,36.102629,79,128.4201869),(222,36.1028021,79,128.4201469),(223,36.1029192,79,128.4200938),(224,36.1030307,79,128.4201279),(225,36.1030575,79,128.420004),(226,36.1030554,79,128.4197422),(227,36.1030402,79,128.4195082),(228,36.1030315,79,128.4193745),(229,36.102759,79,128.4195352),(230,36.1026225,79,128.4196712),(231,36.1025433,79,128.4196649),(232,36.1024356,79,128.4196445),(233,36.1023206,79,128.4195987),(234,36.1021815,79,128.4196038),(235,36.102063,79,128.4196156),(236,36.1019209,79,128.4196599),(237,36.1018321,79,128.4197956),(238,36.1017638,79,128.419933),(239,36.1017096,79,128.4200094),(240,36.101622,79,128.4200534),(241,36.1014945,79,128.4201325),(242,36.1014178,79,128.4201372),(243,36.1014075,79,128.4201402),(244,36.1015366,80,128.4202204),(245,36.1016055,80,128.4201644),(246,36.1016699,80,128.4200537),(247,36.1017868,80,128.4200128),(248,36.1019081,80,128.4200507),(249,36.1020229,80,128.4201244),(250,36.1021444,80,128.4202294),(251,36.1022932,80,128.4202359),(252,36.1023859,80,128.4202771),(253,36.102661,80,128.4201825),(254,36.102763,80,128.4201072),(255,36.1028659,80,128.4200703),(256,36.1028711,80,128.4200596),(257,36.1029685,80,128.4200611),(258,36.1030881,80,128.4199687),(259,36.1031057,80,128.4198356),(260,36.1030935,80,128.4196024),(261,36.1032369,80,128.4196008),(262,36.1033697,80,128.4196115),(263,36.1035159,80,128.4196129),(264,36.1036406,80,128.4195128),(265,36.103723,80,128.4193569),(266,36.1037973,80,128.4191665),(267,36.1038778,80,128.4190099),(268,36.1039367,80,128.4189654),(269,36.1039644,80,128.4188802),(270,36.104076,80,128.4186435),(271,36.1041992,80,128.4185348),(272,36.1042647,80,128.4183266),(273,36.1041377,80,128.4182374),(274,36.1039702,80,128.4182243),(275,36.1040612,80,128.4182071),(276,36.1040735,80,128.4181771),(277,36.1040785,80,128.4181876),(278,36.1040278,81,128.4183648),(279,36.1040306,81,128.4183584),(280,36.1040511,81,128.4183294),(281,36.1041921,81,128.418116),(282,36.1042693,81,128.4180214),(283,36.1043963,81,128.4178106),(284,36.1044959,81,128.4178275),(285,36.1045906,81,128.4178171),(286,36.1046884,81,128.4178202),(287,36.1048064,81,128.4178205),(288,36.1049192,81,128.4178078),(289,36.1050249,81,128.4178125),(290,36.1051334,81,128.4177433),(291,36.1052505,81,128.4177486),(292,36.105359,81,128.4177525),(293,36.1054717,81,128.4177416),(294,36.1055628,81,128.4177606),(295,36.1056008,81,128.4179252),(296,36.1055818,81,128.4180552),(297,36.1056114,81,128.4181779),(298,36.1056453,81,128.4183031),(299,36.1056551,81,128.4184482),(300,36.1056735,81,128.4185604),(301,36.105695,81,128.4186745),(302,36.1057303,81,128.4188104),(303,36.1057594,81,128.41894),(304,36.1057532,81,128.4190568),(305,36.1057609,81,128.4191699),(306,36.105778,81,128.4192996),(307,36.1058168,81,128.4194359),(308,36.1058123,81,128.4194493),(309,36.1058236,81,128.4194282),(310,36.1058929,81,128.4193121),(311,36.1060041,81,128.4192998),(312,36.1060711,81,128.4193324),(313,36.1060773,81,128.4193476),(314,36.106438,81,128.419579),(315,36.1040953,82,128.4185807),(316,36.1041195,82,128.4184214),(317,36.1041666,82,128.4182846),(318,36.1042536,82,128.4181164),(319,36.1042742,82,128.4180017),(320,36.1043345,82,128.4178351),(321,36.1044455,82,128.4177368),(322,36.1045277,82,128.4177494),(323,36.1046259,82,128.4177522),(324,36.104755,82,128.4178588),(325,36.1048863,82,128.4178903),(326,36.1050228,82,128.4178572),(327,36.1051628,82,128.4177971),(328,36.1052419,82,128.417743),(329,36.1053834,82,128.4177754),(330,36.105497,82,128.4178149),(331,36.105645,82,128.4178616),(332,36.105686,82,128.417955),(333,36.1057527,82,128.4180858),(334,36.1057625,82,128.4182331),(335,36.1056991,82,128.4183656),(336,36.10566,82,128.4185023),(337,36.1057173,82,128.4186821),(338,36.1057316,82,128.4188397),(339,36.1057906,82,128.4189653),(340,36.1058421,82,128.4191018),(341,36.1058624,82,128.4192237),(342,36.105873,82,128.419356),(343,36.1058855,82,128.4194606),(344,36.1058533,82,128.4194345),(345,36.105882,82,128.4193811),(346,36.1061105,82,128.4194281),(347,36.106159,82,128.4191723),(348,36.1061582,82,128.4191929),(349,36.1060744,82,128.4193609),(350,36.1061032,82,128.419404),(351,36.106168,82,128.4194645),(352,36.1062642,82,128.4195717),(353,36.1063808,82,128.4195964),(354,36.1064722,82,128.4196544),(355,36.1065136,82,128.4196101),(356,36.1065112,82,128.4195916),(532,36.1063038,84,128.4196924),(533,36.1062785,84,128.4197277),(534,36.1062419,84,128.419795),(535,36.10618,84,128.4198371),(536,36.1061707,84,128.419908),(537,36.1062193,84,128.4199626),(538,36.1061076,84,128.4198665),(539,36.1061089,84,128.4198661),(540,36.1061206,84,128.4198755),(541,36.1061701,84,128.4199566),(542,36.1060883,84,128.4199903),(543,36.1059546,84,128.4200684),(544,36.105812,84,128.4201596),(545,36.1056838,84,128.4202571),(546,36.1054572,84,128.420309),(547,36.1053635,84,128.4203605),(548,36.1053444,84,128.4204001),(549,36.1052958,84,128.4204918),(550,36.1051978,84,128.4206023),(551,36.1050263,84,128.4207498),(552,36.1049017,84,128.4208155),(553,36.1048784,84,128.4208647),(554,36.104808,84,128.4209927),(555,36.1046178,84,128.4211419),(556,36.1044677,84,128.4212466),(557,36.1043341,84,128.4212983),(558,36.1042766,84,128.4213313),(559,36.1042004,84,128.4214825),(560,36.1041431,84,128.4215722),(561,36.1040563,84,128.4216615),(562,36.1039598,84,128.4216607),(563,36.1038225,84,128.4218244),(564,36.1037172,84,128.4219857),(565,36.1037108,84,128.4219923),(566,36.1037026,84,128.4220401),(567,36.1036442,84,128.422129),(568,36.1036034,84,128.422241),(569,36.1034504,84,128.4223103),(570,36.103294,84,128.4223845),(571,36.1031465,84,128.4224625),(572,36.1030833,84,128.4225146),(573,36.1030206,84,128.422619),(574,36.1029371,84,128.4227011),(575,36.1028468,84,128.422789),(576,36.1028154,84,128.4228294),(577,36.1027754,84,128.4228905),(578,36.1027945,84,128.4227514),(579,36.1027947,84,128.4227272),(580,36.1027838,84,128.4227432),(581,36.1028853,84,128.4227988),(582,36.1027322,84,128.422855),(583,36.1026282,84,128.4229555),(584,36.1025321,84,128.4230368),(585,36.102497,84,128.4230641),(586,36.1023888,84,128.4230963),(587,36.1022308,84,128.423144),(588,36.1021685,84,128.4233292),(589,36.1021261,84,128.4233813),(590,36.1020698,84,128.4234766),(591,36.101952,84,128.4235699),(592,36.1018243,84,128.4236652),(593,36.1016268,84,128.4238667),(594,36.1015829,84,128.4238971),(595,36.1015405,84,128.4239723),(596,36.1014615,84,128.4240721),(597,36.1013745,84,128.4241215),(598,36.1012062,84,128.4242435),(599,36.1010355,84,128.4243797),(600,36.1009353,84,128.4244527),(601,36.1009196,84,128.4244919),(602,36.1008974,84,128.4245452),(603,36.1007791,84,128.4246088),(604,36.1007122,84,128.4247084),(605,36.1006255,84,128.4248272),(606,36.1006022,84,128.4247794),(607,36.1004519,84,128.4248755),(608,36.1003315,84,128.4250364),(609,36.1002057,84,128.4251521),(610,36.1000762,84,128.42525),(611,36.0999849,84,128.4253235),(612,36.0999227,84,128.4253984),(613,36.0998539,84,128.4254793),(614,36.0998552,84,128.4254533),(615,36.0998552,84,128.4254533),(616,36.099812,84,128.4256236),(617,36.0997797,84,128.4258214),(618,36.0996255,84,128.4258413),(619,36.0995067,84,128.4258473),(620,36.0994165,84,128.4259128),(621,36.0994312,84,128.425895),(622,36.0994923,84,128.4258487),(623,36.0994722,84,128.4258698),(624,36.0994536,84,128.4258701),(625,36.0994623,84,128.4257963),(626,36.0992119,84,128.4256117),(627,36.0991175,84,128.4254868),(628,36.0991679,84,128.4255013),(629,36.0991777,84,128.425492),(630,36.099238,84,128.4254876),(631,36.0992362,84,128.4254016),(632,36.0994845,84,128.4253161),(633,36.0995854,84,128.4252426),(634,36.0996659,84,128.4251256),(635,36.0997718,84,128.4249857),(636,36.099842,84,128.4249344),(637,36.0998721,84,128.4249601),(638,36.0998885,84,128.4248583),(639,36.10006,84,128.4246646),(640,36.100286,84,128.4245073),(641,36.1004549,84,128.4244417),(642,36.1005204,84,128.4243917),(643,36.1005659,84,128.4242836),(644,36.1006448,84,128.4241858),(645,36.1007389,84,128.4241448),(646,36.1008223,84,128.4241048),(647,36.1009264,84,128.4240345),(648,36.1009504,84,128.4238478),(649,36.1010685,84,128.4237375),(650,36.1011406,84,128.423589),(651,36.1012458,84,128.4234692),(652,36.1013933,84,128.4233741),(653,36.1015582,84,128.4233613),(654,36.1016715,84,128.4233409),(655,36.1017484,84,128.4233088),(656,36.1018581,84,128.4232371),(657,36.1019932,84,128.4231159),(658,36.1020952,84,128.4229706),(659,36.1021594,84,128.4228871),(660,36.1022233,84,128.422782),(661,36.1022702,84,128.4226788),(662,36.1022847,84,128.4225572),(663,36.1023875,84,128.4225549),(664,36.1024203,84,128.4225553),(665,36.1024146,84,128.4225549),(666,36.1024166,84,128.4224929),(667,36.1024615,84,128.4224235),(668,36.1025423,84,128.422449),(669,36.1026836,84,128.4223171),(670,36.1027322,84,128.4221303),(671,36.1028182,84,128.4220715),(672,36.1029509,84,128.4220362),(673,36.1031219,84,128.4219403),(674,36.1032315,84,128.4218205),(675,36.1033164,84,128.4217416),(676,36.1034129,84,128.4216831),(677,36.1035421,84,128.4216216),(678,36.1036232,84,128.4214989),(679,36.1036545,84,128.4212949),(680,36.1038446,84,128.4212596),(681,36.1039811,84,128.4211462),(682,36.1040309,84,128.4211583),(683,36.1040554,84,128.421036),(684,36.1041265,84,128.4209043),(685,36.1041868,84,128.4208164),(686,36.1041809,84,128.4206079),(687,36.1040975,84,128.4205028),(688,36.104032,84,128.4204084),(689,36.1039982,84,128.4202988),(690,36.1038922,84,128.4202108),(691,36.1037763,84,128.4200403),(692,36.1037032,84,128.419881),(693,36.1036598,84,128.4197096),(694,36.103551,84,128.4195677),(695,36.1034721,84,128.4194176),(696,36.1034658,84,128.4192951),(697,36.1033719,84,128.4192824),(698,36.1032507,84,128.4193857),(699,36.1031316,84,128.4193451),(700,36.1029981,84,128.4193772),(701,36.1028608,84,128.4195051),(702,36.1026386,84,128.4195576),(703,36.1024492,84,128.4195828),(704,36.1024119,84,128.4196691),(705,36.1022789,84,128.4197369),(706,36.1021396,84,128.4197133),(707,36.1019829,84,128.4196277),(708,36.1018614,84,128.4195886),(709,36.101809,84,128.41971),(710,36.1017701,84,128.4198975),(711,36.1017013,84,128.4199986),(712,36.1015767,84,128.4200318),(713,36.1014876,84,128.4201666),(714,36.1014591,84,128.4201617),(715,36.1014879,84,128.4201901),(716,36.1015243,84,128.4202342),(776,36.1071899,87,128.4166817),(777,36.1072076,87,128.4166964),(778,36.1072592,87,128.4167237),(779,36.1072529,87,128.4167424),(780,36.1072522,87,128.416743),(781,36.107267,87,128.4167257),(782,36.1072707,87,128.416701),(783,36.1073809,87,128.4168276),(784,36.1074266,87,128.4169461),(785,36.1074482,87,128.4170707),(786,36.1074383,87,128.4171235),(787,36.1074206,87,128.4171625),(788,36.1074289,87,128.417265),(789,36.1073665,87,128.4173054),(790,36.1072441,87,128.4172772),(791,36.1071315,87,128.4172799),(792,36.107049,87,128.4173054),(793,36.1069611,87,128.4173157),(794,36.1068583,87,128.4173243),(795,36.1067475,87,128.4173284),(796,36.1066276,87,128.4173525),(797,36.1065295,87,128.4173852),(798,36.1064591,87,128.4173926),(799,36.1063801,87,128.4174517),(800,36.1062848,87,128.417407),(801,36.1061835,87,128.4174116),(802,36.1060666,87,128.4174735),(803,36.1059503,87,128.417451),(804,36.1058623,87,128.4174615),(805,36.1057777,87,128.417456),(806,36.1057506,87,128.4173867),(807,36.1057466,87,128.4173136),(808,36.1057441,87,128.4172848),(809,36.1057461,87,128.4172795),(810,36.1057283,87,128.4172831),(811,36.1056391,87,128.4172911),(812,36.1055294,87,128.4173242),(813,36.1054532,87,128.4173316),(814,36.1053644,87,128.4173687),(815,36.1052871,87,128.4173853),(816,36.105199,87,128.4173828),(817,36.105126,87,128.4173762),(818,36.1050931,87,128.4173331),(819,36.1050028,87,128.4173718),(820,36.1050019,87,128.4174942),(821,36.1050072,87,128.4176152),(822,36.1049974,87,128.4177179),(823,36.1049079,87,128.4177869),(824,36.1048246,87,128.4177992),(825,36.1047347,87,128.4177887),(826,36.1046294,87,128.4177754),(827,36.1046018,87,128.4178424),(828,36.104507,87,128.4177993),(829,36.1044334,87,128.4177785),(830,36.1043971,87,128.4178152),(831,36.1043558,87,128.4178826),(832,36.1042926,87,128.4180051),(833,36.1042454,87,128.4181039),(834,36.1041965,87,128.4181685),(835,36.1041125,87,128.4181576),(836,36.1040124,87,128.4181503),(837,36.1040379,87,128.4181381),(838,36.1040505,87,128.4181655),(839,36.10407,87,128.418171),(941,36.1012061,88,128.4203739),(942,36.1011179,88,128.4204428),(943,36.1010149,88,128.4205144),(944,36.1008945,88,128.4206641),(945,36.1007383,88,128.4207778),(946,36.1005702,88,128.4208747),(947,36.1005047,88,128.4210036),(948,36.1004137,88,128.4210892),(949,36.1003098,88,128.4211863),(950,36.1003044,88,128.4213235),(951,36.100322,88,128.4215588),(952,36.100351,88,128.421712),(953,36.100364,88,128.4218865),(954,36.1003072,88,128.4220565),(955,36.1003576,88,128.4221705),(956,36.1004121,88,128.422389),(957,36.1004943,88,128.4225314),(958,36.1005598,88,128.4226194),(959,36.100553,88,128.4228422),(960,36.1006586,88,128.4230451),(961,36.1007573,88,128.4232773),(962,36.1008374,88,128.423379),(963,36.1009436,88,128.423453),(964,36.1010086,88,128.4235734),(965,36.1010182,88,128.4236842),(966,36.100971,88,128.4238186),(967,36.1008398,88,128.4238745),(968,36.100813,88,128.423861),(969,36.1009614,88,128.4237715),(970,36.1010621,88,128.4237043),(971,36.1012054,88,128.4236105),(972,36.1012358,88,128.4234008),(973,36.1012856,88,128.4232808),(974,36.1013895,88,128.4232389),(975,36.1015675,88,128.4232249),(976,36.1016757,88,128.4231651),(977,36.101812,88,128.4230479),(978,36.102001,88,128.4227316),(979,36.102101,88,128.4225464),(980,36.1023141,88,128.4225521),(981,36.1024318,88,128.4224548),(982,36.1025214,88,128.4223261),(983,36.1026283,88,128.4222254),(984,36.1027511,88,128.422142),(985,36.10285,88,128.4221614),(986,36.1029734,88,128.4220421),(987,36.1030245,88,128.4218988),(988,36.103128,88,128.4218304),(989,36.1032538,88,128.4217188),(990,36.1033649,88,128.421575),(991,36.1035452,88,128.4213102),(992,36.1036244,88,128.4212558),(993,36.1037134,88,128.4212074),(994,36.1038289,88,128.4211927),(995,36.1039256,88,128.4211768),(996,36.1040169,88,128.4210913),(997,36.1040487,88,128.4208761),(998,36.1041107,88,128.4207442),(999,36.1042206,88,128.4208409),(1000,36.1041891,88,128.4207723),(1001,36.1044905,88,128.4205888),(1002,36.104574,88,128.4204877),(1003,36.104702,88,128.4203943),(1004,36.1048976,88,128.4202485),(1005,36.1050182,88,128.4201532),(1006,36.1050958,88,128.4200422),(1007,36.1051345,88,128.419854),(1008,36.105187,88,128.4197804),(1009,36.105316,88,128.4197784),(1010,36.1054257,88,128.419685),(1011,36.1054603,88,128.4196838),(1012,36.1055125,88,128.419894),(1013,36.1057057,88,128.4198636),(1014,36.1058428,88,128.4198478),(1015,36.1058928,88,128.4196619),(1016,36.1058468,88,128.4192535),(1017,36.1057633,88,128.4189851),(1018,36.1057384,88,128.4188592),(1019,36.1057018,88,128.4186405),(1020,36.1057069,88,128.4185383),(1021,36.1057046,88,128.4186443),(1022,36.1056789,88,128.418696),(1023,36.1056528,88,128.4187501),(1024,36.1056496,88,128.4186274),(1025,36.105603,88,128.4185098),(1026,36.105545,88,128.4181507),(1027,36.1054723,88,128.4176838),(1028,36.1054029,88,128.4172343),(1029,36.1053561,88,128.4167848),(1030,36.1053506,88,128.4164217),(1031,36.1053808,88,128.4160695),(1032,36.1054052,88,128.4157159),(1033,36.1054134,88,128.4152643),(1034,36.1054326,88,128.4150409),(1035,36.1054248,88,128.4146376),(1036,36.1054229,88,128.4144208),(1037,36.1054292,88,128.4140444),(1038,36.1054262,88,128.4137479),(1039,36.1054086,88,128.4134952),(1040,36.1054354,88,128.4130932),(1041,36.1054333,88,128.4126789),(1042,36.1053829,88,128.4123),(1043,36.1053928,88,128.4119549),(1044,36.1053958,88,128.4116384),(1045,36.1053783,88,128.4112836),(1046,36.1054162,88,128.4109996),(1047,36.1054123,88,128.4107226),(1048,36.1053949,88,128.4105134),(1049,36.1053975,88,128.4102151),(1050,36.1053814,88,128.4097009),(1051,36.1053551,88,128.4094946),(1052,36.105372,88,128.409411),(1053,36.1053939,88,128.4097687),(1054,36.1054224,88,128.4101709),(1055,36.1054231,88,128.4105635),(1056,36.105374,88,128.4109255),(1057,36.1053861,88,128.4113373),(1058,36.1053693,88,128.4115924),(1059,36.1053829,88,128.4119931),(1060,36.1053876,88,128.4121086),(1061,36.1053607,88,128.4123902),(1062,36.1054194,88,128.4126327),(1063,36.1054544,88,128.4130103),(1064,36.1054354,88,128.4133512),(1065,36.1054368,88,128.4137011),(1066,36.1054097,88,128.4140027),(1067,36.1054229,88,128.4143607),(1068,36.1054782,88,128.4147112),(1069,36.1054788,88,128.4150488),(1070,36.1054842,88,128.415369),(1071,36.1054446,88,128.4156606),(1072,36.1054256,88,128.4159042),(1073,36.1054153,88,128.4160755),(1074,36.1053738,88,128.4163525),(1075,36.1053942,88,128.416642),(1076,36.105396,88,128.4168663),(1077,36.1053795,88,128.4172272),(1078,36.1054031,88,128.4173395),(1079,36.1054254,88,128.4173724),(1080,36.1054428,88,128.4174999),(1171,36.1042122,90,128.4182363),(1172,36.1041885,90,128.4183525),(1173,36.1041433,90,128.418473),(1174,36.1040836,90,128.4185879),(1175,36.1039953,90,128.4186927),(1176,36.103964,90,128.4188026),(1177,36.1039306,90,128.4189101),(1178,36.1038626,90,128.4189992),(1179,36.1037636,90,128.4191055),(1180,36.1037001,90,128.4192329),(1181,36.1036579,90,128.4193274),(1182,36.1035942,90,128.4194276),(1183,36.1034994,90,128.4194774),(1184,36.103415,90,128.4194882),(1185,36.1032897,90,128.4195059),(1186,36.1031931,90,128.4195254),(1187,36.1031549,90,128.4195365),(1188,36.10304,90,128.4195623),(1189,36.1028975,90,128.4195699),(1190,36.1027591,90,128.4195763),(1191,36.1026579,90,128.4195498),(1192,36.1025565,90,128.4195655),(1193,36.1024554,90,128.419605),(1194,36.102347,90,128.4196159),(1195,36.1022427,90,128.4196423),(1196,36.1021287,90,128.4196497),(1197,36.1020016,90,128.4196491),(1198,36.1019101,90,128.4196482),(1199,36.1018423,90,128.419664),(1200,36.1017545,90,128.4197187),(1201,36.1016417,90,128.4197128),(1202,36.101535,90,128.4197238),(1203,36.101438,90,128.4197362),(1204,36.1013468,90,128.4197381),(1205,36.1012763,90,128.4197505),(1206,36.101292,90,128.4197179),(1207,36.1013543,90,128.4197202),(1208,36.1015548,90,128.4197201),(1209,36.1016751,90,128.4197203),(1210,36.101787,90,128.4196947),(1211,36.1018612,90,128.4196511),(1212,36.1019671,90,128.4196528),(1213,36.1020853,90,128.4196255),(1214,36.1021993,90,128.4195852),(1215,36.102308,90,128.419586),(1216,36.1024544,90,128.4196246),(1217,36.1025788,90,128.4196116),(1218,36.1027079,90,128.4196152),(1219,36.1028403,90,128.41961),(1220,36.1029676,90,128.4195819),(1221,36.1030879,90,128.4195647),(1222,36.1031975,90,128.4195504),(1223,36.1033313,90,128.4195282),(1224,36.1034446,90,128.4195197),(1225,36.1035481,90,128.4196188),(1226,36.1036438,90,128.4197294),(1227,36.1037312,90,128.419875),(1228,36.1037884,90,128.4199717),(1229,36.1038812,90,128.4200848),(1230,36.1039632,90,128.4201957),(1231,36.1039785,90,128.4202978),(1232,36.1038705,90,128.4203998),(1233,36.1037332,90,128.4204874),(1234,36.1036243,90,128.4205588),(1235,36.1035481,90,128.4206643),(1236,36.1034498,90,128.4207945),(1237,36.1033542,90,128.4208896),(1238,36.1032901,90,128.421012),(1239,36.1033956,90,128.4211282),(1240,36.1035088,90,128.4212204),(1241,36.1035845,90,128.4213555),(1242,36.103639,90,128.4214421),(1243,36.1035799,90,128.4215835),(1244,36.1034553,90,128.4216418),(1245,36.1033529,90,128.4216503),(1246,36.1032617,90,128.4217524),(1247,36.103178,90,128.4218741),(1248,36.1031238,90,128.4220099),(1249,36.1029989,90,128.4220883),(1250,36.1028891,90,128.4221687),(1251,36.1027653,90,128.4222433),(1252,36.1026692,90,128.4223023),(1253,36.1025904,90,128.4224013),(1254,36.1025129,90,128.4224892),(1255,36.102418,90,128.4225775),(1256,36.1023484,90,128.4226879),(1257,36.1023695,90,128.4227146),(1258,36.1023807,90,128.4227016),(1259,36.1023851,90,128.4226963),(1260,36.1024596,90,128.4227832),(1261,36.1025547,90,128.4229608),(1262,36.1026307,90,128.422964),(1263,36.102651,90,128.4229614),(1264,36.1046126,90,128.4211782),(1265,36.1046517,90,128.4210794),(1266,36.1046677,90,128.4210541),(1267,36.104679,90,128.4210126),(1268,36.1046813,90,128.4209845),(1269,36.104641,90,128.4208946),(1270,36.1045847,90,128.4207296),(1271,36.1045073,90,128.4207032),(1272,36.1045056,90,128.4207236),(1273,36.1044944,90,128.4207379),(1274,36.1043905,90,128.4207529),(1275,36.1042334,90,128.4207019),(1276,36.1041109,90,128.4205735),(1277,36.104045,90,128.4204459),(1278,36.1039833,90,128.4203127),(1279,36.1039348,90,128.4202305),(1280,36.1038499,90,128.4201091),(1281,36.1037667,90,128.4199891),(1282,36.1036923,90,128.4198891),(1283,36.1036402,90,128.4197511),(1284,36.1035444,90,128.4196684),(1285,36.1034702,90,128.4195667),(1286,36.1034766,90,128.4195702),(1287,36.1035384,90,128.4195924),(1288,36.1035584,90,128.4194842),(1289,36.1036049,90,128.4194395),(1290,36.1036689,90,128.4193451),(1291,36.103726,90,128.4192404),(1292,36.1037924,90,128.4191303),(1293,36.103856,90,128.4190392),(1294,36.1039065,90,128.4189189),(1295,36.10397,90,128.4187979),(1296,36.1040135,90,128.4186839),(1297,36.1040618,90,128.4185674),(1298,36.1041247,90,128.4184359),(1299,36.1098269,91,128.4245241),(1300,36.1098315,91,128.4245409),(1301,36.1015417,92,128.420228),(1302,36.1015418,92,128.4202272),(1303,36.104149,93,128.4182192),(1304,36.1041509,93,128.418197),(1305,36.1041509,93,128.418197),(1306,36.1041512,93,128.4182073),(1307,36.1041512,93,128.4182073),(1308,36.1041479,93,128.418165),(1309,36.1098317,94,128.4245119),(1310,36.1098341,94,128.424513),(1311,36.1098197,94,128.4245013),(1312,36.1098083,94,128.424519),(1313,36.1098084,94,128.4245191),(1314,36.1098142,94,128.4245196),(1315,36.109823,94,128.4245171),(1316,36.1098278,94,128.4245133),(1317,36.1098293,94,128.4245162),(1318,36.1098211,94,128.4245245),(1319,36.109821,94,128.4245277),(1320,36.1098151,94,128.4245388),(1321,36.109818,94,128.424552),(1322,36.1098153,94,128.4245477),(1323,36.1015339,95,128.4202229),(1324,36.1015415,96,128.4202374),(1325,36.1013935,97,128.4202288),(1326,36.101299,97,128.4203366),(1327,36.1012119,97,128.4204443),(1328,36.1011076,97,128.4204652),(1329,36.1010636,97,128.4204936),(1330,36.1010047,97,128.4205667),(1331,36.1009748,97,128.4205451),(1332,36.1009691,97,128.4205352),(1333,36.100878,97,128.4206927),(1334,36.1007635,97,128.420754),(1335,36.1006272,97,128.4208524),(1336,36.1005733,97,128.4209128),(1337,36.1004843,97,128.421012),(1338,36.1003947,97,128.4210779),(1339,36.1003693,97,128.4211821),(1340,36.1003415,97,128.4212862),(1341,36.1003277,97,128.4213599),(1342,36.100363,97,128.4212944),(1343,36.1003696,97,128.4212923),(1344,36.1004686,97,128.4209953),(1345,36.1006069,97,128.4207885),(1346,36.1006753,97,128.4208061),(1347,36.1007099,97,128.4206172),(1348,36.1008208,97,128.420684),(1349,36.1009979,97,128.4206446),(1350,36.1012431,97,128.420603),(1351,36.1013681,97,128.4204787),(1352,36.1014418,97,128.4204186),(1353,36.101542,97,128.4203424),(1354,36.1015552,97,128.4202624),(1355,36.1016057,97,128.420174),(1356,36.1016458,97,128.4201378),(1357,36.101584,97,128.4201273),(1358,36.1015452,97,128.4202315),(1359,36.1015411,97,128.4202303),(1360,36.1015357,98,128.4202569),(1361,36.1041666,99,128.4181853),(1362,36.1041838,99,128.4182229),(1363,36.1041631,99,128.4182583),(1364,36.1040965,99,128.4184265),(1365,36.1040233,99,128.4185608),(1366,36.1040423,99,128.4188982),(1367,36.104242,99,128.4189878),(1368,36.1044299,99,128.4189639),(1369,36.1046658,99,128.4189227),(1370,36.1047899,99,128.4188151),(1371,36.1049494,99,128.418693),(1372,36.1051232,99,128.4185925),(1373,36.1052393,99,128.4185755),(1374,36.1052504,99,128.418818),(1375,36.105277,99,128.4189491),(1376,36.1053373,99,128.4190816),(1377,36.1053327,99,128.4192629),(1378,36.1053619,99,128.4194202),(1379,36.1053756,99,128.419573),(1380,36.1054547,99,128.41972),(1381,36.1055529,99,128.4198039),(1382,36.105672,99,128.4196759),(1383,36.1057628,99,128.4195283),(1384,36.1057936,99,128.419503),(1385,36.1057925,99,128.4195033),(1386,36.105858,99,128.4194222),(1387,36.1059082,99,128.4193659),(1388,36.1058167,99,128.4193258),(1389,36.105835,99,128.4193261),(1390,36.1018044,100,128.4200158),(1391,36.1018534,100,128.4200454),(1392,36.1019534,100,128.4201223),(1393,36.1021036,100,128.4202467),(1394,36.1022263,100,128.4202737),(1395,36.1023044,100,128.4202448),(1396,36.1024221,100,128.420235),(1397,36.1025119,100,128.4202145),(1398,36.1025951,100,128.4202351),(1399,36.1027098,100,128.4202482),(1400,36.1028442,100,128.42022),(1401,36.1029428,100,128.4201827),(1402,36.103049,100,128.420172),(1403,36.1031666,100,128.4200935),(1404,36.1032238,100,128.4200601),(1405,36.1033154,100,128.4200598),(1406,36.1034236,100,128.4200852),(1407,36.1034992,100,128.4201335),(1408,36.1035808,100,128.4202285),(1409,36.1036164,100,128.4203534),(1410,36.1036589,100,128.420454),(1411,36.1037375,100,128.4206084),(1412,36.1037659,100,128.4207325),(1413,36.1038303,100,128.4206094),(1414,36.1039412,100,128.4205149),(1415,36.104045,100,128.4205057),(1416,36.1041617,100,128.4205584),(1417,36.1042315,100,128.4206847),(1418,36.1042702,100,128.4207624),(1419,36.1043257,100,128.4207276),(1420,36.104416,100,128.4207236),(1421,36.1044908,100,128.4206888),(1422,36.1045416,100,128.4205938),(1423,36.1045946,100,128.4205384),(1424,36.1046633,100,128.4205068),(1425,36.1047591,100,128.420453),(1426,36.1048222,100,128.4203229),(1427,36.1048599,100,128.420268),(1428,36.1049364,100,128.420186),(1429,36.1050405,100,128.4201531),(1430,36.1051588,100,128.4201249),(1431,36.1052297,100,128.4200785),(1432,36.105274,100,128.4200136),(1433,36.1053008,100,128.4199903),(1434,36.1054237,100,128.4199078),(1435,36.1055462,100,128.4199158),(1436,36.1056323,100,128.4197684),(1437,36.1057169,100,128.4196835),(1438,36.1057637,100,128.4195771),(1439,36.1057559,100,128.4195431),(1440,36.105758,100,128.4195436),(1441,36.1057343,100,128.4195727),(1442,36.1057763,100,128.4195935),(1443,36.1057625,100,128.4196267),(1444,36.1057564,100,128.4196279),(1445,36.1059384,100,128.41988),(1446,36.1060145,100,128.4199105),(1447,36.1061164,100,128.4200142),(1448,36.1062264,100,128.4200887),(1449,36.1063259,100,128.4201446),(1450,36.1063991,100,128.420185),(1451,36.1064742,100,128.4202052),(1452,36.1065079,100,128.4202336),(1453,36.1065387,100,128.4203005),(1454,36.1065392,100,128.4204093),(1455,36.1066296,100,128.4205436),(1456,36.1067547,100,128.4207332),(1457,36.1068858,100,128.4208642),(1458,36.1069887,100,128.4208327),(1459,36.1070623,100,128.4208488),(1460,36.1071107,100,128.4209051),(1461,36.1071152,100,128.4209626),(1462,36.1071111,100,128.4211176),(1463,36.1071315,100,128.4212633),(1464,36.1071711,100,128.4213769),(1465,36.1072682,100,128.4215371),(1466,36.1073853,100,128.4216432),(1467,36.1074697,100,128.4216709),(1468,36.1075464,100,128.421647),(1469,36.1076393,100,128.4217065),(1470,36.1077098,100,128.4217995),(1471,36.1077666,100,128.4219831),(1472,36.1078111,100,128.4221111),(1473,36.1078332,100,128.4221961),(1474,36.107874,100,128.4222977),(1475,36.1078947,100,128.4224598),(1476,36.1079359,100,128.4225591),(1477,36.1079851,100,128.4226242),(1478,36.1080619,100,128.4227056),(1479,36.1081479,100,128.4227685),(1480,36.1082444,100,128.4227238),(1481,36.1083303,100,128.4226968),(1482,36.1083807,100,128.4227965),(1483,36.1084404,100,128.4228687),(1484,36.1085016,100,128.4229034),(1485,36.1085372,100,128.4228498),(1486,36.1086037,100,128.4227922),(1487,36.1086846,100,128.4227227),(1488,36.1087858,100,128.4226664),(1489,36.1088492,100,128.4226556),(1490,36.1088793,100,128.4227206),(1491,36.1089031,100,128.4227315),(1492,36.1088969,100,128.4227598),(1493,36.1089055,100,128.4227688),(1494,36.1077475,101,128.4184531),(1495,36.1076688,101,128.418329),(1496,36.1075464,101,128.4183379),(1497,36.1074861,101,128.4185707),(1498,36.10737,101,128.4186693),(1499,36.1072838,101,128.4187652),(1500,36.1072167,101,128.4188775),(1501,36.1071115,101,128.4189557),(1502,36.1070064,101,128.4190187),(1503,36.1069045,101,128.4191315),(1504,36.1067924,101,128.4192272),(1505,36.1066845,101,128.4192949),(1506,36.1066051,101,128.419436),(1507,36.1065432,101,128.4195535),(1508,36.1064317,101,128.4195502),(1509,36.1063572,101,128.4195055),(1510,36.1062614,101,128.4196013),(1511,36.1062227,101,128.4196382),(1512,36.1062215,101,128.4196646),(1513,36.106239,101,128.4196089),(1514,36.1062447,101,128.4196028),(1515,36.10622,101,128.4195722),(1516,36.1060912,101,128.4193826),(1517,36.1059913,101,128.4192862),(1518,36.1059805,101,128.4193004),(1519,36.1059598,101,128.4193054),(1520,36.1058428,101,128.4194008),(1521,36.1057494,101,128.4195218),(1522,36.1056638,101,128.4196278),(1523,36.1055974,101,128.419717),(1524,36.1055116,101,128.4198352),(1525,36.1054029,101,128.4199221),(1526,36.1053293,101,128.4199988),(1527,36.1052559,101,128.4200954),(1528,36.105174,101,128.4201699),(1529,36.105067,101,128.4202538),(1530,36.1049672,101,128.4202357),(1531,36.1049038,101,128.4200874),(1532,36.1048385,101,128.4199413),(1533,36.1047793,101,128.419801),(1534,36.1047001,101,128.4196979),(1535,36.104638,101,128.419608),(1536,36.1045879,101,128.4195148),(1537,36.1044577,101,128.4194687),(1538,36.1043595,101,128.4193708),(1539,36.1043214,101,128.4192506),(1540,36.1042495,101,128.4191722),(1541,36.1042466,101,128.4191232),(1542,36.1042419,101,128.4191155),(1543,36.1042419,101,128.4191155),(1544,36.1042061,101,128.41897),(1545,36.1041602,101,128.4188549),(1546,36.1040725,101,128.4187617),(1547,36.1041037,101,128.4186171),(1548,36.1041744,101,128.4184573),(1549,36.1041992,101,128.4183009),(1550,36.1041611,101,128.4181734),(1551,36.1040694,101,128.4181814),(1552,36.1041155,101,128.4181582),(1553,36.1040495,101,128.4182064),(1554,36.103856,101,128.418335),(1555,36.1037575,101,128.4184635),(1556,36.1036626,101,128.4185629),(1557,36.1035582,101,128.4186629),(1558,36.1034535,101,128.418703),(1559,36.1033794,101,128.4187203),(1560,36.1032946,101,128.4187053),(1561,36.103223,101,128.4187043),(1562,36.1056228,102,128.4187238),(1563,36.105595,102,128.4183839),(1564,36.1056013,102,128.4180171),(1565,36.1055373,102,128.4178418),(1566,36.1054778,102,128.4175441),(1567,36.1054113,102,128.4172776),(1568,36.1054165,102,128.4170158),(1569,36.1054297,102,128.4167362),(1570,36.1054555,102,128.4165075),(1571,36.105448,102,128.4162175),(1572,36.1054572,102,128.4160668),(1573,36.1054782,102,128.4157524),(1574,36.1054395,102,128.4155191),(1575,36.1054174,102,128.415257),(1576,36.1053991,102,128.414984),(1577,36.1053811,102,128.4146588),(1578,36.1053916,102,128.4144247),(1579,36.1054054,102,128.4141583),(1580,36.1053987,102,128.4139833),(1581,36.1054117,102,128.4136955),(1582,36.1053915,102,128.4135025),(1583,36.1054002,102,128.4132072),(1584,36.1054466,102,128.4130733),(1585,36.1054334,102,128.4127983),(1586,36.1054631,102,128.4125385),(1587,36.1054388,102,128.4123392),(1588,36.1054046,102,128.4120585),(1589,36.105433,102,128.411859),(1590,36.1054397,102,128.4116121),(1591,36.1053649,102,128.4114275),(1592,36.1054008,102,128.4112191),(1593,36.1054075,102,128.4109684),(1594,36.1054189,102,128.4107046),(1595,36.1053997,102,128.4105259),(1596,36.1053414,102,128.4102618),(1597,36.1053138,102,128.4100253),(1598,36.1053619,102,128.4098001),(1599,36.1053702,102,128.4095787),(1600,36.1053348,102,128.4092925),(1601,36.1053915,102,128.4091181),(1602,36.1053601,102,128.408917),(1603,36.1053915,102,128.4085537),(1604,36.1053382,102,128.4083185),(1605,36.1054314,102,128.4080108),(1606,36.1053704,102,128.4077619),(1607,36.1053782,102,128.4075265),(1608,36.105332,102,128.4073469),(1609,36.1052974,102,128.407083),(1610,36.1053582,102,128.406821),(1611,36.1053568,102,128.4066313),(1612,36.1053474,102,128.4064239),(1613,36.105299,102,128.4062178),(1614,36.1052788,102,128.4059999),(1615,36.1053223,102,128.4057458),(1616,36.1053397,102,128.4055826),(1617,36.1053718,102,128.4052154),(1618,36.1053993,102,128.4050074),(1619,36.1054027,102,128.4048007),(1620,36.1053818,102,128.4045914),(1621,36.1053644,102,128.4043714),(1622,36.105376,102,128.4045201),(1623,36.1053699,102,128.4048857),(1624,36.1054449,102,128.4051307),(1625,36.1053929,102,128.4053922),(1626,36.1055269,102,128.4055583),(1627,36.1054631,102,128.4058096),(1628,36.1054059,102,128.4060634),(1629,36.1054121,102,128.4064667),(1630,36.1054437,102,128.4066862),(1631,36.1053927,102,128.4069126),(1632,36.1053839,102,128.4070921),(1633,36.1054412,102,128.4072227),(1634,36.1054181,102,128.4074205),(1635,36.1054011,102,128.40761),(1636,36.1054194,102,128.4077388),(1637,36.1054762,102,128.4079938),(1638,36.1054618,102,128.408184),(1639,36.1054598,102,128.4083857),(1640,36.1054703,102,128.4085662),(1641,36.1054068,102,128.4087368),(1642,36.1053838,102,128.4089639),(1643,36.1053815,102,128.4091845),(1644,36.1053974,102,128.4093317),(1645,36.1054126,102,128.409641),(1646,36.1054133,102,128.4098778),(1647,36.1054052,102,128.4100212),(1648,36.1054558,102,128.4102741),(1649,36.1054345,102,128.4104624),(1650,36.1054287,102,128.4105219),(1651,36.1054349,102,128.4107895),(1652,36.1054248,102,128.4110113),(1653,36.1053486,102,128.4112776),(1654,36.1053713,102,128.411526),(1655,36.1054717,102,128.4117128),(1656,36.1054067,102,128.411996),(1657,36.1053612,102,128.4122218),(1658,36.1053851,102,128.4124291),(1659,36.1054311,102,128.4126726),(1660,36.1054278,102,128.412898),(1661,36.1054254,102,128.4131333),(1662,36.1054383,102,128.4132731),(1663,36.1054033,102,128.4135136),(1664,36.1054753,102,128.4136239),(1665,36.105415,102,128.4139285),(1666,36.1053988,102,128.4141205),(1667,36.1054433,102,128.4142837),(1668,36.105437,102,128.4145424),(1669,36.1054022,102,128.4147717),(1670,36.1053878,102,128.4149982),(1671,36.1054454,102,128.4151872),(1672,36.1054691,102,128.4153777),(1673,36.1054783,102,128.4156202),(1674,36.1054857,102,128.415739),(1675,36.1055472,102,128.4159474),(1676,36.1055112,102,128.416169),(1677,36.1055511,102,128.4162376),(1678,36.1055085,102,128.4166024),(1679,36.1055374,102,128.416793),(1680,36.1054346,102,128.4169882),(1681,36.1054159,102,128.4171823),(1682,36.1054192,102,128.4173844),(1683,36.1054644,102,128.4175302),(1684,36.1055589,102,128.4176404),(1685,36.1055236,102,128.4178888),(1686,36.1055325,102,128.4180586),(1687,36.1056066,102,128.4184098),(1688,36.1056213,102,128.418596),(1689,36.1056461,102,128.418738),(1701,36.1015405,107,128.4202275),(1702,36.1015404,107,128.4202304),(1703,36.1015388,108,128.4202267),(1704,36.1015407,108,128.4202217),(1705,36.1077744,109,128.4202948),(1706,36.1077883,109,128.4203469),(1707,36.1078104,109,128.4203516),(1708,36.1076957,109,128.4204132),(1709,36.1076657,109,128.420422),(1710,36.1076092,109,128.4204593),(1711,36.1075573,109,128.420542),(1712,36.1075196,109,128.4206005),(1713,36.1074621,109,128.420639),(1714,36.1074054,109,128.4206599),(1715,36.1073512,109,128.4206882),(1716,36.1072815,109,128.4207078),(1717,36.107226,109,128.4207302),(1718,36.1071871,109,128.4207713),(1719,36.107137,109,128.4208686),(1720,36.1070652,109,128.4209166),(1721,36.1070214,109,128.4209524),(1722,36.1070017,109,128.4209798),(1723,36.1069675,109,128.4209648),(1724,36.1069306,109,128.4209133),(1725,36.1068887,109,128.4208485),(1726,36.1068283,109,128.4208074),(1727,36.1067806,109,128.4207601),(1728,36.1067197,109,128.4206923),(1729,36.1066572,109,128.4206413),(1730,36.1066123,109,128.4205504),(1731,36.1065767,109,128.4204957),(1732,36.1065577,109,128.4204322),(1733,36.1065584,109,128.4204087),(1734,36.1064897,109,128.4202649),(1735,36.1064492,109,128.4202153),(1736,36.1064035,109,128.4201906),(1737,36.1063626,109,128.4201354),(1738,36.1063306,109,128.4200855),(1739,36.1062915,109,128.4200421),(1740,36.1062331,109,128.4200042),(1741,36.1061933,109,128.4199572),(1742,36.1062227,109,128.4198944),(1743,36.1062165,109,128.4198544),(1744,36.106209,109,128.4197837),(1745,36.1062259,109,128.419719),(1746,36.1062182,109,128.4196578),(1747,36.1062104,109,128.4195738),(1748,36.1061628,109,128.4194618),(1749,36.106112,109,128.4193381),(1750,36.1060921,109,128.4193393),(1751,36.1060891,109,128.4193419),(1752,36.1060452,109,128.4193557),(1753,36.1060462,109,128.4193518),(1754,36.1060882,109,128.4194072),(1755,36.1060922,109,128.4194079),(1756,36.1061769,109,128.4195505),(1757,36.1062213,109,128.4196385),(1758,36.1062807,109,128.4197086),(1759,36.1063186,109,128.419768),(1760,36.106319,109,128.4198059),(1761,36.1063869,109,128.4197851),(1762,36.1064005,109,128.4197722),(1763,36.1062519,109,128.4197147),(1764,36.1061746,109,128.4197926),(1765,36.1061863,109,128.4199072),(1766,36.1061941,109,128.4199691),(1767,36.1062487,109,128.4200178),(1768,36.1062958,109,128.4200562),(1769,36.1063266,109,128.4200935),(1770,36.1063944,109,128.4201575),(1771,36.106448,109,128.4202516),(1772,36.1064971,109,128.4203111),(1773,36.1065348,109,128.4203889),(1774,36.1065745,109,128.420456),(1775,36.1066211,109,128.4205104),(1776,36.1066632,109,128.4205586),(1777,36.1067026,109,128.4205765),(1778,36.1067329,109,128.4205894),(1779,36.1067624,109,128.42061),(1780,36.1067834,109,128.4206384),(1781,36.1068315,109,128.4206952),(1782,36.1069006,109,128.4207776),(1783,36.1069685,109,128.4208367),(1784,36.1070142,109,128.4208973),(1785,36.1070572,109,128.4209024),(1786,36.1071155,109,128.4208578),(1787,36.1071682,109,128.4208053),(1788,36.1072321,109,128.4207328),(1789,36.1072757,109,128.4206647),(1790,36.1073484,109,128.4206413),(1791,36.1074292,109,128.4205949),(1792,36.1074983,109,128.4205328),(1793,36.107557,109,128.4204642),(1794,36.1076077,109,128.4204379),(1795,36.1076873,109,128.4203916),(1796,36.1077769,109,128.4203555),(1797,36.1078253,109,128.4203476),(1798,36.1078781,109,128.4203336),(1799,36.1079143,109,128.4203583),(1800,36.1079831,109,128.4203646),(1801,36.108045,109,128.4203055),(1802,36.1080375,109,128.4202452),(1803,36.1080052,109,128.4202553),(1804,36.1079941,109,128.4202846),(1805,36.1079871,109,128.4203018),(1806,36.1079747,109,128.4203013),(1807,36.107962,109,128.420286),(1808,36.1079529,109,128.4202774),(1809,36.1079541,109,128.4202497),(1810,36.1079655,109,128.4202034),(1811,36.1079473,109,128.4202092),(1812,36.1079662,109,128.4202254),(1813,36.1079597,109,128.4202896),(1814,36.1079479,109,128.4202991),(1815,36.1079441,109,128.4202779),(1816,36.1079371,109,128.4202668),(1817,36.1079378,109,128.4202542),(1818,36.1079365,109,128.4202422),(1819,36.1079501,109,128.4202322),(1820,36.1079777,109,128.4201994),(1821,36.1079525,109,128.420139),(1822,36.1079249,109,128.4201317),(1823,36.107931,109,128.4201287),(1824,36.1079456,109,128.4201762),(1825,36.1079753,109,128.4202587),(1826,36.107976,109,128.4202568),(1827,36.1078507,110,128.420382),(1828,36.1077589,110,128.4203542),(1829,36.1076948,110,128.4203766),(1830,36.1076183,110,128.4204442),(1831,36.1075483,110,128.4205066),(1832,36.1074756,110,128.4205834),(1833,36.1073959,110,128.4206455),(1834,36.1073193,110,128.4207065),(1835,36.1072488,110,128.420745),(1836,36.1071692,110,128.4208258),(1837,36.1070624,110,128.4209283),(1838,36.1069586,110,128.4209688),(1839,36.1068885,110,128.4209428),(1840,36.1068339,110,128.4208653),(1841,36.1067777,110,128.4207723),(1842,36.1066813,110,128.4206751),(1843,36.1066051,110,128.4205892),(1844,36.1065407,110,128.4205401),(1845,36.1064766,110,128.4204924),(1846,36.1063966,110,128.4204129),(1847,36.1063219,110,128.4203354),(1848,36.1062742,110,128.420292),(1849,36.1062534,110,128.4202398),(1850,36.1062054,110,128.4201348),(1851,36.106144,110,128.41999),(1852,36.106074,110,128.4199318),(1853,36.1060183,110,128.4199039),(1854,36.1059606,110,128.4199285),(1855,36.1059424,110,128.4199124),(1856,36.1059238,110,128.4199688),(1857,36.1059172,110,128.4199657),(1858,36.1057957,110,128.4196704),(1859,36.105738,110,128.4195702),(1860,36.1056725,110,128.4195753),(1861,36.1056174,110,128.4196658),(1862,36.1055555,110,128.4197459),(1863,36.1054783,110,128.4198193),(1864,36.1054053,110,128.4198825),(1865,36.1053463,110,128.4199585),(1866,36.1052789,110,128.4200276),(1867,36.1052333,110,128.420119),(1868,36.1051778,110,128.42017),(1869,36.1051097,110,128.4201962),(1870,36.1050499,110,128.4202376),(1871,36.1049756,110,128.4202185),(1872,36.1048965,110,128.4201693),(1873,36.1048662,110,128.4200693),(1874,36.1048351,110,128.4199719),(1875,36.1047843,110,128.4198794),(1876,36.1047278,110,128.4197958),(1877,36.1046568,110,128.4197294),(1878,36.1046084,110,128.4196509),(1879,36.1045831,110,128.419561),(1880,36.1045073,110,128.4195247),(1881,36.1044218,110,128.419492),(1882,36.1043168,110,128.4194998),(1883,36.1042319,110,128.4195145),(1884,36.1041504,110,128.41954),(1885,36.1040949,110,128.4195867),(1886,36.1040314,110,128.4196157),(1887,36.1039555,110,128.4196572),(1888,36.1038756,110,128.4196935),(1889,36.1038379,110,128.4197637),(1890,36.1037496,110,128.4197848),(1891,36.1036922,110,128.4197591),(1892,36.1036216,110,128.4196833),(1893,36.1035685,110,128.4196037),(1894,36.1035317,110,128.4195229),(1895,36.1035536,110,128.4194136),(1896,36.1036235,110,128.4193333),(1897,36.1036809,110,128.4192617),(1898,36.1037307,110,128.419178),(1899,36.1037793,110,128.4190968),(1900,36.1038221,110,128.4190079),(1901,36.1038702,110,128.4189369),(1902,36.1039241,110,128.4188255),(1903,36.1039726,110,128.4187493),(1904,36.1040271,110,128.4186662),(1905,36.1040731,110,128.4185561),(1906,36.10412,110,128.4184321),(1907,36.1041723,110,128.4183474),(1908,36.1042241,110,128.4182716),(1909,36.1042109,110,128.418203),(1910,36.1041536,110,128.4181851),(1911,36.1040371,110,128.4181904),(1912,36.1039878,110,128.4181913),(1913,36.1098181,111,128.4245198),(1914,36.1098132,111,128.4245144),(1915,36.1097922,111,128.4244973),(1916,36.1097952,111,128.4245016),(1917,36.1041479,112,128.4181494),(1918,36.1041458,112,128.4181475),(1919,36.1041469,112,128.4181531),(1920,36.1041491,112,128.4181525),(1921,36.1040802,113,128.41816),(1922,36.104013,113,128.4182525),(1923,36.1041496,113,128.4182808),(1924,36.1040522,113,128.4184058),(1925,36.103971,113,128.4186227),(1926,36.1039775,113,128.4187984),(1927,36.1040644,113,128.4189903),(1928,36.1039435,113,128.4190218),(1929,36.1041121,113,128.4187307),(1930,36.1043483,113,128.4187796),(1931,36.1045269,113,128.4187284),(1932,36.1047521,113,128.4186009),(1933,36.1050532,113,128.4186015),(1934,36.1051819,113,128.4187853),(1935,36.1053032,113,128.4191431),(1936,36.1053821,113,128.4194354),(1937,36.1054483,113,128.419715),(1938,36.1056768,113,128.4196244),(1939,36.1061173,113,128.4193028),(1940,36.1060709,113,128.4193309),(1941,36.1060632,113,128.4193498),(1942,36.1060751,113,128.4193604),(1943,36.1061817,113,128.4195396),(1944,36.1062796,113,128.4195912),(1945,36.1064376,113,128.4195708),(1946,36.1066328,113,128.4194099),(1947,36.106845,113,128.4192683),(1948,36.107064,113,128.4191339),(1949,36.1072434,113,128.4189443),(1950,36.1074403,113,128.418776),(1951,36.107607,113,128.4185909),(1952,36.1078042,113,128.418491),(1953,36.107896,113,128.4184745),(1954,36.1015413,114,128.4192394),(1955,36.101632,114,128.4192288),(1956,36.1018633,114,128.4191868),(1957,36.1021241,114,128.4191325),(1958,36.102324,114,128.4191177),(1959,36.1025581,114,128.4190331),(1960,36.1026678,114,128.4186362),(1961,36.1029974,114,128.4183771),(1962,36.1033917,114,128.4180998),(1963,36.1037628,114,128.4178062),(1964,36.1041271,114,128.4177078),(1965,36.1044128,114,128.4177456),(1966,36.1048548,114,128.4177587),(1967,36.1050104,114,128.4177699),(1968,36.1050389,114,128.4177577),(1969,36.1050419,114,128.4177558),(1970,36.1050604,114,128.4177474),(1971,36.1052703,114,128.4175747),(1972,36.1057685,114,128.4171734),(1973,36.1057066,114,128.4159777),(1974,36.1056744,114,128.414592),(1975,36.1056592,114,128.4132265),(1976,36.1056652,114,128.4119447),(1977,36.1056541,114,128.411156),(1978,36.105654,114,128.4111499),(1979,36.1056312,114,128.4103587),(1980,36.1056255,114,128.409459),(1981,36.1056135,114,128.4084108),(1982,36.1056256,114,128.4074058),(1983,36.1056675,114,128.4068082),(1984,36.1056704,114,128.4067606),(1985,36.1056704,114,128.4067607),(1986,36.1056906,114,128.4058676),(1987,36.1057083,114,128.4051759),(1988,36.1057142,114,128.4048046),(1989,36.105805,114,128.4047661),(1990,36.1059556,114,128.4047591),(1991,36.1061599,114,128.4047938),(1992,36.1061597,114,128.4051267),(1993,36.1061909,114,128.4053735),(1994,36.1063211,114,128.4053101),(1995,36.1063276,114,128.4051525),(1996,36.1021816,115,128.4201244),(1997,36.1022591,115,128.4201861),(1998,36.1023157,115,128.4202466),(1999,36.1024148,115,128.4202185),(2000,36.1025125,115,128.420155),(2001,36.1025915,115,128.4201196),(2002,36.1026549,115,128.4200619),(2003,36.1027359,115,128.4200493),(2004,36.1028336,115,128.420135),(2005,36.1029258,115,128.4202039),(2006,36.1029831,115,128.4201742),(2007,36.1030692,115,128.4200648),(2008,36.1030586,115,128.4199692),(2009,36.103085,115,128.4198832),(2010,36.1030815,115,128.4196599),(2011,36.1031147,115,128.4195112),(2012,36.1031665,115,128.4194799),(2013,36.1032443,115,128.4194769),(2014,36.103341,115,128.419512),(2015,36.1034233,115,128.4194838),(2016,36.1035163,115,128.4194456),(2017,36.1036169,115,128.4194002),(2018,36.1036881,115,128.4193219),(2019,36.1037319,115,128.4192369),(2020,36.1037608,115,128.4191207),(2021,36.1038932,115,128.4188602),(2022,36.1039421,115,128.418778),(2023,36.1039818,115,128.4187231),(2024,36.1040332,115,128.4186558),(2025,36.1040992,115,128.4185792),(2026,36.104114,115,128.4184395),(2027,36.1041432,115,128.4183504),(2028,36.1041568,115,128.418239),(2029,36.1041916,115,128.4181496),(2030,36.1042609,115,128.4180885),(2031,36.1043547,115,128.4179428),(2032,36.1044187,115,128.4178394),(2033,36.104494,115,128.4178018),(2034,36.1045574,115,128.4178105),(2035,36.1046294,115,128.4177868),(2036,36.104706,115,128.4177746),(2037,36.1047955,115,128.4178578),(2038,36.1049239,115,128.4178189),(2039,36.1049974,115,128.4178058),(2040,36.1050171,115,128.4177243),(2041,36.105085,115,128.417642),(2042,36.1051203,115,128.4175656),(2043,36.1051349,115,128.4174505),(2044,36.105174,115,128.417399),(2045,36.1052576,115,128.4173247),(2046,36.1053932,115,128.4173422),(2047,36.1054412,115,128.4173309),(2048,36.1054921,115,128.4173677),(2049,36.1055567,115,128.4172958),(2050,36.1056219,115,128.4171905),(2051,36.1056488,115,128.4171007),(2052,36.1055752,115,128.4169471),(2053,36.1055707,115,128.4167545),(2054,36.1055669,115,128.4165624),(2055,36.1055841,115,128.4164464),(2056,36.1055794,115,128.4163305),(2057,36.1055415,115,128.4162464),(2058,36.1055663,115,128.4161556),(2059,36.1055644,115,128.4160206),(2060,36.1055486,115,128.4159127),(2061,36.1055181,115,128.4157832),(2062,36.1054657,115,128.415653),(2063,36.1054488,115,128.4155629),(2064,36.1054804,115,128.4154824),(2065,36.1054833,115,128.4153768),(2066,36.105491,115,128.4152776),(2067,36.1055052,115,128.415168),(2068,36.1055068,115,128.4150348),(2069,36.1055063,115,128.4149209),(2070,36.1055274,115,128.4148209),(2071,36.1055452,115,128.4147103),(2072,36.1055385,115,128.4146006),(2073,36.105525,115,128.4145167),(2074,36.1055313,115,128.4144209),(2075,36.1055395,115,128.4143092),(2076,36.105538,115,128.4142339),(2077,36.1055731,115,128.4141681),(2078,36.1055721,115,128.4139913),(2079,36.105531,115,128.4138654),(2080,36.1055077,115,128.4137512),(2081,36.105497,115,128.4136098),(2082,36.105476,115,128.413475),(2083,36.1054797,115,128.4133641),(2084,36.105463,115,128.4132508),(2085,36.105449,115,128.4131063),(2086,36.1054698,115,128.4129778),(2087,36.1054794,115,128.4128734),(2088,36.1054697,115,128.4127577),(2089,36.1054545,115,128.4126318),(2090,36.1054496,115,128.4125509),(2091,36.1054587,115,128.4124495),(2092,36.1054678,115,128.4122647),(2093,36.1054909,115,128.4121733),(2094,36.1054616,115,128.4120292),(2095,36.1054543,115,128.4118716),(2096,36.1054427,115,128.411685),(2097,36.1054147,115,128.4115372),(2098,36.1053882,115,128.4114404),(2099,36.1054408,115,128.4113648),(2100,36.1054471,115,128.4113169),(2101,36.1054431,115,128.4112269),(2102,36.1054646,115,128.4110704),(2103,36.1054848,115,128.4109626),(2104,36.1054718,115,128.4110476),(2105,36.1054471,115,128.4112271),(2106,36.1054284,115,128.4113988),(2107,36.1054168,115,128.4115157),(2108,36.1053917,115,128.4116659),(2109,36.1053742,115,128.4117915),(2110,36.1053606,115,128.4119509),(2111,36.1053575,115,128.4120691),(2112,36.1053428,115,128.4121559),(2113,36.1053492,115,128.4122694),(2114,36.1053867,115,128.4123623),(2115,36.1054016,115,128.4124917),(2116,36.1054009,115,128.4126074),(2117,36.1053781,115,128.4127276),(2118,36.105377,115,128.412833),(2119,36.1053996,115,128.412917),(2120,36.1054204,115,128.4130506),(2121,36.1054292,115,128.4130852),(2122,36.105457,115,128.413138),(2123,36.1054646,115,128.4132802),(2124,36.1054318,115,128.4133899),(2125,36.1053979,115,128.4135398),(2126,36.1053889,115,128.4136627),(2127,36.1053809,115,128.4136745),(2128,36.1054045,115,128.4139936),(2129,36.1054638,115,128.4141861),(2130,36.1054567,115,128.4143452),(2131,36.1054462,115,128.4143935),(2132,36.1054406,115,128.4144633),(2133,36.1054285,115,128.4145466),(2134,36.10541,115,128.4146607),(2135,36.1054109,115,128.4148517),(2136,36.1054123,115,128.415005),(2137,36.1054076,115,128.4151895),(2138,36.1054281,115,128.4152641),(2139,36.1054205,115,128.415346),(2140,36.105426,115,128.4154144),(2141,36.1054348,115,128.4155173),(2142,36.1054371,115,128.4154507),(2143,36.1054424,115,128.4154804),(2144,36.105433,115,128.4156376),(2145,36.1054212,115,128.4157774),(2146,36.1053889,115,128.415957),(2147,36.1053679,115,128.4160904),(2148,36.1053821,115,128.4162183),(2149,36.1054054,115,128.4163925),(2150,36.1054125,115,128.4165608),(2151,36.1053975,115,128.4167005),(2152,36.1053941,115,128.4168352),(2153,36.1053727,115,128.4169893),(2154,36.105362,115,128.4170596),(2155,36.1053825,115,128.417107),(2156,36.1053969,115,128.4171719),(2157,36.1053992,115,128.4172463),(2158,36.1054244,115,128.4173371),(2159,36.1054464,115,128.417427),(2160,36.1054574,115,128.4175574),(2161,36.1054645,115,128.4176836),(2162,36.1054784,115,128.4177593),(2163,36.1054883,115,128.4178381),(2164,36.1054951,115,128.4179803),(2165,36.1055077,115,128.4180885),(2166,36.1055332,115,128.4182196),(2167,36.1055388,115,128.4183417),(2168,36.1055736,115,128.4184469),(2169,36.1055934,115,128.4185724),(2170,36.1055938,115,128.4186618),(2171,36.1056025,115,128.4187339),(2172,36.1056171,115,128.4188357),(2173,36.1056799,115,128.4189059),(2174,36.1057288,115,128.4188601),(2175,36.1057338,115,128.4187721),(2176,36.1057262,115,128.4185142),(2177,36.1057161,115,128.4184679),(2178,36.1056989,115,128.4185424),(2179,36.1056819,115,128.418692),(2180,36.1056868,115,128.4188688),(2181,36.1057021,115,128.4190317),(2182,36.1057391,115,128.4191946),(2183,36.1057472,115,128.4193659),(2184,36.1057542,115,128.4194859),(2185,36.1057554,115,128.4195923),(2186,36.1057481,115,128.4196761),(2187,36.1056841,115,128.4197337),(2188,36.1055659,115,128.4198048),(2189,36.1055115,115,128.4198325),(2190,36.1054669,115,128.419869),(2191,36.1054027,115,128.4199135),(2192,36.1053275,115,128.4199268),(2193,36.1052646,115,128.420024),(2194,36.1051752,115,128.4201544),(2195,36.1050685,115,128.4202308),(2196,36.104984,115,128.4202587),(2197,36.1049301,115,128.4202355),(2198,36.1048436,115,128.4201748),(2199,36.1047889,115,128.4200897),(2200,36.1047602,115,128.4199841),(2201,36.1046885,115,128.4198542),(2202,36.1046406,115,128.4197428),(2203,36.104614,115,128.4196454),(2204,36.104589,115,128.4195979),(2205,36.1044955,115,128.4194922),(2206,36.1043856,115,128.4194862),(2207,36.1042945,115,128.4194694),(2208,36.1042067,115,128.4195461),(2209,36.1041209,115,128.419589),(2210,36.1040454,115,128.4196251),(2211,36.1039691,115,128.4196689),(2212,36.1038815,115,128.419704),(2213,36.1038201,115,128.4197647),(2214,36.1037176,115,128.4197755),(2215,36.1036163,115,128.4197702),(2216,36.103539,115,128.4197108),(2217,36.1034938,115,128.4195948),(2218,36.1034158,115,128.4195497),(2219,36.1033399,115,128.4194893),(2220,36.1032187,115,128.4195108),(2221,36.1031971,115,128.419514),(2222,36.1029574,115,128.4195425),(2223,36.1028782,115,128.4195299),(2224,36.102761,115,128.4195119),(2225,36.1026299,115,128.4195622),(2226,36.1025665,115,128.4195971),(2227,36.1025396,115,128.4196148),(2228,36.1024692,115,128.4196394),(2229,36.1023508,115,128.419656),(2230,36.1022386,115,128.4196549),(2231,36.102155,115,128.4196453),(2232,36.1020661,115,128.4196825),(2233,36.1019577,115,128.4197521),(2234,36.1018378,115,128.4197297),(2235,36.1017233,115,128.4197165),(2236,36.1016835,115,128.4198024),(2237,36.1016676,115,128.4199251),(2238,36.1016481,115,128.4200612),(2239,36.1016198,115,128.4200568),(2240,36.1015482,115,128.4200455),(2241,36.1014809,115,128.4201077),(2242,36.1014788,115,128.4201335),(2243,36.1015236,115,128.4202304),(2244,36.10153,115,128.4202573),(2245,36.1015221,115,128.4202669),(2246,36.1015424,116,128.4202643),(2247,36.1015426,116,128.4202583),(2248,36.1015429,116,128.4202668),(2249,36.1015437,116,128.4202599),(2250,36.1014447,117,128.4201714),(2251,36.1014178,117,128.4201916),(2252,36.1013667,117,128.420201),(2253,36.1012748,117,128.4202621),(2254,36.1011774,117,128.4203495),(2255,36.1011067,117,128.4203776),(2256,36.1010944,117,128.4204266),(2257,36.1010547,117,128.4204712),(2258,36.1009758,117,128.4205258),(2259,36.1008837,117,128.4206223),(2260,36.1008528,117,128.4206627),(2261,36.1008094,117,128.420718),(2262,36.1007566,117,128.4207734),(2263,36.1007242,117,128.4208154),(2264,36.1006833,117,128.4208476),(2265,36.1006319,117,128.4208631),(2266,36.100586,117,128.420898),(2267,36.1005504,117,128.420911),(2268,36.1005169,117,128.4209391),(2269,36.1004722,117,128.4209761),(2270,36.10043,117,128.4210162),(2271,36.100361,117,128.4210454),(2272,36.1003032,117,128.4210802),(2273,36.100248,117,128.421124),(2274,36.1002262,117,128.4211755),(2275,36.1002587,117,128.421237),(2276,36.1003166,117,128.4212497),(2277,36.100367,117,128.4212529),(2278,36.1003872,117,128.4212088),(2279,36.1003915,117,128.4211992),(2280,36.1003572,117,128.4212739),(2281,36.1003355,117,128.4212559),(2282,36.1003691,117,128.4212076),(2283,36.100398,117,128.4211986),(2284,36.1004487,117,128.4211585),(2285,36.1005305,117,128.4210919),(2286,36.1006059,117,128.4210416),(2287,36.1006548,117,128.4209659),(2288,36.1007003,117,128.4208474),(2289,36.1007476,117,128.4208196),(2290,36.1007844,117,128.4207714),(2291,36.1008282,117,128.4206895),(2292,36.1008782,117,128.4206551),(2293,36.1009384,117,128.4206314),(2294,36.1009968,117,128.4206013),(2295,36.1010514,117,128.4205539),(2296,36.1010653,117,128.4204992),(2297,36.1010929,117,128.4204388),(2298,36.1011784,117,128.4204017),(2299,36.1012545,117,128.4203768),(2300,36.104205,118,128.4181915),(2301,36.1041933,118,128.4182386),(2302,36.1041847,118,128.4183066),(2303,36.1041817,118,128.4183998),(2304,36.1041674,118,128.4184749),(2305,36.1041543,118,128.4185607),(2306,36.1041156,118,128.4186146),(2307,36.1040459,118,128.4186705),(2308,36.1040019,118,128.4187123),(2309,36.1040075,118,128.4187735),(2310,36.1040219,118,128.4188517),(2311,36.104072,118,128.4189241),(2312,36.1041424,118,128.4189713),(2313,36.1041853,118,128.4190388),(2314,36.1042357,118,128.419052),(2315,36.1042516,118,128.4189888),(2316,36.104295,118,128.418947),(2317,36.1043583,118,128.4189324),(2318,36.104403,118,128.4189251),(2319,36.1044731,118,128.4188813),(2320,36.1045274,118,128.4188473),(2321,36.104577,118,128.4188072),(2322,36.1046345,118,128.4187627),(2323,36.1046855,118,128.4187524),(2324,36.1047501,118,128.4187606),(2325,36.104807,118,128.4187386),(2326,36.1048531,118,128.4186961),(2327,36.104896,118,128.4186599),(2328,36.104945,118,128.4186404),(2329,36.1050052,118,128.4186227),(2330,36.1050552,118,128.4185984),(2331,36.1051203,118,128.4185778),(2332,36.1051774,118,128.4185893),(2333,36.1052059,118,128.4186435),(2334,36.1052331,118,128.4187359),(2335,36.1052469,118,128.4188124),(2336,36.1052733,118,128.4188959),(2337,36.1052957,118,128.4189754),(2338,36.1053199,118,128.4190589),(2339,36.1053337,118,128.4191235),(2340,36.1053471,118,128.4191866),(2341,36.105362,118,128.4192394),(2342,36.1053931,118,128.4193165),(2343,36.1053964,118,128.4194096),(2344,36.1054112,118,128.4194765),(2345,36.1054213,118,128.4195529),(2346,36.1054211,118,128.4196428),(2347,36.1054362,118,128.41972),(2348,36.1054678,118,128.4197882),(2349,36.1055316,118,128.4197916),(2350,36.1055802,118,128.4197047),(2351,36.1056254,118,128.4196417),(2352,36.1056738,118,128.4196053),(2353,36.1057202,118,128.4195429),(2354,36.1057556,118,128.4194766),(2355,36.1057912,118,128.4194209),(2356,36.1057971,118,128.4193796),(2357,36.105803,118,128.4194126),(2358,36.1058064,118,128.419411),(2359,36.1060036,118,128.4192806),(2360,36.1060506,118,128.419324),(2361,36.106041,118,128.4193396),(2362,36.1060536,118,128.4194359),(2363,36.1060485,118,128.4194329),(2364,36.1062015,118,128.4195626),(2365,36.1062793,118,128.4195773),(2366,36.1063508,118,128.4195384),(2367,36.1064132,118,128.4195028),(2368,36.1064885,118,128.4194391),(2369,36.1065609,118,128.4193809),(2370,36.1066346,118,128.4193129),(2371,36.1067084,118,128.4192562),(2372,36.1067612,118,128.4192271),(2373,36.106818,118,128.4192213),(2374,36.1068635,118,128.4191819),(2375,36.1069196,118,128.4191316),(2376,36.1069516,118,128.4190329),(2377,36.1070003,118,128.4189651),(2378,36.10701,118,128.4189027),(2379,36.1070689,118,128.4188722),(2380,36.1071398,118,128.4188882),(2381,36.1072011,118,128.4188946),(2382,36.1072774,118,128.4188552),(2383,36.107338,118,128.4188076),(2384,36.1073915,118,128.4187407),(2385,36.1074003,118,128.4186746),(2386,36.107459,118,128.4186521),(2387,36.1075274,118,128.4186306),(2388,36.1075853,118,128.4185866),(2389,36.1076286,118,128.4185002),(2390,36.1076688,118,128.4184393),(2391,36.1077568,118,128.4184555),(2392,36.1078416,118,128.4184758),(2393,36.1078947,118,128.4184757),(2394,36.1079378,118,128.4184868),(2395,36.1079408,118,128.4184955),(2396,36.1078895,118,128.4182742),(2397,36.1079181,118,128.4182165),(2398,36.1002354,119,128.4265888),(2399,36.1002087,119,128.4265313),(2400,36.1002191,119,128.4264924),(2401,36.1002656,119,128.4264651),(2402,36.1002643,119,128.426432),(2403,36.1001939,119,128.4264385),(2404,36.100111,119,128.4264086),(2405,36.1000796,119,128.4263399),(2406,36.1000169,119,128.426264),(2407,36.0999399,119,128.4261392),(2408,36.0999482,119,128.426128),(2409,36.0999272,119,128.4260974),(2410,36.1002943,119,128.4264901),(2411,36.1003645,119,128.4265724),(2412,36.1004969,119,128.4267222),(2413,36.1005566,119,128.4268055),(2414,36.1006391,119,128.4268735),(2415,36.1007288,119,128.4269642),(2416,36.1007194,119,128.4270064),(2417,36.1007057,119,128.427009),(2418,36.1006813,119,128.4270216),(2419,36.1006806,119,128.4270361),(2420,36.1006255,119,128.4272072),(2421,36.1004931,119,128.4274187),(2422,36.1003765,119,128.4275751),(2423,36.1002826,119,128.4277297),(2424,36.1002589,119,128.4278354),(2425,36.1001861,119,128.4279393),(2426,36.1002436,119,128.4279241),(2427,36.1002336,119,128.4278511),(2428,36.1002412,119,128.4278569),(2429,36.1016797,120,128.4200487),(2430,36.1017397,120,128.4200698),(2431,36.1018542,120,128.4200564),(2432,36.1019255,120,128.4200885),(2433,36.1019984,120,128.420104),(2434,36.1020849,120,128.4201212),(2435,36.1021834,120,128.420117),(2436,36.1022854,120,128.420118),(2437,36.1023762,120,128.4201343),(2438,36.1024631,120,128.420165),(2439,36.1025523,120,128.4202246),(2440,36.1026132,120,128.420216),(2441,36.1026729,120,128.4201613),(2442,36.1026937,120,128.4200927),(2443,36.1027491,120,128.4200879),(2444,36.1028052,120,128.4200639),(2445,36.1028202,120,128.4200173),(2446,36.1028491,120,128.4199595),(2447,36.1029126,120,128.4199448),(2448,36.1029762,120,128.4199433),(2449,36.103056,120,128.4199013),(2450,36.1031115,120,128.4198244),(2451,36.1031387,120,128.4197469),(2452,36.1031323,120,128.4196788),(2453,36.1031472,120,128.419625),(2454,36.1031734,120,128.4196314),(2455,36.1032374,120,128.4196364),(2456,36.1033204,120,128.4195621),(2457,36.1033798,120,128.4195226),(2458,36.1034319,120,128.419475),(2459,36.1034841,120,128.419471),(2460,36.1034769,120,128.4194911),(2461,36.1035366,120,128.4196109),(2462,36.1035868,120,128.4196552),(2463,36.1036466,120,128.419723),(2464,36.1037075,120,128.4198095),(2465,36.1037401,120,128.4198668),(2466,36.1037839,120,128.4199332),(2467,36.1038366,120,128.4199864),(2468,36.1038859,120,128.4200408),(2469,36.1039254,120,128.4200967),(2470,36.1039354,120,128.4201976),(2471,36.1039538,120,128.4202639),(2472,36.1040101,120,128.4202704),(2473,36.1040597,120,128.4203901),(2474,36.1040834,120,128.4204585),(2475,36.1041145,120,128.4204977),(2476,36.1041517,120,128.4205468),(2477,36.1041642,120,128.4205694),(2478,36.104261,120,128.4207658),(2479,36.1042821,120,128.4208265),(2480,36.1042858,120,128.4209275),(2481,36.1042251,120,128.4210123),(2482,36.1041818,120,128.4210463),(2483,36.1041132,120,128.4210798),(2484,36.1040612,120,128.4211103),(2485,36.1040089,120,128.42116),(2486,36.1039485,120,128.4212025),(2487,36.1038763,120,128.4212421),(2488,36.1038269,120,128.4212778),(2489,36.1037683,120,128.4213145),(2490,36.1036981,120,128.4213436),(2491,36.1036541,120,128.4213581),(2492,36.1036161,120,128.4213996),(2493,36.1035434,120,128.4214171),(2494,36.1034958,120,128.4214581),(2495,36.1034681,120,128.4215208),(2496,36.103482,120,128.4216129),(2497,36.1034717,120,128.4215626),(2498,36.1034332,120,128.4215574),(2499,36.1033774,120,128.4215962),(2500,36.1033272,120,128.4216308),(2501,36.1032936,120,128.4217262),(2502,36.1032645,120,128.4218218),(2503,36.1032471,120,128.4218914),(2504,36.1032252,120,128.421949),(2505,36.1031078,120,128.4220371),(2506,36.102984,120,128.4221069),(2507,36.1029216,120,128.4221598),(2508,36.1028703,120,128.4222159),(2509,36.1028178,120,128.42227),(2510,36.1027532,120,128.4223282),(2511,36.1026641,120,128.4223859),(2512,36.1026172,120,128.4224342),(2513,36.102572,120,128.4224827),(2514,36.1025125,120,128.4225307),(2515,36.1024542,120,128.422565),(2516,36.1024119,120,128.4225959),(2517,36.1024187,120,128.4225811),(2518,36.102292,120,128.4227129),(2519,36.1022117,120,128.4227421),(2520,36.1021622,120,128.422793),(2521,36.1021256,120,128.4228884),(2522,36.1020762,120,128.4229562),(2523,36.1020206,120,128.422997),(2524,36.101961,120,128.423039),(2525,36.101879,120,128.4230924),(2526,36.1018236,120,128.4231316),(2527,36.101776,120,128.4231666),(2528,36.1017407,120,128.4232078),(2529,36.1016954,120,128.4232478),(2530,36.1016446,120,128.4232952),(2531,36.1015984,120,128.4233297),(2532,36.1015482,120,128.423356),(2533,36.1014762,120,128.4234179),(2534,36.1014358,120,128.4234968),(2535,36.1013944,120,128.4235448),(2536,36.1013415,120,128.4235864),(2537,36.1012932,120,128.4236208),(2538,36.1012501,120,128.4236751),(2539,36.1012004,120,128.4237083),(2540,36.1011557,120,128.4237658),(2541,36.1010945,120,128.4238027),(2542,36.101039,120,128.4238212),(2543,36.1009715,120,128.4238413),(2544,36.100917,120,128.4238371),(2545,36.1008638,120,128.4238552),(2546,36.1008006,120,128.4238947),(2547,36.1007545,120,128.4239327),(2548,36.100743,120,128.424007),(2549,36.1007217,120,128.4240489),(2550,36.1006989,120,128.4240761),(2551,36.1006841,120,128.4241228),(2552,36.1006428,120,128.4241882),(2553,36.1005959,120,128.4242455),(2554,36.100523,120,128.4243215),(2555,36.1004251,120,128.4243948),(2556,36.1003488,120,128.4244593),(2557,36.1003209,120,128.4245181),(2558,36.1002734,120,128.4245263),(2559,36.1002214,120,128.4245654),(2560,36.1001677,120,128.4246151),(2561,36.1001196,120,128.4246574),(2562,36.1000729,120,128.4246924),(2563,36.1000359,120,128.4247347),(2564,36.0999932,120,128.4247859),(2565,36.0999498,120,128.4248296),(2566,36.0999097,120,128.4248689),(2567,36.0998674,120,128.4249262),(2568,36.0998347,120,128.4249831),(2569,36.099778,120,128.4250269),(2570,36.0996978,120,128.4250727),(2571,36.099629,120,128.4251218),(2572,36.099592,120,128.4251674),(2573,36.0995643,120,128.4252013),(2574,36.0995516,120,128.4252439),(2575,36.0994968,120,128.4252922),(2576,36.0994363,120,128.4253266),(2577,36.0993817,120,128.42537),(2578,36.0993434,120,128.4253911),(2579,36.0993451,120,128.4253672),(2580,36.09928,120,128.4255917),(2581,36.0992258,120,128.4256513),(2582,36.0991769,120,128.4256721),(2583,36.099108,120,128.425714),(2584,36.0990541,120,128.4257778),(2585,36.099017,120,128.4258208),(2586,36.098972,120,128.4258737),(2587,36.098922,120,128.425932),(2588,36.0988653,120,128.4259934),(2589,36.0987798,120,128.4260905),(2590,36.098726,120,128.4261362),(2591,36.098678,120,128.4261771),(2592,36.0986394,120,128.4262141),(2593,36.0985956,120,128.4262665),(2594,36.0985545,120,128.4263169),(2595,36.0984904,120,128.4263535),(2596,36.0984231,120,128.4263577),(2597,36.098381,120,128.4264039),(2598,36.0983382,120,128.4264788),(2599,36.098313,120,128.4265622),(2600,36.0982904,120,128.4266185),(2601,36.0982649,120,128.4266647),(2602,36.0982347,120,128.4267284),(2603,36.0981951,120,128.4267994),(2604,36.0981321,120,128.4268432),(2605,36.0980709,120,128.4268764),(2606,36.0980106,120,128.426925),(2607,36.0979581,120,128.4269858),(2608,36.0979157,120,128.427024),(2609,36.0978583,120,128.4270637),(2610,36.0978176,120,128.4270992),(2611,36.0977547,120,128.4271176),(2612,36.0977121,120,128.4271539),(2613,36.0976721,120,128.4272106),(2614,36.0976445,120,128.4272532),(2615,36.0976412,120,128.4273372),(2616,36.0976244,120,128.4274129),(2617,36.0976079,120,128.4274859),(2618,36.0975814,120,128.4275467),(2619,36.0975282,120,128.4276029),(2620,36.0974845,120,128.4276485),(2621,36.0974438,120,128.4276906),(2622,36.0974161,120,128.4277331),(2623,36.0973671,120,128.4277907),(2624,36.0973024,120,128.4278116),(2625,36.0972427,120,128.4278466),(2626,36.0972142,120,128.4279045),(2627,36.0971737,120,128.4279603),(2628,36.0971352,120,128.4280032),(2629,36.097101,120,128.4280499),(2630,36.0970717,120,128.4280982),(2631,36.0970451,120,128.4281257),(2632,36.0969988,120,128.4281522),(2633,36.0969084,120,128.4281779),(2634,36.096871,120,128.428198),(2635,36.0968364,120,128.4282424),(2636,36.0968134,120,128.4283483),(2637,36.0967762,120,128.4284103),(2638,36.0967315,120,128.428457),(2639,36.0966848,120,128.4285178),(2640,36.0966483,120,128.4285622),(2641,36.0966237,120,128.4286208),(2642,36.0965765,120,128.4286698),(2643,36.096537,120,128.4287165),(2644,36.0965101,120,128.4287542),(2645,36.096484,120,128.428763),(2646,36.0964446,120,128.4287925),(2647,36.0963958,120,128.4288155),(2648,36.0963633,120,128.4288543),(2649,36.0963245,120,128.4288753),(2650,36.0962705,120,128.4289183),(2651,36.0962171,120,128.4289659),(2652,36.0961662,120,128.4290147),(2653,36.0961419,120,128.4290928),(2654,36.096143,120,128.4291621),(2655,36.0961393,120,128.4292295),(2656,36.0961023,120,128.429288),(2657,36.0960606,120,128.4293357),(2658,36.0960239,120,128.429382),(2659,36.0959736,120,128.4294238),(2660,36.0959084,120,128.4294576),(2661,36.0958576,120,128.4294876),(2662,36.0957915,120,128.4295103),(2663,36.0957434,120,128.4295478),(2664,36.0957006,120,128.4295666),(2665,36.0956627,120,128.4296076),(2666,36.0956331,120,128.4296626),(2667,36.095615,120,128.4297202),(2668,36.0955942,120,128.4297901),(2669,36.0955462,120,128.429877),(2670,36.0954952,120,128.4299562),(2671,36.0954566,120,128.4300124),(2672,36.0954335,120,128.4300399),(2673,36.0954088,120,128.4300812),(2674,36.0953714,120,128.4301196),(2675,36.0953399,120,128.4301723),(2676,36.0953062,120,128.4302102),(2677,36.0952629,120,128.4302488),(2678,36.0952284,120,128.430275),(2679,36.09519,120,128.4303189),(2680,36.0951561,120,128.4303781),(2681,36.0951251,120,128.4304395),(2682,36.0950649,120,128.4304824),(2683,36.0950271,120,128.4305145),(2684,36.0949915,120,128.4305461),(2685,36.0949564,120,128.4306016),(2686,36.0949327,120,128.4306471),(2687,36.0949127,120,128.4307269),(2688,36.0948995,120,128.430839),(2689,36.0948489,120,128.430933),(2690,36.0948017,120,128.4310281),(2691,36.0947709,120,128.4310988),(2692,36.0947298,120,128.4311605),(2693,36.0947033,120,128.4312268),(2694,36.09471,120,128.4312931),(2695,36.0947287,120,128.431354),(2696,36.0947512,120,128.4313997),(2697,36.0947706,120,128.4314514),(2698,36.0947685,120,128.4315209),(2699,36.0947497,120,128.4315893),(2700,36.0947235,120,128.4316614),(2701,36.0946624,120,128.4316966),(2702,36.0946096,120,128.4317771),(2703,36.0945749,120,128.4318554),(2704,36.0945366,120,128.4319422),(2705,36.0944979,120,128.4320001),(2706,36.0944432,120,128.432055),(2707,36.0944052,120,128.4321131),(2708,36.0943741,120,128.4321641),(2709,36.0943694,120,128.4322144),(2710,36.0943728,120,128.4322906),(2711,36.0943672,120,128.4323633),(2712,36.0943562,120,128.4324334),(2713,36.0943728,120,128.4325298),(2714,36.0943717,120,128.4325804),(2715,36.0943241,120,128.4326408),(2716,36.0942452,120,128.4327213),(2717,36.0942367,120,128.4328238),(2718,36.0942337,120,128.4329293),(2719,36.0942003,120,128.4330201),(2720,36.0941827,120,128.4331023),(2721,36.09417,120,128.4331847),(2722,36.094163,120,128.4332378),(2723,36.0941557,120,128.4332735),(2724,36.0941512,120,128.4333577),(2725,36.0941716,120,128.4334137),(2726,36.0941729,120,128.43348),(2727,36.094119,120,128.433542),(2728,36.0940849,120,128.433586),(2729,36.0940568,120,128.4336329),(2730,36.0940418,120,128.4337029),(2731,36.0940765,120,128.4337932),(2732,36.0940982,120,128.4338696),(2733,36.0941046,120,128.4339326),(2734,36.0940742,120,128.4339921),(2735,36.0940295,120,128.4340441),(2736,36.0939606,120,128.4341167),(2737,36.0938789,120,128.4341745),(2738,36.0938288,120,128.4342347),(2739,36.0938136,120,128.4342969),(2740,36.093799,120,128.4343508),(2741,36.0937815,120,128.4343987),(2742,36.0937743,120,128.4344588),(2743,36.0937902,120,128.434522),(2744,36.093817,120,128.434588),(2745,36.0938237,120,128.4346459),(2746,36.0937753,120,128.4347015),(2747,36.0937563,120,128.4347473),(2748,36.0937437,120,128.4347915),(2749,36.0937454,120,128.4348039),(2750,36.0937209,120,128.4349441),(2751,36.0937197,120,128.4349817),(2752,36.0937569,120,128.4350178),(2753,36.093798,120,128.4350421),(2754,36.0938656,120,128.4350565),(2755,36.093936,120,128.435076),(2756,36.093975,120,128.4350673),(2757,36.0940001,120,128.4350188),(2758,36.0939944,120,128.4349687),(2759,36.0939814,120,128.4349498),(2760,36.0941089,120,128.4347727),(2761,36.0941729,120,128.4346759),(2762,36.0941888,120,128.4346097),(2763,36.094234,120,128.4345414),(2764,36.0942603,120,128.4344409),(2765,36.0943019,120,128.4343297),(2766,36.094321,120,128.4342633),(2767,36.094351,120,128.4341934),(2768,36.0943742,120,128.4341344),(2769,36.0943803,120,128.4340504),(2770,36.0943717,120,128.4339726),(2771,36.0943724,120,128.4339138),(2772,36.0944031,120,128.433863),(2773,36.0944362,120,128.4337854),(2774,36.094467,120,128.4337152),(2775,36.0944964,120,128.4336606),(2776,36.0945237,120,128.4335909),(2777,36.0945502,120,128.4335215),(2778,36.0945677,120,128.4334562),(2779,36.0945724,120,128.4333764),(2780,36.0945868,120,128.4333164),(2781,36.0945868,120,128.4332471),(2782,36.0946045,120,128.4331776),(2783,36.094638,120,128.4331059),(2784,36.0947058,120,128.4330349),(2785,36.0947406,120,128.4329973),(2786,36.0947339,120,128.4329941),(2787,36.0946745,120,128.4330603),(2788,36.0946749,120,128.4330604),(2789,36.0947739,120,128.4328767),(2790,36.0947903,120,128.4327996),(2791,36.0948555,120,128.432768),(2792,36.0948642,120,128.4326492),(2793,36.0948301,120,128.4325417),(2794,36.0948334,120,128.4324652),(2795,36.0948752,120,128.4324092),(2796,36.0949129,120,128.4323437),(2797,36.0949521,120,128.4322596),(2798,36.0949917,120,128.4321922),(2799,36.0950009,120,128.4320965),(2800,36.0950075,120,128.4320281),(2801,36.0950301,120,128.4319608),(2802,36.095047,120,128.4318889),(2803,36.0950653,120,128.4318073),(2804,36.0950777,120,128.4317276),(2805,36.0951124,120,128.4316464),(2806,36.0951206,120,128.4315882),(2807,36.0951119,120,128.4315093),(2808,36.0951029,120,128.431436),(2809,36.0951287,120,128.4313593),(2810,36.0951655,120,128.4312753),(2811,36.0952144,120,128.4311537),(2812,36.0952344,120,128.4310675),(2813,36.0952521,120,128.4310273),(2814,36.0952616,120,128.4309703),(2815,36.0952779,120,128.4308997),(2816,36.0952954,120,128.4308544),(2817,36.0953219,120,128.4307981),(2818,36.0953593,120,128.4307779),(2819,36.0953869,120,128.4307604),(2820,36.0954078,120,128.430746),(2821,36.0954147,120,128.4307366),(2822,36.0955962,120,128.4305071),(2823,36.0956646,120,128.4304171),(2824,36.0957071,120,128.4303588),(2825,36.0957518,120,128.4303135),(2826,36.095803,120,128.4302706),(2827,36.0958439,120,128.4302307),(2828,36.0958788,120,128.430185),(2829,36.0958966,120,128.4301081),(2830,36.0959295,120,128.4300621),(2831,36.0959834,120,128.4300331),(2832,36.0960624,120,128.4300056),(2833,36.0961487,120,128.4299683),(2834,36.0962059,120,128.4299198),(2835,36.0962499,120,128.4298768),(2836,36.0962855,120,128.4298307),(2837,36.0963409,120,128.4297897),(2838,36.0963888,120,128.4297411),(2839,36.0964283,120,128.429667),(2840,36.0964168,120,128.4295781),(2841,36.0964302,120,128.4294935),(2842,36.0964884,120,128.4294051),(2843,36.0964661,120,128.4293986),(2844,36.0964658,120,128.4293996),(2845,36.0964395,120,128.4295001),(2846,36.0964197,120,128.4294963),(2847,36.0965176,120,128.4293647),(2848,36.0965688,120,128.4292916),(2849,36.0966126,120,128.4292243),(2850,36.0966673,120,128.4291736),(2851,36.0967333,120,128.4291275),(2852,36.0967707,120,128.4290878),(2853,36.0968004,120,128.4290345),(2854,36.0968389,120,128.4289918),(2855,36.0969069,120,128.4289521),(2856,36.0969584,120,128.4289078),(2857,36.0970086,120,128.4288618),(2858,36.0970716,120,128.4288112),(2859,36.0971245,120,128.4287711),(2860,36.0971616,120,128.4287362),(2861,36.0971954,120,128.4286989),(2862,36.0972319,120,128.4286524),(2863,36.0972869,120,128.4286271),(2864,36.0973485,120,128.4285967),(2865,36.0973822,120,128.4285205),(2866,36.0974159,120,128.4284552),(2867,36.0974493,120,128.4283773),(2868,36.0974912,120,128.4283329),(2869,36.0975283,120,128.4282943),(2870,36.0975682,120,128.4282415),(2871,36.0975982,120,128.428206),(2872,36.0976335,120,128.4281821),(2873,36.0976551,120,128.428167),(2874,36.0976611,120,128.4281377),(2875,36.09768,120,128.4280952),(2876,36.0977213,120,128.4280394),(2877,36.0977569,120,128.4279481),(2878,36.097804,120,128.4278627),(2879,36.0978554,120,128.4277996),(2880,36.0978888,120,128.427756),(2881,36.0979163,120,128.4277288),(2882,36.0979433,120,128.4277285),(2883,36.0979733,120,128.4277157),(2884,36.0979981,120,128.4276992),(2885,36.0980566,120,128.427666),(2886,36.0981271,120,128.4276048),(2887,36.0981688,120,128.4275553),(2888,36.0982059,120,128.4275085),(2889,36.0982424,120,128.4274581),(2890,36.0983125,120,128.4273944),(2891,36.0983893,120,128.4273363),(2892,36.0984606,120,128.427277),(2893,36.0984974,120,128.427214),(2894,36.0985221,120,128.4271512),(2895,36.0985441,120,128.4271043),(2896,36.098568,120,128.4270467),(2897,36.0985791,120,128.4270015),(2898,36.098603,120,128.4269577),(2899,36.0986203,120,128.4269146),(2900,36.098655,120,128.4268593),(2901,36.0987055,120,128.4268145),(2902,36.0987637,120,128.4267771),(2903,36.098816,120,128.4267269),(2904,36.0988391,120,128.4266545),(2905,36.0988687,120,128.4265985),(2906,36.0989224,120,128.4265507),(2907,36.0989905,120,128.4265178),(2908,36.0990403,120,128.4264844),(2909,36.0990552,120,128.4264274),(2910,36.0990928,120,128.426402),(2911,36.0991282,120,128.4263692),(2912,36.0991585,120,128.426324),(2913,36.0991925,120,128.4262589),(2914,36.0992357,120,128.4262128),(2915,36.0992868,120,128.4261683),(2916,36.0993312,120,128.4261313),(2917,36.0993886,120,128.4260558),(2918,36.0994352,120,128.425994),(2919,36.0994335,120,128.425945),(2920,36.0994795,120,128.425912),(2921,36.0995228,120,128.4258994),(2922,36.0995756,120,128.4258901),(2923,36.0995866,120,128.4258352),(2924,36.0995569,120,128.4258121),(2925,36.0995426,120,128.4257992),(2926,36.0996436,120,128.4256725),(2927,36.0997301,120,128.4256224),(2928,36.099799,120,128.4255864),(2929,36.0998545,120,128.4255184),(2930,36.0999189,120,128.4254833),(2931,36.0999765,120,128.4254346),(2932,36.1000466,120,128.4253943),(2933,36.1001113,120,128.4253286),(2934,36.1001832,120,128.4252701),(2935,36.1002363,120,128.42523),(2936,36.1003018,120,128.4252019),(2937,36.1003675,120,128.4251536),(2938,36.1004297,120,128.4251121),(2939,36.1004747,120,128.4250845),(2940,36.1005151,120,128.4250462),(2941,36.1005539,120,128.425015),(2942,36.1005887,120,128.4249841),(2943,36.1006196,120,128.4249456),(2944,36.1006736,120,128.42491),(2945,36.1007297,120,128.4248728),(2946,36.1007634,120,128.4248377),(2947,36.1008091,120,128.4247816),(2948,36.100858,120,128.4246968),(2949,36.1008999,120,128.4246395),(2950,36.1009416,120,128.4245787),(2951,36.1010066,120,128.4245455),(2952,36.101052,120,128.4245441),(2953,36.1010936,120,128.4245041),(2954,36.1011414,120,128.4244735),(2955,36.1011717,120,128.4244202),(2956,36.1012086,120,128.4243487),(2957,36.1012524,120,128.4242825),(2958,36.1012892,120,128.4242388),(2959,36.1013312,120,128.4241975),(2960,36.1013854,120,128.4241455),(2961,36.1014191,120,128.4241039),(2962,36.1014394,120,128.4240699),(2963,36.1014773,120,128.4240366),(2964,36.1015331,120,128.4239982),(2965,36.1015827,120,128.4239535),(2966,36.1016341,120,128.4238976),(2967,36.1016913,120,128.4238608),(2968,36.1017366,120,128.4238261),(2969,36.1017916,120,128.4238135),(2970,36.1018444,120,128.4237874),(2971,36.1019027,120,128.4237405),(2972,36.1019621,120,128.4236942),(2973,36.1020126,120,128.4236457),(2974,36.1020587,120,128.4235972),(2975,36.1020943,120,128.4235605),(2976,36.1021174,120,128.4235155),(2977,36.1021533,120,128.4234655),(2978,36.1022015,120,128.4233945),(2979,36.1022538,120,128.4233499),(2980,36.1023061,120,128.4233096),(2981,36.1023598,120,128.4232432),(2982,36.1023864,120,128.4232102),(2983,36.102422,120,128.4231772),(2984,36.1024972,120,128.4231369),(2985,36.1025415,120,128.4231156),(2986,36.1025609,120,128.4230794),(2987,36.1026069,120,128.4230779),(2988,36.1026588,120,128.4230654),(2989,36.102674,120,128.4230409),(2990,36.1026808,120,128.4230376),(2991,36.1028596,120,128.4229983),(2992,36.102909,120,128.4229751),(2993,36.1029777,120,128.4229354),(2994,36.1030199,120,128.4228174),(2995,36.1030815,120,128.4227085),(2996,36.1031278,120,128.4226386),(2997,36.1031747,120,128.4225965),(2998,36.1032299,120,128.4225434),(2999,36.103253,120,128.4224713),(3000,36.1032923,120,128.4224122),(3001,36.1033542,120,128.422359),(3002,36.1034041,120,128.422315),(3003,36.1034613,120,128.4222797),(3004,36.1035404,120,128.4222275),(3005,36.1035982,120,128.4221768),(3006,36.103627,120,128.4221465),(3007,36.1036565,120,128.4221349),(3008,36.1036835,120,128.4221377),(3009,36.1037022,120,128.4221295),(3010,36.1038271,120,128.4220289),(3011,36.103876,120,128.4219856),(3012,36.1039113,120,128.4219438),(3013,36.1039641,120,128.4218821),(3014,36.10402,120,128.4218341),(3015,36.1040706,120,128.4217832),(3016,36.104116,120,128.4217456),(3017,36.1041511,120,128.4216958),(3018,36.1041795,120,128.4216192),(3019,36.1042417,120,128.4215612),(3020,36.104279,120,128.4215328),(3021,36.1043331,120,128.4214554),(3022,36.1043509,120,128.4213886),(3023,36.1043853,120,128.4213443),(3024,36.1044359,120,128.4213135),(3025,36.1044855,120,128.4212792),(3026,36.1045529,120,128.4212562),(3027,36.1046093,120,128.4212351),(3028,36.1046596,120,128.4212048),(3029,36.1046961,120,128.4211745),(3030,36.1047477,120,128.4211207),(3031,36.1047873,120,128.4210453),(3032,36.1048048,120,128.4209855),(3033,36.1048191,120,128.4209212),(3034,36.1048628,120,128.4208664),(3035,36.1049248,120,128.4208732),(3036,36.1050216,120,128.4208604),(3037,36.1050812,120,128.4208515),(3038,36.1051,120,128.4208462),(3039,36.1052192,120,128.4207601),(3040,36.1052664,120,128.4207265),(3041,36.1053154,120,128.4206667),(3042,36.1053507,120,128.4205833),(3043,36.1054109,120,128.4204937),(3044,36.1054501,120,128.4204439),(3045,36.1054431,120,128.4204495),(3046,36.1056001,120,128.4202833),(3047,36.1056507,120,128.4202604),(3048,36.1057037,120,128.4202638),(3049,36.1057412,120,128.420284),(3050,36.105775,120,128.420231),(3051,36.1058177,120,128.4201523),(3052,36.1058665,120,128.4200828),(3053,36.1059082,120,128.4200114),(3054,36.1059279,120,128.4199472),(3055,36.105932,120,128.4198906),(3056,36.1059518,120,128.4198319),(3057,36.1059835,120,128.4197728),(3058,36.1059874,120,128.4197023),(3059,36.1059365,120,128.4196295),(3060,36.1058824,120,128.4195922),(3061,36.1057506,120,128.4196338),(3062,36.1056893,120,128.4196932),(3063,36.1056475,120,128.419728),(3064,36.1056043,120,128.4197568),(3065,36.1055184,120,128.4197677),(3066,36.1054659,120,128.41979),(3067,36.1054257,120,128.4197938),(3068,36.1053887,120,128.4198159),(3069,36.1053541,120,128.4198556),(3070,36.1053391,120,128.4199224),(3071,36.1053096,120,128.4199655),(3072,36.1052678,120,128.4200245),(3073,36.1052225,120,128.4200778),(3074,36.1051824,120,128.4201221),(3075,36.1051537,120,128.420159),(3076,36.1051171,120,128.4201742),(3077,36.1050868,120,128.4202089),(3078,36.105036,120,128.420205),(3079,36.1049882,120,128.4201456),(3080,36.1049595,120,128.4200969),(3081,36.1049263,120,128.4200408),(3082,36.1049059,120,128.420009),(3083,36.1048877,120,128.420005),(3084,36.1048068,120,128.4198469),(3085,36.1047685,120,128.419772),(3086,36.1047235,120,128.4197025),(3087,36.1047061,120,128.4196375),(3088,36.1046917,120,128.41957),(3089,36.1046585,120,128.4195244),(3090,36.1046188,120,128.4195051),(3091,36.104529,120,128.4195019),(3092,36.1044743,120,128.4194901),(3093,36.104398,120,128.4194862),(3094,36.1043469,120,128.419494),(3095,36.1042963,120,128.4195348),(3096,36.1042472,120,128.4195488),(3097,36.1042044,120,128.4195518),(3098,36.1041608,120,128.419556),(3099,36.1041155,120,128.4195747),(3100,36.1040783,120,128.4196042),(3101,36.1040291,120,128.419636),(3102,36.1039831,120,128.4196718),(3103,36.1039353,120,128.4196838),(3104,36.103886,120,128.4196899),(3105,36.1038286,120,128.4197144),(3106,36.1037721,120,128.419752),(3107,36.1037216,120,128.419787),(3108,36.103675,120,128.4197908),(3109,36.103631,120,128.4197679),(3110,36.1036066,120,128.4197425),(3111,36.1035832,120,128.4196819),(3112,36.1035575,120,128.4196323),(3113,36.103532,120,128.4195785),(3114,36.1035312,120,128.4195281),(3115,36.1035537,120,128.4194808),(3116,36.1035883,120,128.4194358),(3117,36.1036291,120,128.4193946),(3118,36.1036721,120,128.4193321),(3119,36.1037165,120,128.4193143),(3120,36.1037528,120,128.4192755),(3121,36.1037835,120,128.4192184),(3122,36.1038055,120,128.4191474),(3123,36.1038336,120,128.4190691),(3124,36.1038679,120,128.4190277),(3125,36.1038881,120,128.4189823),(3126,36.1039108,120,128.4189205),(3127,36.1039424,120,128.4188707),(3128,36.103984,120,128.4188058),(3129,36.1040045,120,128.4187379),(3130,36.1040386,120,128.4186931),(3131,36.1040681,120,128.4186504),(3132,36.1040883,120,128.4186053),(3133,36.1041114,120,128.418547),(3134,36.1041326,120,128.4184867),(3135,36.1041558,120,128.4184146),(3136,36.1041719,120,128.4183423),(3137,36.1041826,120,128.4182737),(3138,36.1042043,120,128.4182124),(3139,36.1042142,120,128.4181846),(3140,36.1042262,120,128.4181532),(3141,36.1042582,120,128.4181057),(3142,36.1042918,120,128.4180372),(3143,36.1043269,120,128.417966),(3144,36.1043583,120,128.4179347),(3145,36.1044069,120,128.4179085),(3146,36.1044519,120,128.4178813),(3147,36.1044788,120,128.417842),(3148,36.104505,120,128.4178069),(3149,36.1045376,120,128.4177909),(3150,36.1045728,120,128.4177882),(3151,36.104603,120,128.4177998),(3152,36.104593,120,128.4178278),(3153,36.1045746,120,128.4178671),(3154,36.1045635,120,128.4179137),(3155,36.1045506,120,128.4179079),(3156,36.1044867,120,128.4178302),(3157,36.1044842,120,128.4178297),(3158,36.1045768,120,128.41785),(3159,36.1045832,120,128.417861),(3160,36.1073977,121,128.4192016),(3161,36.1073917,121,128.4191765),(3162,36.1073127,121,128.4193038),(3163,36.1072652,121,128.4193229),(3164,36.1071849,121,128.4193893),(3165,36.1071199,121,128.419411),(3166,36.1070698,121,128.4194737),(3167,36.1070643,121,128.4195734),(3168,36.1070176,121,128.419643),(3169,36.1069787,121,128.4197048),(3170,36.1069516,121,128.4197423),(3171,36.1069057,121,128.4197729),(3172,36.1068725,121,128.4198205),(3173,36.1068178,121,128.4198599),(3174,36.1067562,121,128.4198939),(3175,36.1066872,121,128.4199227),(3176,36.1066252,121,128.4199456),(3177,36.1065832,121,128.4199549),(3178,36.1065609,121,128.4199905),(3179,36.1065259,121,128.4200385),(3180,36.1064845,121,128.4201005),(3181,36.1064505,121,128.4201665),(3182,36.1064081,121,128.4201973),(3183,36.1063578,121,128.4201996),(3184,36.1063212,121,128.4201505),(3185,36.1062823,121,128.4200741),(3186,36.1062426,121,128.4200249),(3187,36.106202,121,128.4199733),(3188,36.1061802,121,128.4199209),(3189,36.1061623,121,128.4198843),(3190,36.1061302,121,128.4198435),(3191,36.1061234,121,128.4198168),(3192,36.1061089,121,128.4198184),(3193,36.1061685,121,128.4196773),(3194,36.1062132,121,128.4196147),(3195,36.106228,121,128.4195399),(3196,36.1062132,121,128.4194674),(3197,36.106157,121,128.419385),(3198,36.1060572,121,128.4193288),(3199,36.1059985,121,128.4192958),(3200,36.1059525,121,128.4192801),(3201,36.1059624,121,128.4192873),(3202,36.1058119,121,128.4194325),(3203,36.1057584,121,128.4195031),(3204,36.1057045,121,128.419538),(3205,36.105675,121,128.419602),(3206,36.105661,121,128.4196835),(3207,36.1056377,121,128.4197574),(3208,36.1055713,121,128.4197849),(3209,36.1055167,121,128.4198041),(3210,36.1054691,121,128.4198517),(3211,36.1054314,121,128.4199127),(3212,36.1054041,121,128.419994),(3213,36.1053479,121,128.4200167),(3214,36.1052981,121,128.4200304),(3215,36.1052748,121,128.4200611),(3216,36.10524,121,128.4201075),(3217,36.1051916,121,128.4201476),(3218,36.1051405,121,128.4201717),(3219,36.1050917,121,128.4202131),(3220,36.1050387,121,128.4202568),(3221,36.1049844,121,128.420225),(3222,36.1049473,121,128.4201626),(3223,36.1049252,121,128.4200917),(3224,36.1048898,121,128.4200239),(3225,36.1048494,121,128.4199628),(3226,36.1048041,121,128.4199129),(3227,36.1047515,121,128.4198777),(3228,36.1047145,121,128.419821),(3229,36.1047092,121,128.4197422),(3230,36.1047212,121,128.4196964),(3231,36.1047024,121,128.4196305),(3232,36.1046566,121,128.4195612),(3233,36.1046185,121,128.4195049),(3234,36.1045735,121,128.4194744),(3235,36.104494,121,128.4194796),(3236,36.1044448,121,128.4194712),(3237,36.1043825,121,128.419482),(3238,36.1043348,121,128.4194725),(3239,36.1043037,121,128.4193987),(3240,36.1042917,121,128.4193128),(3241,36.1042626,121,128.4192522),(3242,36.1042324,121,128.4192652),(3243,36.1042069,121,128.4192837),(3244,36.1041728,121,128.419272),(3245,36.1041399,121,128.4192667),(3246,36.1040848,121,128.419259),(3247,36.104026,121,128.4192581),(3248,36.1039732,121,128.4192396),(3249,36.1039243,121,128.4192028),(3250,36.1038836,121,128.4191742),(3251,36.1038653,121,128.4191964),(3252,36.1038362,121,128.4192305),(3253,36.1037885,121,128.4192529),(3254,36.1037349,121,128.4192589),(3255,36.1037205,121,128.4192517),(3256,36.1037656,121,128.4191562),(3257,36.1037969,121,128.4191011),(3258,36.1038216,121,128.4190533),(3259,36.1038473,121,128.4189824),(3260,36.1038682,121,128.4189268),(3261,36.1039093,121,128.4188721),(3262,36.1039377,121,128.4188234),(3263,36.1039788,121,128.4187735),(3264,36.1040078,121,128.4187236),(3265,36.10401,121,128.4186749),(3266,36.1040104,121,128.4186571),(3267,36.1039534,121,128.4188266),(3268,36.1039051,121,128.4188514),(3269,36.1038605,121,128.4189302),(3270,36.1038245,121,128.419014),(3271,36.1037953,121,128.4190848),(3272,36.1037518,121,128.4191396),(3273,36.103708,121,128.4191951),(3274,36.1036723,121,128.4192446),(3275,36.1036468,121,128.4193071),(3276,36.1036168,121,128.4193563),(3277,36.1035877,121,128.4194162),(3278,36.1035526,121,128.4194512),(3279,36.1035129,121,128.4194646),(3280,36.1034811,121,128.4194635),(3281,36.1034744,121,128.4194636),(3282,36.103353,121,128.4195558),(3283,36.1033416,121,128.4195596),(3284,36.1032352,121,128.4195473),(3285,36.1032263,121,128.4195535),(3286,36.1030871,121,128.4195468),(3287,36.1030695,121,128.4195408),(3288,36.1029036,121,128.4195796),(3289,36.1028497,121,128.4196001),(3290,36.1027901,121,128.4196047),(3291,36.1027368,121,128.4195729),(3292,36.1027063,121,128.4195401),(3293,36.1026892,121,128.4195388),(3294,36.1028959,121,128.419571),(3295,36.1029658,121,128.4195735),(3296,36.1030397,121,128.4195636),(3297,36.1031139,121,128.4195573),(3298,36.1031877,121,128.4195504),(3299,36.1032653,121,128.4195585),(3300,36.1033321,121,128.4195543),(3301,36.1033955,121,128.4195367),(3302,36.1034629,121,128.4195429),(3303,36.1034979,121,128.4195865),(3304,36.1035199,121,128.419624),(3305,36.1035621,121,128.4196667),(3306,36.103622,121,128.4197106),(3307,36.1036801,121,128.4197432),(3308,36.1037492,121,128.4197892),(3309,36.1037993,121,128.4198591),(3310,36.1038286,121,128.4199347),(3311,36.1038451,121,128.4200149),(3312,36.1038655,121,128.4201002),(3313,36.1038893,121,128.4201674),(3314,36.1039121,121,128.4202488),(3315,36.1039308,121,128.420319),(3316,36.1039626,121,128.4203725),(3317,36.1039911,121,128.4204283),(3318,36.1040528,121,128.4204728),(3319,36.1041118,121,128.4205041),(3320,36.1041538,121,128.4205614),(3321,36.1041805,121,128.4206287),(3322,36.1042019,121,128.4206868),(3323,36.1041918,121,128.4207401),(3324,36.1042158,121,128.4208191),(3325,36.1042373,121,128.420879),(3326,36.1042368,121,128.4209445),(3327,36.1042178,121,128.4210102),(3328,36.1041749,121,128.421059),(3329,36.1041175,121,128.4210945),(3330,36.1040467,121,128.4211247),(3331,36.1039914,121,128.4211672),(3332,36.1039166,121,128.4211956),(3333,36.1038611,121,128.421225),(3334,36.1038163,121,128.421253),(3335,36.1037934,121,128.4213168),(3336,36.1037691,121,128.4213859),(3337,36.1037266,121,128.4214247),(3338,36.1036679,121,128.4214417),(3339,36.1036146,121,128.4214779),(3340,36.1035634,121,128.4215371),(3341,36.1035222,121,128.4216059),(3342,36.103502,121,128.4216552),(3343,36.1034454,121,128.4216848),(3344,36.1033753,121,128.421701),(3345,36.1033281,121,128.4217586),(3346,36.1032737,121,128.42182),(3347,36.1032179,121,128.4218479),(3348,36.1031686,121,128.4218825),(3349,36.1031276,121,128.4219242),(3350,36.1030874,121,128.4219686),(3351,36.1030441,121,128.4220155),(3352,36.1029957,121,128.4220673),(3353,36.1029476,121,128.422107),(3354,36.1028909,121,128.4221419),(3355,36.1028381,121,128.4221912),(3356,36.1027867,121,128.4222509),(3357,36.1027373,121,128.422294),(3358,36.10269,121,128.4223409),(3359,36.1026382,121,128.4223743),(3360,36.102574,121,128.4223869),(3361,36.1025146,121,128.4224191),(3362,36.102465,121,128.4224616),(3363,36.102424,121,128.4225201),(3364,36.1024003,121,128.4225271),(3365,36.1024122,121,128.4225164),(3366,36.1023304,121,128.4226982),(3367,36.1022816,121,128.4227757),(3368,36.1022177,121,128.4228261),(3369,36.1021691,121,128.4228749),(3370,36.1021229,121,128.4229063),(3371,36.102058,121,128.4229304),(3372,36.101999,121,128.4229631),(3373,36.1019444,121,128.4230117),(3374,36.1018897,121,128.4230682),(3375,36.1018488,121,128.4231335),(3376,36.1018004,121,128.423199),(3377,36.1017431,121,128.4232352),(3378,36.1016885,121,128.423249),(3379,36.101642,121,128.4232856),(3380,36.101601,121,128.4233223),(3381,36.1015585,121,128.4233583),(3382,36.1015061,121,128.4233901),(3383,36.1014517,121,128.4234379),(3384,36.1014036,121,128.4234904),(3385,36.1013598,121,128.4235428),(3386,36.1013036,121,128.4235952),(3387,36.1012397,121,128.4236218),(3388,36.1012062,121,128.4236685),(3389,36.1011676,121,128.4237275),(3390,36.1010805,121,128.4237552),(3391,36.1010051,121,128.4237705),(3392,36.1009423,121,128.4238289),(3393,36.1009104,121,128.4238576),(3394,36.100903,121,128.423944),(3395,36.1008715,121,128.4239895),(3396,36.1008431,121,128.4240385),(3397,36.1007971,121,128.4240844),(3398,36.1007404,121,128.4240965),(3399,36.1006766,121,128.4241299),(3400,36.1006153,121,128.4241721),(3401,36.1005692,121,128.4242248),(3402,36.1005258,121,128.4242664),(3403,36.1004739,121,128.4243083),(3404,36.1004155,121,128.4243544),(3405,36.1003774,121,128.4244034),(3406,36.1003376,121,128.4244609),(3407,36.1003035,121,128.4245151),(3408,36.1002669,121,128.4245601),(3409,36.1002257,121,128.4246036),(3410,36.100181,121,128.4246414),(3411,36.100141,121,128.4246759),(3412,36.1000906,121,128.4246834),(3413,36.1000801,121,128.4247333),(3414,36.1000452,121,128.4247879),(3415,36.0999869,121,128.4248485),(3416,36.0999229,121,128.4249021),(3417,36.0998589,121,128.4249138),(3418,36.0998073,121,128.4249499),(3419,36.0997542,121,128.4249856),(3420,36.0997077,121,128.425025),(3421,36.0996579,121,128.4250642),(3422,36.0996133,121,128.42511),(3423,36.0995554,121,128.4251511),(3424,36.0995128,121,128.4251912),(3425,36.0994678,121,128.4252482),(3426,36.0994257,121,128.4253193),(3427,36.0993939,121,128.4253929),(3428,36.0993495,121,128.4254298),(3429,36.0993096,121,128.4254299),(3430,36.099316,121,128.4254114),(3431,36.0991866,121,128.425626),(3432,36.0991233,121,128.425644),(3433,36.0990414,121,128.4256605),(3434,36.0989859,121,128.4257058),(3435,36.0989547,121,128.4257593),(3436,36.098911,121,128.4258109),(3437,36.0988808,121,128.4258886),(3438,36.0988652,121,128.4259755),(3439,36.0988164,121,128.4260459),(3440,36.0987658,121,128.426103),(3441,36.0987152,121,128.4261525),(3442,36.0986642,121,128.426211),(3443,36.0986189,121,128.4262803),(3444,36.0985677,121,128.4263257),(3445,36.0985084,121,128.4263395),(3446,36.098479,121,128.4263865),(3447,36.0984572,121,128.4264159),(3448,36.0984156,121,128.426469),(3449,36.0983904,121,128.426541),(3450,36.098356,121,128.4266063),(3451,36.0983231,121,128.4266643),(3452,36.0982804,121,128.4267124),(3453,36.0982098,121,128.4267179),(3454,36.0981548,121,128.4267539),(3455,36.0981145,121,128.4267952),(3456,36.0980637,121,128.4268369),(3457,36.0980121,121,128.4269062),(3458,36.0979722,121,128.4269684),(3459,36.0979577,121,128.4270287),(3460,36.0979474,121,128.4270689),(3461,36.097921,121,128.4271001),(3462,36.0978713,121,128.4271508),(3463,36.0978199,121,128.4271915),(3464,36.0977765,121,128.4272242),(3465,36.0977353,121,128.4272696),(3466,36.097701,121,128.4273192),(3467,36.0976713,121,128.427369),(3468,36.0976376,121,128.4274217),(3469,36.0976169,121,128.4274767),(3470,36.0975857,121,128.4275417),(3471,36.0975439,121,128.4276058),(3472,36.0975168,121,128.4276686),(3473,36.0974815,121,128.4277146),(3474,36.0974118,121,128.4277331),(3475,36.097338,121,128.4277284),(3476,36.0972754,121,128.4277468),(3477,36.0972197,121,128.4278172),(3478,36.097199,121,128.4279099),(3479,36.0971675,121,128.427983),(3480,36.0971158,121,128.4280198),(3481,36.0970865,121,128.4280908),(3482,36.0970608,121,128.4281543),(3483,36.0970274,121,128.4281975),(3484,36.0969889,121,128.4282286),(3485,36.0969551,121,128.4282694),(3486,36.0969181,121,128.4282887),(3487,36.0968717,121,128.4283178),(3488,36.0968514,121,128.4283391),(3489,36.0968118,121,128.4284201),(3490,36.0967654,121,128.4284825),(3491,36.0967221,121,128.4285287),(3492,36.0966861,121,128.4285713),(3493,36.0966404,121,128.428615),(3494,36.0965704,121,128.4286253),(3495,36.0965314,121,128.4286557),(3496,36.096497,121,128.4287041),(3497,36.0964719,121,128.4287662),(3498,36.0964493,121,128.4288299),(3499,36.0964318,121,128.4288915),(3500,36.0964241,121,128.4289506),(3501,36.0963857,121,128.4289887),(3502,36.0963206,121,128.4290208),(3503,36.0962655,121,128.4290728),(3504,36.0962103,121,128.4291223),(3505,36.0961506,121,128.4291671),(3506,36.0961186,121,128.4291934),(3507,36.0960783,121,128.4292167),(3508,36.0960366,121,128.4292278),(3509,36.096014,121,128.4292781),(3510,36.0959848,121,128.4293384),(3511,36.095936,121,128.4293908),(3512,36.0958752,121,128.4294437),(3513,36.0958073,121,128.4294947),(3514,36.0957562,121,128.4295374),(3515,36.0957198,121,128.4295704),(3516,36.0956933,121,128.4295942),(3517,36.095676,121,128.4296364),(3518,36.095648,121,128.429698),(3519,36.0956143,121,128.4297554),(3520,36.095573,121,128.4298105),(3521,36.0955482,121,128.4298505),(3522,36.0955276,121,128.4298992),(3523,36.0955114,121,128.4299608),(3524,36.0954717,121,128.4300374),(3525,36.0954383,121,128.4301009),(3526,36.0954387,121,128.4301551),(3527,36.0953902,121,128.4301809),(3528,36.0953256,121,128.430198),(3529,36.0952714,121,128.4302392),(3530,36.0952295,121,128.4302797),(3531,36.0952193,121,128.4303507),(3532,36.0951809,121,128.4304019),(3533,36.0951322,121,128.4304412),(3534,36.0950694,121,128.430436),(3535,36.0950132,121,128.4304564),(3536,36.0949693,121,128.4305463),(3537,36.0949731,121,128.43064),(3538,36.0949514,121,128.4307057),(3539,36.0949196,121,128.4307656),(3540,36.0948799,121,128.4308317),(3541,36.0948392,121,128.4308619),(3542,36.0948086,121,128.4309294),(3543,36.0947882,121,128.4309777),(3544,36.0947806,121,128.4310683),(3545,36.0947747,121,128.4311465),(3546,36.0947574,121,128.4312074),(3547,36.0947427,121,128.4312854),(3548,36.0947297,121,128.4313568),(3549,36.0947327,121,128.4314289),(3550,36.0947428,121,128.4314744),(3551,36.0946992,121,128.4315095),(3552,36.094666,121,128.431583),(3553,36.0946446,121,128.4316612),(3554,36.0946176,121,128.4317298),(3555,36.0945956,121,128.4317923),(3556,36.0945759,121,128.4318484),(3557,36.0945415,121,128.4319357),(3558,36.0945082,121,128.4320017),(3559,36.0944695,121,128.432049),(3560,36.0944311,121,128.4321134),(3561,36.0944062,121,128.4321814),(3562,36.0944003,121,128.4322473),(3563,36.0943905,121,128.4322969),(3564,36.0943983,121,128.4323572),(3565,36.0944292,121,128.4324023),(3566,36.094433,121,128.432461),(3567,36.0943877,121,128.432526),(3568,36.0943281,121,128.4325768),(3569,36.0942929,121,128.4326393),(3570,36.0942434,121,128.4327197),(3571,36.0942422,121,128.4328512),(3572,36.0942248,121,128.4329454),(3573,36.0941993,121,128.4330189),(3574,36.0941741,121,128.4331038),(3575,36.0941761,121,128.4331946),(3576,36.0941626,121,128.4332731),(3577,36.0941467,121,128.4333341),(3578,36.0941255,121,128.4333955),(3579,36.0941179,121,128.4334532),(3580,36.0941053,121,128.433507),(3581,36.0940898,121,128.4335699),(3582,36.0940774,121,128.4336529),(3583,36.0940653,121,128.4337239),(3584,36.0940547,121,128.4337843),(3585,36.0940311,121,128.4338457),(3586,36.0939843,121,128.4338749),(3587,36.0939471,121,128.4339356),(3588,36.0939178,121,128.4340161),(3589,36.0939015,121,128.4340744),(3590,36.0938819,121,128.434131),(3591,36.0938629,121,128.4341879),(3592,36.0938402,121,128.4342568),(3593,36.0938251,121,128.4343133),(3594,36.0938039,121,128.4343659),(3595,36.0938168,121,128.4344328),(3596,36.0938067,121,128.4345182),(3597,36.0937862,121,128.4345898),(3598,36.0937535,121,128.4346548),(3599,36.0937549,121,128.4347063),(3600,36.0937594,121,128.4347456),(3601,36.0937522,121,128.4347869),(3602,36.0937578,121,128.4347933),(3603,36.0938203,121,128.4349599),(3604,36.0938782,121,128.4349908),(3605,36.0939412,121,128.4350244),(3606,36.0939628,121,128.4350012),(3607,36.0939556,121,128.4349896),(3608,36.0940906,121,128.4347541),(3609,36.0941293,121,128.4346539),(3610,36.0941623,121,128.4345558),(3611,36.0941792,121,128.4344565),(3612,36.0941946,121,128.4343632),(3613,36.094216,121,128.4342834),(3614,36.0942375,121,128.4342035),(3615,36.0942495,121,128.4341403),(3616,36.0942808,121,128.4340606),(3617,36.0943232,121,128.4340015),(3618,36.0943346,121,128.433945),(3619,36.0943471,121,128.4338713),(3620,36.0943621,121,128.4337957),(3621,36.0943764,121,128.4337111),(3622,36.0943946,121,128.4336277),(3623,36.0944209,121,128.4335574),(3624,36.0944502,121,128.4334833),(3625,36.094483,121,128.433415),(3626,36.0944904,121,128.4333591),(3627,36.094507,121,128.4333028),(3628,36.0945318,121,128.4332485),(3629,36.0945446,121,128.4331771),(3630,36.0945589,121,128.433103),(3631,36.0945862,121,128.4330332),(3632,36.0946195,121,128.4329793),(3633,36.0946642,121,128.4329439),(3634,36.0947056,121,128.4329692),(3635,36.0947051,121,128.432974),(3636,36.094628,121,128.4330051),(3637,36.0946317,121,128.43301),(3638,36.0946609,121,128.4327827),(3639,36.094697,121,128.4326822),(3640,36.0947209,121,128.4325882),(3641,36.0947384,121,128.4325188),(3642,36.0947479,121,128.4324467),(3643,36.0947621,121,128.4323566),(3644,36.0947814,121,128.4322799),(3645,36.0948165,121,128.4322135),(3646,36.0948612,121,128.4321504),(3647,36.0948794,121,128.4320807),(3648,36.0949028,121,128.4320126),(3649,36.0949211,121,128.431938),(3650,36.0949407,121,128.4318859),(3651,36.0949709,121,128.4318189),(3652,36.0949713,121,128.4317268),(3653,36.094987,121,128.4316434),(3654,36.0950164,121,128.4315763),(3655,36.0950302,121,128.4315092),(3656,36.0950542,121,128.4314284),(3657,36.0950671,121,128.4313613),(3658,36.0950891,121,128.4312937),(3659,36.0951207,121,128.4312143),(3660,36.0951547,121,128.4311443),(3661,36.0951648,121,128.4310668),(3662,36.0951834,121,128.4310092),(3663,36.0952047,121,128.4309412),(3664,36.0952323,121,128.4308748),(3665,36.0952522,121,128.4308126),(3666,36.0952857,121,128.4307304),(3667,36.095357,121,128.4306784),(3668,36.0954044,121,128.430642),(3669,36.0954546,121,128.4305888),(3670,36.0955066,121,128.4305481),(3671,36.0955418,121,128.4305147),(3672,36.0955757,121,128.430456),(3673,36.0956154,121,128.4304745),(3674,36.0956527,121,128.4304901),(3675,36.0956729,121,128.4304281),(3676,36.0957079,121,128.4303183),(3677,36.0957387,121,128.4302281),(3678,36.0958017,121,128.4301679),(3679,36.095851,121,128.4301015),(3680,36.0959024,121,128.4300494),(3681,36.0959369,121,128.4300081),(3682,36.095987,121,128.4299592),(3683,36.0960409,121,128.429919),(3684,36.0960937,121,128.4299042),(3685,36.0961289,121,128.4298582),(3686,36.0961727,121,128.429786),(3687,36.096218,121,128.4297318),(3688,36.0962313,121,128.4296601),(3689,36.0962703,121,128.4296224),(3690,36.0963128,121,128.4295664),(3691,36.0963351,121,128.4295096),(3692,36.0963607,121,128.4294484),(3693,36.0964063,121,128.4293992),(3694,36.0964418,121,128.4294151),(3695,36.0964239,121,128.4294475),(3696,36.0964073,121,128.4294648),(3697,36.096537,121,128.4293027),(3698,36.0965806,121,128.4292297),(3699,36.0966231,121,128.4291641),(3700,36.0966584,121,128.4291116),(3701,36.0967106,121,128.4290706),(3702,36.0967609,121,128.4290212),(3703,36.0968063,121,128.4289859),(3704,36.0968361,121,128.4289263),(3705,36.0968843,121,128.4289031),(3706,36.0969292,121,128.4288525),(3707,36.0969636,121,128.4288104),(3708,36.0970053,121,128.4287468),(3709,36.0970457,121,128.4286904),(3710,36.097066,121,128.428607),(3711,36.0970869,121,128.4285293),(3712,36.0971304,121,128.4284737),(3713,36.0971825,121,128.4284326),(3714,36.0972465,121,128.428415),(3715,36.0973016,121,128.4283996),(3716,36.0973535,121,128.4283666),(3717,36.097404,121,128.428311),(3718,36.0974471,121,128.4282544),(3719,36.0974782,121,128.4282068),(3720,36.0975106,121,128.4281513),(3721,36.0975468,121,128.428107),(3722,36.0975733,121,128.4280792),(3723,36.0976025,121,128.4280537),(3724,36.0976417,121,128.4280161),(3725,36.0976698,121,128.4279554),(3726,36.097706,121,128.4278921),(3727,36.0977395,121,128.4278297),(3728,36.0977811,121,128.4277834),(3729,36.0978301,121,128.427732),(3730,36.0978675,121,128.4276733),(3731,36.0979168,121,128.4276422),(3732,36.097966,121,128.4276163),(3733,36.0980053,121,128.4275737),(3734,36.0980424,121,128.4275066),(3735,36.0980823,121,128.4274664),(3736,36.0981235,121,128.4274247),(3737,36.0981491,121,128.4273781),(3738,36.0981834,121,128.4273522),(3739,36.0982147,121,128.4273041),(3740,36.0982561,121,128.4272535),(3741,36.0983114,121,128.4272074),(3742,36.0983535,121,128.4271556),(3743,36.0983863,121,128.4271019),(3744,36.0984255,121,128.4270367),(3745,36.0984735,121,128.4269802),(3746,36.098524,121,128.4269377),(3747,36.0985674,121,128.4269105),(3748,36.098606,121,128.4268917),(3749,36.0986445,121,128.4268231),(3750,36.0986758,121,128.4267777),(3751,36.0987109,121,128.4267273),(3752,36.0987498,121,128.4266956),(3753,36.0987864,121,128.4266531),(3754,36.098815,121,128.4265963),(3755,36.0988405,121,128.4265432),(3756,36.0988804,121,128.426485),(3757,36.0989354,121,128.4264523),(3758,36.0989866,121,128.426432),(3759,36.0990504,121,128.4263945),(3760,36.0990948,121,128.4263451),(3761,36.0991271,121,128.4262776),(3762,36.099157,121,128.4262043),(3763,36.0991763,121,128.4261607),(3764,36.0992147,121,128.4261026),(3765,36.0992546,121,128.426051),(3766,36.0993029,121,128.4260066),(3767,36.0993475,121,128.4259564),(3768,36.099393,121,128.4259144),(3769,36.0994363,121,128.4258824),(3770,36.099471,121,128.4258564),(3771,36.0994984,121,128.4257924),(3772,36.0995469,121,128.4257518),(3773,36.0995687,121,128.4257686),(3774,36.0995538,121,128.4257784),(3775,36.0996786,121,128.4256287),(3776,36.0997152,121,128.4256016),(3777,36.0997698,121,128.4255657),(3778,36.099827,121,128.4255146),(3779,36.0998841,121,128.425469),(3780,36.0999299,121,128.4254117),(3781,36.0999847,121,128.4253599),(3782,36.1000526,121,128.4253187),(3783,36.1001221,121,128.4252928),(3784,36.100178,121,128.4252528),(3785,36.1002337,121,128.4251942),(3786,36.1002721,121,128.4251427),(3787,36.1003192,121,128.4251095),(3788,36.100366,121,128.4250629),(3789,36.1004032,121,128.4250207),(3790,36.1004399,121,128.424976),(3791,36.1004794,121,128.42493),(3792,36.1005286,121,128.4249134),(3793,36.1005706,121,128.4248806),(3794,36.1006108,121,128.4248193),(3795,36.1006614,121,128.4247751),(3796,36.1007137,121,128.4247202),(3797,36.1007438,121,128.4246705),(3798,36.1008012,121,128.4246193),(3799,36.1008477,121,128.4245705),(3800,36.1008905,121,128.4245294),(3801,36.1009481,121,128.4244978),(3802,36.1010068,121,128.4244591),(3803,36.1010607,121,128.4244189),(3804,36.101101,121,128.4243957),(3805,36.1011325,121,128.4243449),(3806,36.1011601,121,128.4242807),(3807,36.1011979,121,128.4242682),(3808,36.1012463,121,128.4242505),(3809,36.1012849,121,128.4241982),(3810,36.1013328,121,128.4241328),(3811,36.101381,121,128.4240808),(3812,36.1014422,121,128.4240442),(3813,36.1014916,121,128.4240032),(3814,36.1015518,121,128.423981),(3815,36.1016034,121,128.4239544),(3816,36.1016406,121,128.4239056),(3817,36.1016829,121,128.4238484),(3818,36.1017273,121,128.4237929),(3819,36.1017635,121,128.4237687),(3820,36.1017898,121,128.4237498),(3821,36.1018461,121,128.4236987),(3822,36.1019146,121,128.4236311),(3823,36.1019793,121,128.4235555),(3824,36.1020315,121,128.4235095),(3825,36.1020866,121,128.4234641),(3826,36.1021365,121,128.4234101),(3827,36.1021793,121,128.4233611),(3828,36.1022142,121,128.4233158),(3829,36.1022569,121,128.4232873),(3830,36.1023043,121,128.4232405),(3831,36.1023473,121,128.4231938),(3832,36.1023892,121,128.4231443),(3833,36.1024265,121,128.4230927),(3834,36.1024473,121,128.4231139),(3835,36.1024848,121,128.4230994),(3836,36.1025528,121,128.4230472),(3837,36.1026148,121,128.4230105),(3838,36.102652,121,128.4229826),(3839,36.1026645,121,128.4229673),(3840,36.1027608,121,128.4227882),(3841,36.102805,121,128.4227528),(3842,36.1028808,121,128.4227351),(3843,36.1029349,121,128.4227029),(3844,36.1029907,121,128.4226473),(3845,36.1030461,121,128.4226033),(3846,36.1030875,121,128.4225498),(3847,36.1031281,121,128.4225067),(3848,36.1031708,121,128.4224432),(3849,36.1032032,121,128.4223845),(3850,36.1032352,121,128.4223435),(3851,36.1032895,121,128.4223062),(3852,36.1033413,121,128.4222708),(3853,36.1034052,121,128.4222442),(3854,36.1034506,121,128.4222325),(3855,36.1035038,121,128.4222024),(3856,36.1035533,121,128.4221714),(3857,36.1035829,121,128.4221111),(3858,36.103624,121,128.4220752),(3859,36.10368,121,128.4220402),(3860,36.1037094,121,128.4219813),(3861,36.1037437,121,128.4219291),(3862,36.1037895,121,128.4218769),(3863,36.1038237,121,128.4218361),(3864,36.1038669,121,128.4218156),(3865,36.1039285,121,128.4217862),(3866,36.1039812,121,128.4217558),(3867,36.104031,121,128.4217044),(3868,36.10407,121,128.4216493),(3869,36.1041152,121,128.4216091),(3870,36.1041491,121,128.4215482),(3871,36.1041908,121,128.4215019),(3872,36.1042261,121,128.4214534),(3873,36.1042787,121,128.4214383),(3874,36.1043242,121,128.4214108),(3875,36.1043682,121,128.4213757),(3876,36.1044184,121,128.4213311),(3877,36.1044639,121,128.4212906),(3878,36.104507,121,128.4212695),(3879,36.1045453,121,128.4212407),(3880,36.1045862,121,128.421217),(3881,36.1046151,121,128.421162),(3882,36.1046464,121,128.4211188),(3883,36.1046686,121,128.4210792),(3884,36.1047141,121,128.4210532),(3885,36.1047548,121,128.4210128),(3886,36.1048001,121,128.4209621),(3887,36.1048389,121,128.4209107),(3888,36.1048966,121,128.4208805),(3889,36.1049546,121,128.4208237),(3890,36.1050029,121,128.4207937),(3891,36.1050358,121,128.4207464),(3892,36.1050875,121,128.4207048),(3893,36.1051373,121,128.4206754),(3894,36.105199,121,128.420661),(3895,36.105248,121,128.4206053),(3896,36.1052894,121,128.4205469),(3897,36.1053199,121,128.4204982),(3898,36.1053536,121,128.4204585),(3899,36.1053881,121,128.4204189),(3900,36.1054498,121,128.4203739),(3901,36.1054882,121,128.4203387),(3902,36.1055364,121,128.4203096),(3903,36.1055817,121,128.4202809),(3904,36.1056238,121,128.4202494),(3905,36.1056639,121,128.4202285),(3906,36.1056974,121,128.4201778),(3907,36.1057399,121,128.4201286),(3908,36.1057857,121,128.4200822),(3909,36.1058225,121,128.42005),(3910,36.1058645,121,128.4200178),(3911,36.105899,121,128.4199775),(3912,36.1059383,121,128.4199546),(3913,36.1059412,121,128.4198998),(3914,36.1059345,121,128.4198347),(3915,36.1059113,121,128.4197521),(3916,36.1058683,121,128.4196797),(3917,36.1057999,121,128.4196138),(3918,36.1057495,121,128.4195702),(3919,36.1057034,121,128.4195567),(3920,36.1056592,121,128.419578),(3921,36.1056355,121,128.4196676),(3922,36.1056005,121,128.4197505),(3923,36.1055548,121,128.4198115),(3924,36.1054947,121,128.4198549),(3925,36.105444,121,128.4198887),(3926,36.1054092,121,128.4199204),(3927,36.1053868,121,128.419971),(3928,36.1053489,121,128.4200086),(3929,36.105305,121,128.42005),(3930,36.1052637,121,128.420075),(3931,36.1052157,121,128.4201007),(3932,36.1051903,121,128.4201345),(3933,36.1051637,121,128.4201841),(3934,36.1051366,121,128.4202354),(3935,36.1051036,121,128.4202838),(3936,36.105059,121,128.4203053),(3937,36.1049949,121,128.4202655),(3938,36.1049414,121,128.4202027),(3939,36.1049065,121,128.4201298),(3940,36.1048831,121,128.4200668),(3941,36.1048622,121,128.4200206),(3942,36.1048429,121,128.4199732),(3943,36.1048123,121,128.4199199),(3944,36.1047641,121,128.4198819),(3945,36.1047175,121,128.4198135),(3946,36.1046859,121,128.4197312),(3947,36.1046616,121,128.4196655),(3948,36.1046463,121,128.4196041),(3949,36.1046161,121,128.4195682),(3950,36.1045899,121,128.4195264),(3951,36.1045475,121,128.4194809),(3952,36.1044845,121,128.4194614),(3953,36.1043903,121,128.4195011),(3954,36.1043269,121,128.4195075),(3955,36.104278,121,128.4195214),(3956,36.1042215,121,128.4195252),(3957,36.1041711,121,128.4195295),(3958,36.1041346,121,128.4195346),(3959,36.1041236,121,128.4195551),(3960,36.1039937,121,128.4196638),(3961,36.103944,121,128.4196918),(3962,36.1038806,121,128.4196978),(3963,36.1038237,121,128.4196996),(3964,36.1037746,121,128.419716),(3965,36.1037279,121,128.4197683),(3966,36.103698,121,128.4197968),(3967,36.1036779,121,128.4198027),(3968,36.1035522,121,128.4196527),(3969,36.1035145,121,128.4195963),(3970,36.1035153,121,128.4195562),(3971,36.1035251,121,128.4195116),(3972,36.1035605,121,128.4194539),(3973,36.1035882,121,128.4193965),(3974,36.1036293,121,128.4193039),(3975,36.1036617,121,128.4192123),(3976,36.1036841,121,128.4191774),(3977,36.1037136,121,128.4191304),(3978,36.1037685,121,128.4190898),(3979,36.1038309,121,128.4190512),(3980,36.1038732,121,128.419005),(3981,36.1039092,121,128.4189543),(3982,36.1039375,121,128.4188768),(3983,36.1039614,121,128.4188176),(3984,36.1039737,121,128.4187848),(3985,36.1040144,121,128.4187497),(3986,36.104061,121,128.4187065),(3987,36.1040892,121,128.418652),(3988,36.104117,121,128.4185916),(3989,36.1041392,121,128.4185211),(3990,36.1041545,121,128.4184533),(3991,36.1041671,121,128.4183844),(3992,36.1041849,121,128.418306),(3993,36.1041907,121,128.4182321),(3994,36.1041988,121,128.4181745),(3995,36.1041996,121,128.4181268),(3996,36.1042037,121,128.4180898),(3997,36.104217,121,128.4180609),(3998,36.1042404,121,128.4180086),(3999,36.1042687,121,128.417963),(4000,36.1042994,121,128.4179298),(4001,36.1043281,121,128.4178969),(4002,36.1043904,121,128.4178677),(4003,36.1044369,121,128.4178265),(4004,36.1044818,121,128.4178005),(4005,36.1045134,121,128.417793),(4006,36.1045596,121,128.4178128),(4007,36.1045642,121,128.417831),(4008,36.1044953,121,128.4178247),(4009,36.1045188,121,128.4178562),(4010,36.1045486,121,128.4178551),(4011,36.1045629,121,128.4178528),(4012,36.101272,122,128.4010497),(4013,36.1012246,122,128.4010175),(4014,36.1011565,122,128.4009953),(4015,36.1010841,122,128.4009394),(4016,36.1010711,122,128.400893),(4017,36.1010268,122,128.4008599),(4018,36.1009776,122,128.4008104),(4019,36.100947,122,128.4007488),(4020,36.1009256,122,128.4007041),(4021,36.1008809,122,128.4006546),(4022,36.1008478,122,128.4006091),(4023,36.1008065,122,128.400586),(4024,36.1007541,122,128.4005609),(4025,36.1007068,122,128.4005302),(4026,36.1006514,122,128.400483),(4027,36.1005857,122,128.4004763),(4028,36.1005186,122,128.4004981),(4029,36.1004799,122,128.4005094),(4030,36.1004375,122,128.4005287),(4031,36.1003946,122,128.400573),(4032,36.1003177,122,128.4005438),(4033,36.1002403,122,128.4005085),(4034,36.1001957,122,128.4004749),(4035,36.1001414,122,128.4004375),(4036,36.100122,122,128.4003962),(4037,36.1001082,122,128.4003675),(4038,36.1000985,122,128.4002971),(4039,36.1000765,122,128.4003199),(4040,36.100045,122,128.4003319),(4041,36.100023,122,128.4003619),(4042,36.1006666,122,128.4004653),(4043,36.1008045,122,128.4005149),(4044,36.0999122,122,128.4005406),(4045,36.0997602,122,128.4005071),(4046,36.0997551,122,128.4005053),(4047,36.1017185,123,128.4192435),(4048,36.1016672,123,128.4192331),(4049,36.1016148,123,128.4192436),(4050,36.1015987,123,128.4192464),(4051,36.1015737,123,128.4192176),(4052,36.1015734,123,128.4192139),(4053,36.1015811,123,128.4192515),(4054,36.1015838,123,128.4192585),(4055,36.1018143,123,128.4192383),(4056,36.1020611,123,128.4192192),(4057,36.1022348,123,128.4191649),(4058,36.1023794,123,128.4191496),(4059,36.1024592,123,128.4191018),(4060,36.102596,123,128.4188624),(4061,36.1029019,123,128.4185445),(4062,36.1031564,123,128.4183566),(4063,36.1034739,123,128.4181255),(4064,36.1037305,123,128.4179099),(4065,36.1039693,123,128.4177459),(4066,36.1042484,123,128.4177436),(4067,36.1045071,123,128.4178127),(4068,36.1045511,123,128.4178424),(4069,36.1045367,123,128.4177909),(4070,36.1045503,123,128.4178102),(4071,36.1048792,123,128.4178396),(4072,36.1050385,123,128.4178206),(4073,36.1050493,123,128.4175284),(4074,36.1050452,123,128.417133),(4075,36.1050616,123,128.4165579),(4076,36.105061,123,128.4158384),(4077,36.1050526,123,128.4150855),(4078,36.1050602,123,128.4143934),(4079,36.1050527,123,128.4138735),(4080,36.1050379,123,128.4133842),(4081,36.1050279,123,128.4127524),(4082,36.1050142,123,128.4120769),(4083,36.1049821,123,128.4114079),(4084,36.1050198,123,128.4108983),(4085,36.1050307,123,128.4106806),(4086,36.1050393,123,128.4106167),(4087,36.1052026,123,128.4105844),(4088,36.1054023,123,128.4105756),(4089,36.1053846,123,128.4105772),(4090,36.1056289,123,128.4095578),(4091,36.1056439,123,128.4085791),(4092,36.1055899,123,128.4023579),(4093,36.105358,123,128.4022332),(4094,36.1050248,123,128.4022377),(4095,36.1045309,123,128.4021548),(4096,36.103904,123,128.4020698),(4097,36.1032785,123,128.4018822),(4098,36.1013987,123,128.4012467),(4099,36.1013982,123,128.4012509),(4100,36.1014003,123,128.4012522),(4101,36.1014014,123,128.4012363),(4102,36.1013812,123,128.4011986),(4103,36.1013312,123,128.4011556),(4104,36.1012758,123,128.4011056),(4105,36.1012112,123,128.4010771),(4106,36.1011533,123,128.4010622),(4107,36.1010981,123,128.4010044),(4108,36.1010404,123,128.4009361),(4109,36.1009893,123,128.4008675),(4110,36.1009775,123,128.4008172),(4111,36.1009497,123,128.4007659),(4112,36.1009186,123,128.4007574),(4113,36.1008783,123,128.4007316),(4114,36.100825,123,128.4007202),(4115,36.1007712,123,128.4007122),(4116,36.1007261,123,128.4006946),(4117,36.1006866,123,128.4006726),(4118,36.1006471,123,128.4006109),(4119,36.1006056,123,128.4005578),(4120,36.1005567,123,128.4005296),(4121,36.1005114,123,128.4005204),(4122,36.1004634,123,128.4005019),(4123,36.1003944,123,128.4005005),(4124,36.1003343,123,128.4005039),(4125,36.1002807,123,128.4004816),(4126,36.1002415,123,128.400477),(4127,36.1001828,123,128.4004742),(4128,36.1001638,123,128.4004761),(4129,36.1001554,123,128.40047),(4130,36.1001483,123,128.4004397),(4131,36.1001258,123,128.4003601),(4132,36.1000628,123,128.400337),(4133,36.0999918,123,128.4003141),(4134,36.0999496,123,128.4003482),(4135,36.099929,123,128.4003636),(4136,36.0998899,123,128.4004101),(4137,36.0998308,123,128.4004739),(4138,36.0997674,123,128.400524),(4139,36.0997063,123,128.4005552),(4140,36.0996781,123,128.4005639),(4141,36.0996163,123,128.4005691),(4142,36.0995585,123,128.4005445),(4143,36.0994939,123,128.4005492),(4144,36.0994295,123,128.4005271),(4145,36.0993796,123,128.4005091),(4146,36.0993381,123,128.4004907),(4147,36.0993086,123,128.4004993),(4148,36.0992676,123,128.4005068),(4149,36.0992073,123,128.4005193),(4150,36.0991355,123,128.4005394),(4151,36.0991237,123,128.4005372),(4152,36.0992347,123,128.4005769),(4153,36.0992678,123,128.4005961),(4154,36.0992906,123,128.4006192),(4155,36.0993088,123,128.400646),(4156,36.0992823,123,128.4007671),(4157,36.0992158,123,128.40091),(4158,36.0989867,123,128.4008746),(4159,36.0986645,123,128.40074),(4160,36.0985201,123,128.4007163),(4161,36.0984555,123,128.4007301),(4162,36.0983969,123,128.4007701),(4163,36.0983359,123,128.4007957),(4164,36.0982887,123,128.4008265),(4165,36.0982261,123,128.4008648),(4166,36.0981803,123,128.4008839),(4167,36.0981236,123,128.4009062),(4168,36.0980696,123,128.4009207),(4169,36.0980244,123,128.4009425),(4170,36.0979875,123,128.4009515),(4171,36.0979213,123,128.4009455),(4172,36.0978557,123,128.4009405),(4173,36.097771,123,128.4009562),(4174,36.0977093,123,128.4009793),(4175,36.0976578,123,128.4009956),(4176,36.0975861,123,128.4010354),(4177,36.0975364,123,128.4010761),(4178,36.0974726,123,128.4010832),(4179,36.0974117,123,128.4010809),(4180,36.0973648,123,128.4010836),(4181,36.0973054,123,128.4010875),(4182,36.0972616,123,128.4010953),(4183,36.0972052,123,128.4011165),(4184,36.0971603,123,128.4011294),(4185,36.0971138,123,128.4011592),(4186,36.0970633,123,128.401172),(4187,36.0970514,123,128.4012105),(4188,36.0970229,123,128.4012559),(4189,36.0969697,123,128.4013135),(4190,36.0969211,123,128.4013618),(4191,36.0968469,123,128.40138),(4192,36.0967788,123,128.4013518),(4193,36.0967349,123,128.4013488),(4194,36.0966759,123,128.401359),(4195,36.0966166,123,128.4013508),(4196,36.096554,123,128.4013504),(4197,36.0964952,123,128.4013593),(4198,36.0964315,123,128.4013774),(4199,36.0963754,123,128.4014138),(4200,36.0963195,123,128.401433),(4201,36.096264,123,128.4014692),(4202,36.0961964,123,128.4015142),(4203,36.0961535,123,128.4015271),(4204,36.096117,123,128.4015519),(4205,36.0960528,123,128.4015719),(4206,36.096008,123,128.4015978),(4207,36.0959541,123,128.4015986),(4208,36.0958996,123,128.4015976),(4209,36.0958417,123,128.4016086),(4210,36.0957634,123,128.401636),(4211,36.0957037,123,128.4016655),(4212,36.0956319,123,128.4016915),(4213,36.0955846,123,128.401713),(4214,36.0955196,123,128.4017291),(4215,36.0954866,123,128.4017497),(4216,36.095432,123,128.4017774),(4217,36.0953833,123,128.4018097),(4218,36.0953113,123,128.4018504),(4219,36.0952564,123,128.4018921),(4220,36.0952046,123,128.4019255),(4221,36.0951439,123,128.4019568),(4222,36.0950556,123,128.401974),(4223,36.0950055,123,128.4019874),(4224,36.0949616,123,128.4020315),(4225,36.0949177,123,128.4020493),(4226,36.0949014,123,128.4019653),(4227,36.0948554,123,128.4019335),(4228,36.0948089,123,128.4019467),(4229,36.0947396,123,128.4019794),(4230,36.0946875,123,128.4019997),(4231,36.0946271,123,128.4020403),(4232,36.0945734,123,128.4020601),(4233,36.0945518,123,128.4020876),(4234,36.0945127,123,128.4021168),(4235,36.0944651,123,128.4021511),(4236,36.0944309,123,128.4021913),(4237,36.0943592,123,128.4022386),(4238,36.0942886,123,128.4022375),(4239,36.0941946,123,128.4021981),(4240,36.0941239,123,128.4021942),(4241,36.0940637,123,128.4021981),(4242,36.0940512,123,128.4022109),(4243,36.0939125,123,128.4022099),(4244,36.09384,123,128.402231),(4245,36.093765,123,128.4022398),(4246,36.0936852,123,128.4022483),(4247,36.0936064,123,128.402259),(4248,36.0935387,123,128.4022609),(4249,36.0934626,123,128.4022675),(4250,36.0934161,123,128.4022855),(4251,36.0933538,123,128.4023079),(4252,36.0933016,123,128.4023135),(4253,36.0932365,123,128.4023238),(4254,36.0931865,123,128.402317),(4255,36.0931141,123,128.4023024),(4256,36.093065,123,128.4022813),(4257,36.0930283,123,128.4022854),(4258,36.0930014,123,128.4022934),(4259,36.0929419,123,128.4022895),(4260,36.0929083,123,128.4022446),(4261,36.0928531,123,128.4022127),(4262,36.0927718,123,128.4022171),(4263,36.0926986,123,128.4022425),(4264,36.0926221,123,128.4022689),(4265,36.0925616,123,128.4022761),(4266,36.0925087,123,128.4022575),(4267,36.0924684,123,128.4022354),(4268,36.092431,123,128.4022138),(4269,36.0923808,123,128.4022157),(4270,36.092326,123,128.4022155),(4271,36.0922675,123,128.402203),(4272,36.0922104,123,128.4021868),(4273,36.0921563,123,128.4021747),(4274,36.0921125,123,128.4021598),(4275,36.0920504,123,128.4021621),(4276,36.0920242,123,128.4021621),(4277,36.0920124,123,128.4021566),(4278,36.0918155,123,128.4020863),(4279,36.0917541,123,128.4020966),(4280,36.091654,123,128.4021033),(4281,36.0915854,123,128.4021026),(4282,36.0915297,123,128.4020906),(4283,36.0914594,123,128.4020812),(4284,36.0913903,123,128.4020777),(4285,36.091322,123,128.4020558),(4286,36.0912612,123,128.4020418),(4287,36.0911927,123,128.4020415),(4288,36.0911372,123,128.4020271),(4289,36.0910771,123,128.4020236),(4290,36.0910187,123,128.4020157),(4291,36.0909654,123,128.4019984),(4292,36.0909112,123,128.401981),(4293,36.0908555,123,128.4019731),(4294,36.0907983,123,128.401965),(4295,36.0907436,123,128.4019499),(4296,36.0906872,123,128.4019361),(4297,36.0906301,123,128.4019324),(4298,36.0905763,123,128.4019176),(4299,36.0905258,123,128.4019104),(4300,36.0904565,123,128.4018986),(4301,36.0904019,123,128.4018972),(4302,36.0903311,123,128.4019015),(4303,36.0902762,123,128.4018787),(4304,36.0902302,123,128.4018651),(4305,36.0901744,123,128.401856),(4306,36.0901183,123,128.4018569),(4307,36.0900619,123,128.4018612),(4308,36.0900009,123,128.4018584),(4309,36.0899416,123,128.4018518),(4310,36.0898839,123,128.401844),(4311,36.0898273,123,128.401834),(4312,36.0897718,123,128.401825),(4313,36.0897192,123,128.4018168),(4314,36.0896587,123,128.4017941),(4315,36.0895927,123,128.4017803),(4316,36.0895365,123,128.401769),(4317,36.0894833,123,128.401767),(4318,36.089429,123,128.4017664),(4319,36.0893725,123,128.4017631),(4320,36.0893163,123,128.4017605),(4321,36.0892595,123,128.4017481),(4322,36.0892033,123,128.4017394),(4323,36.0891575,123,128.4017209),(4324,36.0891014,123,128.401705),(4325,36.089044,123,128.4016869),(4326,36.088982,123,128.4016762),(4327,36.0889259,123,128.4016704),(4328,36.0888673,123,128.4016566),(4329,36.0888093,123,128.4016452),(4330,36.0887592,123,128.4016273),(4331,36.0887053,123,128.4016076),(4332,36.0886642,123,128.401579),(4333,36.0886198,123,128.4015594),(4334,36.0885661,123,128.401547),(4335,36.0885026,123,128.4015512),(4336,36.0884417,123,128.4015426),(4337,36.0883681,123,128.4015204),(4338,36.0883116,123,128.401496),(4339,36.0882612,123,128.4014794),(4340,36.0882169,123,128.4014512),(4341,36.0881583,123,128.4014357),(4342,36.0881087,123,128.401419),(4343,36.0880514,123,128.4013818),(4344,36.0880032,123,128.4013492),(4345,36.0879602,123,128.4013141),(4346,36.0879156,123,128.4012822),(4347,36.0878644,123,128.4012559),(4348,36.0878189,123,128.4012314),(4349,36.0877729,123,128.401203),(4350,36.0877156,123,128.4011627),(4351,36.0876573,123,128.4011218),(4352,36.0875951,123,128.4010944),(4353,36.0875459,123,128.4010804),(4354,36.087494,123,128.4010248),(4355,36.0874528,123,128.400952),(4356,36.0874075,123,128.4008934),(4357,36.0873644,123,128.4008553),(4358,36.0873247,123,128.4008305),(4359,36.087304,123,128.4008005),(4360,36.0872758,123,128.4007715),(4361,36.0872375,123,128.4007376),(4362,36.08719,123,128.4006992),(4363,36.0871418,123,128.4006662),(4364,36.0870904,123,128.4006319),(4365,36.0870422,123,128.4005855),(4366,36.0869879,123,128.4005371),(4367,36.0869339,123,128.4004904),(4368,36.0868914,123,128.4004468),(4369,36.0868386,123,128.4003984),(4370,36.0867857,123,128.400356),(4371,36.086744,123,128.4003121),(4372,36.0867012,123,128.4002769),(4373,36.0866591,123,128.4002346),(4374,36.0866148,123,128.4001859),(4375,36.0865735,123,128.4001488),(4376,36.0865366,123,128.4001011),(4377,36.0864962,123,128.4000657),(4378,36.0864611,123,128.3999988),(4379,36.086409,123,128.3999615),(4380,36.0863598,123,128.3999372),(4381,36.0863137,123,128.3998955),(4382,36.0862734,123,128.3998472),(4383,36.0862408,123,128.3997912),(4384,36.0862192,123,128.3997127),(4385,36.0861968,123,128.3996647),(4386,36.0861445,123,128.3996586),(4387,36.0860793,123,128.3996543),(4388,36.0860266,123,128.399572),(4389,36.0859856,123,128.3995152),(4390,36.0859482,123,128.3994742),(4391,36.0859189,123,128.399423),(4392,36.0858887,123,128.3993595),(4393,36.0858478,123,128.3992917),(4394,36.085811,123,128.3992316),(4395,36.0857697,123,128.399218),(4396,36.0857587,123,128.399125),(4397,36.0857171,123,128.399096),(4398,36.0856691,123,128.3990536),(4399,36.0856412,123,128.3989554),(4400,36.0856114,123,128.3988966),(4401,36.0855776,123,128.3988489),(4402,36.085554,123,128.3988155),(4403,36.0855466,123,128.3987829),(4404,36.0854867,123,128.3987736),(4405,36.0854074,123,128.3987412),(4406,36.0853467,123,128.3986889),(4407,36.0853076,123,128.3986117),(4408,36.0852838,123,128.3985459),(4409,36.0852505,123,128.3984917),(4410,36.0852094,123,128.3984428),(4411,36.0851638,123,128.3983904),(4412,36.0851515,123,128.398332),(4413,36.0851028,123,128.3982975),(4414,36.0850732,123,128.3982389),(4415,36.0850144,123,128.3982167),(4416,36.0849546,123,128.3981524),(4417,36.0849095,123,128.3980749),(4418,36.084897,123,128.3980099),(4419,36.0848429,123,128.3979768),(4420,36.0847933,123,128.3979667),(4421,36.0847447,123,128.397878),(4422,36.0846869,123,128.3978367),(4423,36.0846339,123,128.3977984),(4424,36.0845688,123,128.3977797),(4425,36.0845055,123,128.3978049),(4426,36.0844428,123,128.3978212),(4427,36.0843918,123,128.3978561),(4428,36.0843299,123,128.3979567),(4429,36.0842591,123,128.39802),(4430,36.0842017,123,128.3980406),(4431,36.0841257,123,128.3980628),(4432,36.0840752,123,128.3980816),(4433,36.0840338,123,128.3981161),(4434,36.0840036,123,128.3981668),(4435,36.0839707,123,128.398212),(4436,36.0839339,123,128.3982425),(4437,36.0838724,123,128.3982796),(4438,36.083826,123,128.3982975),(4439,36.0837978,123,128.3983182),(4440,36.0837468,123,128.3983474),(4441,36.0836876,123,128.3983781),(4442,36.0836303,123,128.3984148),(4443,36.0835856,123,128.3984644),(4444,36.0835476,123,128.3985059),(4445,36.0835659,123,128.398501),(4446,36.0999113,124,128.4004701),(4447,36.0998239,124,128.4004781),(4448,36.099761,124,128.4004995),(4449,36.0997014,124,128.4005149),(4450,36.0996425,124,128.4005198),(4451,36.0995818,124,128.4005111),(4452,36.0995134,124,128.4005016),(4453,36.0994541,124,128.4004877),(4454,36.099401,124,128.4004755),(4455,36.0993617,124,128.4004836),(4456,36.0993864,124,128.4005142),(4457,36.0993757,124,128.4005253),(4458,36.099184,124,128.4005442),(4459,36.099113,124,128.4005274),(4460,36.0990393,124,128.4005091),(4461,36.0989782,124,128.4005213),(4462,36.0988999,124,128.4005744),(4463,36.0988349,124,128.4006254),(4464,36.0987762,124,128.4006596),(4465,36.0987044,124,128.4006719),(4466,36.0986436,124,128.4006574),(4467,36.0985996,124,128.4006465),(4468,36.0985777,124,128.4006269),(4469,36.0985418,124,128.4006667),(4470,36.0984896,124,128.4006983),(4471,36.098436,124,128.4007207),(4472,36.0983865,124,128.4007409),(4473,36.0983329,124,128.4007523),(4474,36.0982928,124,128.4007654),(4475,36.0982512,124,128.4007636),(4476,36.0982076,124,128.4007615),(4477,36.0981399,124,128.4008021),(4478,36.0980922,124,128.4008159),(4479,36.0980429,124,128.4008432),(4480,36.0979852,124,128.4008623),(4481,36.0979264,124,128.4008729),(4482,36.0978693,124,128.4008964),(4483,36.0978291,124,128.4008991),(4484,36.0977896,124,128.4009339),(4485,36.0977404,124,128.4009633),(4486,36.097694,124,128.4009808),(4487,36.0976369,124,128.4010054),(4488,36.0975852,124,128.4010432),(4489,36.0975292,124,128.4010547),(4490,36.0974837,124,128.4010652),(4491,36.0974255,124,128.4010876),(4492,36.0973562,124,128.4011023),(4493,36.0972991,124,128.4011194),(4494,36.0972465,124,128.4011519),(4495,36.097195,124,128.4011874),(4496,36.0971386,124,128.4012059),(4497,36.0970894,124,128.4012243),(4498,36.0970244,124,128.4012188),(4499,36.0969679,124,128.4012323),(4500,36.096921,124,128.4012629),(4501,36.0968761,124,128.4012963),(4502,36.0968222,124,128.4013074),(4503,36.0967636,124,128.4013196),(4504,36.0966953,124,128.4013345),(4505,36.0966381,124,128.4013585),(4506,36.0965868,124,128.4013786),(4507,36.0965274,124,128.4014075),(4508,36.0964704,124,128.4014346),(4509,36.0964152,124,128.4014483),(4510,36.0963676,124,128.4014558),(4511,36.0963154,124,128.4014745),(4512,36.0962549,124,128.4014984),(4513,36.0961963,124,128.4015064),(4514,36.0961356,124,128.4015063),(4515,36.0960785,124,128.4015437),(4516,36.0960324,124,128.4015783),(4517,36.0959776,124,128.4016144),(4518,36.0959206,124,128.4016439),(4519,36.0958675,124,128.4016702),(4520,36.0958148,124,128.4016749),(4521,36.0957585,124,128.4016818),(4522,36.0956968,124,128.4016872),(4523,36.095641,124,128.4016909),(4524,36.0955869,124,128.4017161),(4525,36.0955271,124,128.4017408),(4526,36.0954734,124,128.4017582),(4527,36.0954241,124,128.4017834),(4528,36.0953711,124,128.4018021),(4529,36.0953125,124,128.4018115),(4530,36.0952607,124,128.4018262),(4531,36.0952009,124,128.4018577),(4532,36.0951405,124,128.4018907),(4533,36.095093,124,128.4019196),(4534,36.0950288,124,128.4019403),(4535,36.0949657,124,128.401962),(4536,36.094914,124,128.4019632),(4537,36.0948607,124,128.4019827),(4538,36.0948095,124,128.4020127),(4539,36.0947538,124,128.4020442),(4540,36.0947052,124,128.4020665),(4541,36.0946515,124,128.4020829),(4542,36.0945965,124,128.402091),(4543,36.0945361,124,128.4020981),(4544,36.0944842,124,128.4021047),(4545,36.0944256,124,128.4021132),(4546,36.0943673,124,128.4021203),(4547,36.0943107,124,128.4021278),(4548,36.0942659,124,128.4021483),(4549,36.0942163,124,128.4021759),(4550,36.0941597,124,128.4021975),(4551,36.09409,124,128.4022075),(4552,36.0940397,124,128.4021959),(4553,36.0939823,124,128.4022214),(4554,36.0939327,124,128.4022342),(4555,36.093882,124,128.4022352),(4556,36.0938287,124,128.4022241),(4557,36.0937736,124,128.402231),(4558,36.0937108,124,128.4022419),(4559,36.0936518,124,128.4022464),(4560,36.0935971,124,128.4022379),(4561,36.0935381,124,128.4022413),(4562,36.0934824,124,128.4022479),(4563,36.0934209,124,128.4022675),(4564,36.0933656,124,128.4022828),(4565,36.0933035,124,128.4022799),(4566,36.093245,124,128.40228),(4567,36.0931935,124,128.4022536),(4568,36.0931434,124,128.4022584),(4569,36.0930902,124,128.4022574),(4570,36.0930286,124,128.4022781),(4571,36.0929872,124,128.4022795),(4572,36.0929286,124,128.4022671),(4573,36.0928722,124,128.4022595),(4574,36.0928059,124,128.4022654),(4575,36.0927438,124,128.4022826),(4576,36.0926866,124,128.402275),(4577,36.0926267,124,128.4022507),(4578,36.0925726,124,128.4022394),(4579,36.0925154,124,128.4022237),(4580,36.0924737,124,128.4022045),(4581,36.0924167,124,128.4021844),(4582,36.0923474,124,128.4022046),(4583,36.0922822,124,128.4022062),(4584,36.0922289,124,128.4021838),(4585,36.0921887,124,128.4021877),(4586,36.0921324,124,128.4021864),(4587,36.0920706,124,128.4021597),(4588,36.0920166,124,128.4021455),(4589,36.0919728,124,128.4021422),(4590,36.0919217,124,128.4021384),(4591,36.0918655,124,128.4021204),(4592,36.0918004,124,128.4020945),(4593,36.0917352,124,128.4020819),(4594,36.0916774,124,128.4020903),(4595,36.0916222,124,128.4020774),(4596,36.0915707,124,128.4020731),(4597,36.0915242,124,128.4020472),(4598,36.0914621,124,128.402051),(4599,36.0913954,124,128.4020518),(4600,36.091337,124,128.4020418),(4601,36.0912704,124,128.4020299),(4602,36.0912129,124,128.4020159),(4603,36.0911611,124,128.4020206),(4604,36.0911063,124,128.4020125),(4605,36.0910492,124,128.4020051),(4606,36.0910037,124,128.4019989),(4607,36.0909507,124,128.4019928),(4608,36.0908875,124,128.4019711),(4609,36.0908258,124,128.4019616),(4610,36.0907596,124,128.4019692),(4611,36.0907046,124,128.4019616),(4612,36.0906467,124,128.4019384),(4613,36.0905932,124,128.4019413),(4614,36.090543,124,128.4019249),(4615,36.0904817,124,128.4019224),(4616,36.090419,124,128.4019285),(4617,36.0903639,124,128.401921),(4618,36.0903095,124,128.4019134),(4619,36.0902519,124,128.4018948),(4620,36.0902034,124,128.4018797),(4621,36.0901512,124,128.4018685),(4622,36.0900955,124,128.4018566),(4623,36.0900442,124,128.4018426),(4624,36.089985,124,128.4018362),(4625,36.0899219,124,128.4018358),(4626,36.0898681,124,128.401826),(4627,36.0898048,124,128.4018109),(4628,36.0897415,124,128.4018149),(4629,36.0896891,124,128.4018026),(4630,36.0896344,124,128.4017839),(4631,36.0895793,124,128.4017744),(4632,36.0895311,124,128.4017681),(4633,36.089476,124,128.4017577),(4634,36.0894125,124,128.4017462),(4635,36.08936,124,128.4017404),(4636,36.0892942,124,128.4017354),(4637,36.0892326,124,128.4017443),(4638,36.0891813,124,128.4017219),(4639,36.0891246,124,128.4016962),(4640,36.0890675,124,128.4016932),(4641,36.0890032,124,128.4016893),(4642,36.0889466,124,128.4016829),(4643,36.0888843,124,128.4016669),(4644,36.0888265,124,128.4016497),(4645,36.0887751,124,128.4016295),(4646,36.0887235,124,128.4016096),(4647,36.0886691,124,128.4016033),(4648,36.0886157,124,128.4015825),(4649,36.0885574,124,128.401561),(4650,36.0885049,124,128.4015477),(4651,36.0884593,124,128.4015265),(4652,36.0884192,124,128.4015007),(4653,36.0883539,124,128.4014798),(4654,36.0883018,124,128.4014717),(4655,36.088244,124,128.4014456),(4656,36.0882012,124,128.401417),(4657,36.0881488,124,128.4013808),(4658,36.0880979,124,128.4013606),(4659,36.0880367,124,128.4013543),(4660,36.0879951,124,128.4013536),(4661,36.087943,124,128.4013195),(4662,36.0878911,124,128.401291),(4663,36.0878362,124,128.4012555),(4664,36.0877902,124,128.4012207),(4665,36.087748,124,128.4011822),(4666,36.0877102,124,128.401127),(4667,36.0876755,124,128.401084),(4668,36.0876295,124,128.4010539),(4669,36.0875729,124,128.4010259),(4670,36.0875134,124,128.4009876),(4671,36.0874635,124,128.4009445),(4672,36.0874159,124,128.4009039),(4673,36.0873745,124,128.400874),(4674,36.0873162,124,128.4008426),(4675,36.0872567,124,128.4008072),(4676,36.0872112,124,128.4007579),(4677,36.0871639,124,128.4007163),(4678,36.0871152,124,128.4006735),(4679,36.0870698,124,128.4006294),(4680,36.0870308,124,128.4005776),(4681,36.0869842,124,128.4005281),(4682,36.0869431,124,128.400489),(4683,36.0869115,124,128.4004534),(4684,36.0868688,124,128.4004141),(4685,36.0868191,124,128.4003733),(4686,36.0867681,124,128.4003335),(4687,36.0867287,124,128.4002863),(4688,36.086689,124,128.400247),(4689,36.0866451,124,128.4002069),(4690,36.0866025,124,128.4001665),(4691,36.086556,124,128.40013),(4692,36.0865099,124,128.4000857),(4693,36.0864769,124,128.4000475),(4694,36.0864336,124,128.3999939),(4695,36.0863915,124,128.3999447),(4696,36.0863352,124,128.3999164),(4697,36.0863007,124,128.3998722),(4698,36.0862557,124,128.3998106),(4699,36.0862169,124,128.3997613),(4700,36.0861807,124,128.3997151),(4701,36.0861449,124,128.3996577),(4702,36.0861112,124,128.3996114),(4703,36.0860816,124,128.3995621),(4704,36.0860384,124,128.3995168),(4705,36.086003,124,128.399469),(4706,36.0859663,124,128.3994119),(4707,36.0859215,124,128.3993607),(4708,36.0858793,124,128.3993031),(4709,36.0858496,124,128.3992435),(4710,36.0858095,124,128.3991891),(4711,36.0857615,124,128.3991397),(4712,36.0857175,124,128.3990897),(4713,36.0856779,124,128.3990516),(4714,36.0856329,124,128.3990005),(4715,36.0856179,124,128.3989461),(4716,36.0855999,124,128.398888),(4717,36.0855596,124,128.3988315),(4718,36.0855082,124,128.3987853),(4719,36.0854661,124,128.3987385),(4720,36.0854249,124,128.3986913),(4721,36.0853879,124,128.3986374),(4722,36.0853408,124,128.3985649),(4723,36.0853051,124,128.3985183),(4724,36.0852727,124,128.3984667),(4725,36.0852239,124,128.3984014),(4726,36.0852001,124,128.3983771),(4727,36.0851705,124,128.3983242),(4728,36.0851328,124,128.3982927),(4729,36.085093,124,128.3982427),(4730,36.0850673,124,128.3981894),(4731,36.0850179,124,128.3981311),(4732,36.0849606,124,128.3980776),(4733,36.0849155,124,128.3980287),(4734,36.0848657,124,128.397971),(4735,36.0848091,124,128.3979242),(4736,36.0847622,124,128.3978962),(4737,36.0847244,124,128.3978562),(4738,36.0846805,124,128.3978185),(4739,36.08463,124,128.3977891),(4740,36.0845747,124,128.3977726),(4741,36.0845224,124,128.3977812),(4742,36.0844639,124,128.3978413),(4743,36.0844099,124,128.3978986),(4744,36.084358,124,128.3979501),(4745,36.084312,124,128.3979868),(4746,36.0842742,124,128.3980312),(4747,36.0842244,124,128.3980685),(4748,36.0841714,124,128.3981035),(4749,36.0841261,124,128.3981379),(4750,36.0840731,124,128.3981679),(4751,36.0840249,124,128.3982045),(4752,36.0839818,124,128.3982361),(4753,36.0839373,124,128.3982773),(4754,36.0838997,124,128.3983248),(4755,36.0838623,124,128.3983706),(4756,36.0838172,124,128.3984008),(4757,36.0837636,124,128.3984093),(4758,36.0836961,124,128.3984026),(4759,36.0836388,124,128.3983913),(4760,36.0836517,124,128.3983978),(4761,36.0835349,124,128.3985005),(4762,36.0834837,124,128.3985465),(4763,36.0834466,124,128.3986132),(4764,36.0834534,124,128.3986842),(4765,36.0834738,124,128.398704),(4766,36.0834731,124,128.3986845),(4767,36.0836442,124,128.3985241),(4768,36.0837264,124,128.3985116),(4769,36.0837933,124,128.3984992),(4770,36.0838509,124,128.3985083),(4771,36.0839157,124,128.3985183),(4772,36.0839716,124,128.3985351),(4773,36.0840304,124,128.3985513),(4774,36.0840788,124,128.3985675),(4775,36.0841317,124,128.3985695),(4776,36.0842087,124,128.3985612),(4777,36.0842543,124,128.39857),(4778,36.0843125,124,128.3985743),(4779,36.084374,124,128.3985664),(4780,36.0844299,124,128.3985477),(4781,36.0844884,124,128.3985094),(4782,36.0845449,124,128.3984871),(4783,36.0846031,124,128.3984719),(4784,36.0846591,124,128.398455),(4785,36.0847176,124,128.3984267),(4786,36.0847704,124,128.3984058),(4787,36.0848267,124,128.3984104),(4788,36.0848887,124,128.3984138),(4789,36.0849561,124,128.3984283),(4790,36.085007,124,128.3984212),(4791,36.0850747,124,128.3984339),(4792,36.0851266,124,128.3984626),(4793,36.0851649,124,128.3985169),(4794,36.0852175,124,128.3985826),(4795,36.0852739,124,128.3986148),(4796,36.0853205,124,128.3986536),(4797,36.0853572,124,128.3987079),(4798,36.0853857,124,128.3987663),(4799,36.0854255,124,128.3988253),(4800,36.0854724,124,128.3988727),(4801,36.0855251,124,128.3989291),(4802,36.0855668,124,128.3989764),(4803,36.0855993,124,128.3990407),(4804,36.0856363,124,128.3990844),(4805,36.0856607,124,128.3991413),(4806,36.085712,124,128.3992042),(4807,36.085758,124,128.3992605),(4808,36.0858055,124,128.3993243),(4809,36.0858489,124,128.3993854),(4810,36.0858951,124,128.3994227),(4811,36.0859374,124,128.3994753),(4812,36.0859851,124,128.399537),(4813,36.0860311,124,128.3996078),(4814,36.0860701,124,128.3996674),(4815,36.0861133,124,128.3997196),(4816,36.0861642,124,128.399775),(4817,36.0862082,124,128.3998335),(4818,36.0862518,124,128.3998906),(4819,36.0863045,124,128.3999607),(4820,36.0863633,124,128.4000113),(4821,36.0864079,124,128.4000526),(4822,36.086453,124,128.4001034),(4823,36.0864874,124,128.4001619),(4824,36.0865375,124,128.4002122),(4825,36.0865915,124,128.4002607),(4826,36.0866458,124,128.400295),(4827,36.0866983,124,128.4003364),(4828,36.0867448,124,128.400391),(4829,36.0868037,124,128.4004522),(4830,36.0868594,124,128.4005116),(4831,36.0869144,124,128.4005704),(4832,36.0869705,124,128.4006192),(4833,36.0870099,124,128.4006774),(4834,36.0870519,124,128.4007268),(4835,36.0871019,124,128.4007706),(4836,36.0871593,124,128.4008073),(4837,36.0872175,124,128.4008406),(4838,36.0872645,124,128.400874),(4839,36.087315,124,128.4009213),(4840,36.0873739,124,128.4009596),(4841,36.0874308,124,128.4009939),(4842,36.087483,124,128.4010347),(4843,36.0875276,124,128.401105),(4844,36.0875734,124,128.4011658),(4845,36.0876225,124,128.4012253),(4846,36.0876826,124,128.4012641),(4847,36.0877509,124,128.4012788),(4848,36.0878143,124,128.4012929),(4849,36.0878693,124,128.4013182),(4850,36.087918,124,128.4013543),(4851,36.0879754,124,128.4013996),(4852,36.088033,124,128.4014512),(4853,36.0880875,124,128.4014821),(4854,36.0881504,124,128.4015061),(4855,36.0882138,124,128.4015202),(4856,36.088268,124,128.4015365),(4857,36.0883178,124,128.40156),(4858,36.0883733,124,128.4015921),(4859,36.0884309,124,128.4016252),(4860,36.0884976,124,128.401646),(4861,36.0885623,124,128.4016693),(4862,36.0886218,124,128.4016744),(4863,36.0886952,124,128.401694),(4864,36.0887656,124,128.4017118),(4865,36.08883,124,128.4017367),(4866,36.0888885,124,128.4017541),(4867,36.0889655,124,128.4017678),(4868,36.089025,124,128.4017875),(4869,36.0890791,124,128.4018),(4870,36.0891317,124,128.4018163),(4871,36.0892078,124,128.4018349),(4872,36.0892727,124,128.4018507),(4873,36.0893376,124,128.4018584),(4874,36.0894051,124,128.4018759),(4875,36.0894633,124,128.4018903),(4876,36.0895167,124,128.4019069),(4877,36.089596,124,128.4019004),(4878,36.0896633,124,128.4018994),(4879,36.0897327,124,128.4019015),(4880,36.0897952,124,128.4019096),(4881,36.0898496,124,128.401907),(4882,36.0899045,124,128.4019283),(4883,36.0899625,124,128.401945),(4884,36.0900252,124,128.4019479),(4885,36.0900636,124,128.4019661),(4886,36.0901267,124,128.401973),(4887,36.0901909,124,128.4019731),(4888,36.0902422,124,128.4019845),(4889,36.0902987,124,128.4019986),(4890,36.090354,124,128.4020093),(4891,36.0904102,124,128.4020208),(4892,36.0904731,124,128.402033),(4893,36.090528,124,128.4020436),(4894,36.0905883,124,128.4020562),(4895,36.090642,124,128.4020571),(4896,36.0906997,124,128.402063),(4897,36.0907703,124,128.4020627),(4898,36.0908225,124,128.4020693),(4899,36.0908943,124,128.4020836),(4900,36.0909599,124,128.4020975),(4901,36.0910111,124,128.4020952),(4902,36.0910653,124,128.402122),(4903,36.0911304,124,128.4021414),(4904,36.0912,124,128.4021266),(4905,36.0912701,124,128.4021375),(4906,36.0913436,124,128.4021362),(4907,36.0914035,124,128.4021398),(4908,36.0914461,124,128.4021669),(4909,36.0915005,124,128.4021782),(4910,36.0915643,124,128.4022061),(4911,36.0916325,124,128.4022144),(4912,36.091704,124,128.4022104),(4913,36.0917692,124,128.4022157),(4914,36.0918264,124,128.4022295),(4915,36.0918965,124,128.4022338),(4916,36.0919546,124,128.4022499),(4917,36.0920099,124,128.4022879),(4918,36.092079,124,128.4022994),(4919,36.0921402,124,128.4023083),(4920,36.0922097,124,128.4022995),(4921,36.0922769,124,128.4022821),(4922,36.0923378,124,128.4023075),(4923,36.0923885,124,128.4023292),(4924,36.092455,124,128.4023369),(4925,36.0925235,124,128.4023489),(4926,36.0925932,124,128.4023595),(4927,36.0926637,124,128.4023514),(4928,36.0927257,124,128.4023561),(4929,36.0927878,124,128.4023792),(4930,36.0928529,124,128.4023733),(4931,36.0929186,124,128.4023755),(4932,36.0929772,124,128.4023852),(4933,36.0930382,124,128.402384),(4934,36.093098,124,128.4023859),(4935,36.0931678,124,128.4023666),(4936,36.0932258,124,128.40236),(4937,36.0932899,124,128.402366),(4938,36.0933524,124,128.4023695),(4939,36.0934218,124,128.4023767),(4940,36.0934905,124,128.4023567),(4941,36.093557,124,128.402352),(4942,36.0936238,124,128.402342),(4943,36.0936847,124,128.4023245),(4944,36.0937346,124,128.4023247),(4945,36.0937988,124,128.402302),(4946,36.0938646,124,128.4023111),(4947,36.0939309,124,128.4023085),(4948,36.094008,124,128.4022942),(4949,36.0940749,124,128.4022919),(4950,36.094124,124,128.4022815),(4951,36.0941868,124,128.4022662),(4952,36.094236,124,128.4022417),(4953,36.0942905,124,128.4022223),(4954,36.0943619,124,128.4022138),(4955,36.0944275,124,128.4022025),(4956,36.0944923,124,128.4021981),(4957,36.0945578,124,128.4021924),(4958,36.0946152,124,128.4021787),(4959,36.0946996,124,128.4021672),(4960,36.0947824,124,128.4021413),(4961,36.0948342,124,128.4021133),(4962,36.0948833,124,128.402082),(4963,36.0949349,124,128.4020728),(4964,36.0949923,124,128.4020563),(4965,36.0950302,124,128.4020585),(4966,36.0950788,124,128.4020593),(4967,36.0951421,124,128.4020413),(4968,36.0952033,124,128.4020237),(4969,36.0952737,124,128.4019901),(4970,36.0953368,124,128.4019472),(4971,36.0953862,124,128.4019046),(4972,36.0954276,124,128.4018681),(4973,36.0954909,124,128.4018531),(4974,36.0955623,124,128.4018142),(4975,36.0956332,124,128.4017854),(4976,36.0956933,124,128.4017751),(4977,36.0957675,124,128.4017595),(4978,36.0958292,124,128.4017339),(4979,36.0958836,124,128.4017116),(4980,36.0959302,124,128.4016812),(4981,36.0959822,124,128.40167),(4982,36.0960396,124,128.4016486),(4983,36.0961054,124,128.4016173),(4984,36.0961819,124,128.4016125),(4985,36.0962419,124,128.4015889),(4986,36.0963061,124,128.4015644),(4987,36.0963626,124,128.4015124),(4988,36.0964318,124,128.4014989),(4989,36.096497,124,128.4014967),(4990,36.0965757,124,128.4014832),(4991,36.0966344,124,128.4014795),(4992,36.0966682,124,128.4014236),(4993,36.0967169,124,128.4014009),(4994,36.0967782,124,128.4013898),(4995,36.0968388,124,128.4013526),(4996,36.0968936,124,128.4013559),(4997,36.0969612,124,128.4013527),(4998,36.0970367,124,128.4013095),(4999,36.0971075,124,128.4012786),(5000,36.0971628,124,128.401251),(5001,36.0972343,124,128.4012332),(5002,36.0972899,124,128.4012147),(5003,36.0973292,124,128.4011749),(5004,36.0973874,124,128.4011473),(5005,36.0974404,124,128.4011297),(5006,36.097515,124,128.4011202),(5007,36.0975909,124,128.4010918),(5008,36.0976561,124,128.401063),(5009,36.0977258,124,128.4010367),(5010,36.0977903,124,128.4010134),(5011,36.0978563,124,128.4009861),(5012,36.0979276,124,128.4009606),(5013,36.0979976,124,128.4009546),(5014,36.0980595,124,128.4009399),(5015,36.0981201,124,128.4009165),(5016,36.0981762,124,128.4009012),(5017,36.098234,124,128.4008835),(5018,36.0982906,124,128.4008566),(5019,36.0983505,124,128.4008394),(5020,36.0984165,124,128.4008058),(5021,36.098474,124,128.4007738),(5022,36.0985324,124,128.4007629),(5023,36.0986116,124,128.4007256),(5024,36.0986851,124,128.400709),(5025,36.0987517,124,128.4007029),(5026,36.0988123,124,128.4006891),(5027,36.098875,124,128.4006685),(5028,36.0989374,124,128.4006345),(5029,36.0989952,124,128.4006026),(5030,36.0990552,124,128.400564),(5031,36.0991219,124,128.4005445),(5032,36.0991967,124,128.4005299),(5033,36.0992659,124,128.4005231),(5034,36.0993257,124,128.4005165),(5035,36.0993874,124,128.400513),(5036,36.0994469,124,128.4005171),(5037,36.0995009,124,128.4005176),(5038,36.0995572,124,128.4005199),(5039,36.0996175,124,128.4005218),(5040,36.0996825,124,128.4005223),(5041,36.0997466,124,128.400527),(5042,36.0998165,124,128.4005237),(5043,36.0998868,124,128.4004958),(5044,36.0999607,124,128.4004398),(5045,36.1000118,124,128.4003785),(5046,36.1000421,124,128.4003226),(5047,36.1000884,124,128.4002645),(5048,36.1001344,124,128.4002129),(5049,36.1001998,124,128.4001835),(5050,36.1002574,124,128.4001622),(5051,36.1003072,124,128.4001532),(5052,36.1003642,124,128.400181),(5053,36.1004205,124,128.400205),(5054,36.100472,124,128.4002398),(5055,36.1005182,124,128.4002956),(5056,36.1005525,124,128.4003574),(5057,36.1005731,124,128.4004009),(5058,36.1006047,124,128.400446),(5059,36.1006448,124,128.4005247),(5060,36.1006919,124,128.4005972),(5061,36.10075,124,128.4006594),(5062,36.100802,124,128.4007122),(5063,36.1008441,124,128.4007603),(5064,36.1008917,124,128.4008069),(5065,36.1009452,124,128.400849),(5066,36.1009994,124,128.4008779),(5067,36.1010499,124,128.4009099),(5068,36.1010833,124,128.4009492),(5069,36.0995563,125,128.4005049),(5070,36.0995003,125,128.4005173),(5071,36.0994392,125,128.4005405),(5072,36.0993801,125,128.400536),(5073,36.0993171,125,128.4005324),(5074,36.0992442,125,128.4005387),(5075,36.0991911,125,128.4005267),(5076,36.0991335,125,128.4005268),(5077,36.0990708,125,128.400534),(5078,36.0990285,125,128.4005382),(5079,36.0989696,125,128.4005545),(5080,36.0989066,125,128.4005793),(5081,36.0988585,125,128.400616),(5082,36.0988141,125,128.4006555),(5083,36.0987761,125,128.4006917),(5084,36.0987701,125,128.4007064),(5085,36.098636,125,128.4006784),(5086,36.0985764,125,128.4006567),(5087,36.0985096,125,128.4006832),(5088,36.0984562,125,128.4007141),(5089,36.0984065,125,128.4007396),(5090,36.0983708,125,128.4007457),(5091,36.0983072,125,128.4007729),(5092,36.0982501,125,128.400794),(5093,36.0981986,125,128.4008051),(5094,36.0981374,125,128.4008207),(5095,36.098071,125,128.400851),(5096,36.0980204,125,128.4008764),(5097,36.0979702,125,128.4008932),(5098,36.0979116,125,128.4009062),(5099,36.0978516,125,128.4009155),(5100,36.0977874,125,128.4009228),(5101,36.0977212,125,128.4009603),(5102,36.0976461,125,128.4009897),(5103,36.0975913,125,128.4010193),(5104,36.0975336,125,128.4010349),(5105,36.0974852,125,128.4010517),(5106,36.0974231,125,128.4010652),(5107,36.0973739,125,128.4010836),(5108,36.0973411,125,128.4011291),(5109,36.097309,125,128.4011245),(5110,36.0972635,125,128.4011317),(5111,36.0972062,125,128.4011351),(5112,36.0971401,125,128.4011574),(5113,36.0970742,125,128.4011798),(5114,36.0970108,125,128.4012047),(5115,36.0969628,125,128.4012227),(5116,36.0968765,125,128.401251),(5117,36.0968324,125,128.4012499),(5118,36.0967755,125,128.4012478),(5119,36.0967274,125,128.4012624),(5120,36.0966701,125,128.4012877),(5121,36.096618,125,128.4013065),(5122,36.0965687,125,128.4013343),(5123,36.0965139,125,128.4013672),(5124,36.0964671,125,128.401394),(5125,36.0964083,125,128.401419),(5126,36.096357,125,128.4014406),(5127,36.0962953,125,128.4014605),(5128,36.0962382,125,128.4014829),(5129,36.0961771,125,128.4014992),(5130,36.0961088,125,128.401522),(5131,36.0960496,125,128.4015539),(5132,36.0959946,125,128.4015707),(5133,36.0959498,125,128.4015852),(5134,36.0959046,125,128.401604),(5135,36.0958579,125,128.4016052),(5136,36.0958076,125,128.4016155),(5137,36.0957673,125,128.4016372),(5138,36.0957321,125,128.4016539),(5139,36.0956857,125,128.4016897),(5140,36.0956096,125,128.4017148),(5141,36.0955436,125,128.4017564),(5142,36.0954883,125,128.4017808),(5143,36.0954305,125,128.4017919),(5144,36.0953809,125,128.4018068),(5145,36.0953212,125,128.401819),(5146,36.0952678,125,128.4018172),(5147,36.0952272,125,128.4018504),(5148,36.0951819,125,128.4018601),(5149,36.0951028,125,128.4018653),(5150,36.0950339,125,128.401884),(5151,36.0949584,125,128.4018926),(5152,36.0949059,125,128.4019156),(5153,36.0948457,125,128.4019421),(5154,36.0948132,125,128.4019832),(5155,36.0947647,125,128.4020484),(5156,36.0947329,125,128.4020981),(5157,36.0946835,125,128.4021522),(5158,36.0946426,125,128.4021612),(5159,36.0946223,125,128.4021772),(5160,36.0945832,125,128.4021855),(5161,36.0945047,125,128.4021731),(5162,36.0944208,125,128.4021245),(5163,36.0943553,125,128.4021212),(5164,36.0942984,125,128.4021175),(5165,36.0942456,125,128.4021283),(5166,36.0942032,125,128.4021686),(5167,36.0941318,125,128.4021698),(5168,36.0940643,125,128.4021467),(5169,36.0939947,125,128.4021645),(5170,36.0939319,125,128.4022149),(5171,36.093896,125,128.4022477),(5172,36.093866,125,128.402254),(5173,36.0938343,125,128.4022561),(5174,36.0938008,125,128.4022458),(5175,36.0937364,125,128.4022345),(5176,36.0936427,125,128.4022247),(5177,36.0935627,125,128.402218),(5178,36.0934949,125,128.4022224),(5179,36.0934232,125,128.402229),(5180,36.0933586,125,128.4022531),(5181,36.0933102,125,128.4022795),(5182,36.0932502,125,128.402265),(5183,36.0931952,125,128.4022713),(5184,36.0931218,125,128.4022805),(5185,36.0930481,125,128.4022803),(5186,36.0930131,125,128.4022659),(5187,36.0929743,125,128.402257),(5188,36.0929409,125,128.4022323),(5189,36.0929025,125,128.402208),(5190,36.0928353,125,128.4021839),(5191,36.0927631,125,128.4021833),(5192,36.0926833,125,128.4021844),(5193,36.0926154,125,128.4021925),(5194,36.0925435,125,128.4022159),(5195,36.0924761,125,128.4022177),(5196,36.0924523,125,128.4022573),(5197,36.0924302,125,128.4022395),(5198,36.0923793,125,128.4022196),(5199,36.0923073,125,128.4022232),(5200,36.092236,125,128.402237),(5201,36.0921767,125,128.4022339),(5202,36.0921091,125,128.402212),(5203,36.092065,125,128.4022006),(5204,36.0920234,125,128.4021743),(5205,36.0919731,125,128.4021553),(5206,36.0919131,125,128.4021399),(5207,36.0918635,125,128.4021658),(5208,36.0918191,125,128.4021706),(5209,36.0917584,125,128.4021487),(5210,36.0916878,125,128.4021129),(5211,36.0916244,125,128.4020977),(5212,36.0915641,125,128.4020722),(5213,36.091523,125,128.4020054),(5214,36.0914607,125,128.4019749),(5215,36.0914013,125,128.4019912),(5216,36.0913432,125,128.4020259),(5217,36.0912904,125,128.4020674),(5218,36.0912439,125,128.402097),(5219,36.0911792,125,128.4021262),(5220,36.0910991,125,128.4021051),(5221,36.0910322,125,128.4020723),(5222,36.0909807,125,128.4020265),(5223,36.0909087,125,128.4020015),(5224,36.090837,125,128.4019761),(5225,36.0907776,125,128.4019729),(5226,36.0907373,125,128.4019815),(5227,36.0906877,125,128.4019662),(5228,36.090632,125,128.4019395),(5229,36.0905857,125,128.4019198),(5230,36.0905158,125,128.4019102),(5231,36.0904484,125,128.4019059),(5232,36.0903943,125,128.4019028),(5233,36.0903314,125,128.4018961),(5234,36.0902871,125,128.401893),(5235,36.0902213,125,128.4018772),(5236,36.0901868,125,128.4018707),(5237,36.0901393,125,128.4018705),(5238,36.0900727,125,128.4018603),(5239,36.0900063,125,128.401863),(5240,36.089931,125,128.4018696),(5241,36.0898771,125,128.4018479),(5242,36.0898388,125,128.4017872),(5243,36.0897808,125,128.40177),(5244,36.0897098,125,128.4017724),(5245,36.0896388,125,128.4017644),(5246,36.0895756,125,128.4017537),(5247,36.0895416,125,128.4017457),(5248,36.0895065,125,128.4017507),(5249,36.0894613,125,128.4017425),(5250,36.0894128,125,128.40173),(5251,36.0893467,125,128.4017263),(5252,36.0892643,125,128.4017161),(5253,36.0892051,125,128.4017053),(5254,36.0891474,125,128.4017059),(5255,36.0891248,125,128.4017203),(5256,36.0890916,125,128.4017104),(5257,36.0890339,125,128.4016913),(5258,36.0889633,125,128.4016906),(5259,36.0889003,125,128.4016633),(5260,36.0888354,125,128.4016356),(5261,36.0887665,125,128.4016182),(5262,36.088721,125,128.4016047),(5263,36.0886635,125,128.4015911),(5264,36.0885911,125,128.4015831),(5265,36.0885359,125,128.4015919),(5266,36.0884876,125,128.4015846),(5267,36.0884445,125,128.401563),(5268,36.0883978,125,128.4015384),(5269,36.0883437,125,128.4015153),(5270,36.088287,125,128.4014736),(5271,36.0882273,125,128.4014401),(5272,36.0881717,125,128.4014412),(5273,36.0881271,125,128.4014346),(5274,36.0880853,125,128.4014067),(5275,36.0880334,125,128.4013752),(5276,36.0879783,125,128.4013432),(5277,36.0879179,125,128.4013223),(5278,36.0878563,125,128.401297),(5279,36.0878021,125,128.4012589),(5280,36.0877591,125,128.4012203),(5281,36.0877047,125,128.4011773),(5282,36.0876583,125,128.4011217),(5283,36.087611,125,128.4010757),(5284,36.0875709,125,128.4010249),(5285,36.0875357,125,128.4010009),(5286,36.087496,125,128.4009907),(5287,36.0874546,125,128.4009783),(5288,36.0873935,125,128.4009377),(5289,36.0873372,125,128.400883),(5290,36.0872788,125,128.4008385),(5291,36.0872405,125,128.400791),(5292,36.0872082,125,128.4007181),(5293,36.0871678,125,128.4006582),(5294,36.087098,125,128.4006444),(5295,36.0870451,125,128.4006211),(5296,36.0869915,125,128.4005761),(5297,36.0869543,125,128.4005246),(5298,36.0869158,125,128.4004554),(5299,36.0868954,125,128.4003989),(5300,36.0868676,125,128.4003653),(5301,36.0868384,125,128.4003464),(5302,36.0867951,125,128.4003219),(5303,36.086751,125,128.4002871),(5304,36.0867012,125,128.4002462),(5305,36.0866392,125,128.4002094),(5306,36.0865944,125,128.4001593),(5307,36.0865388,125,128.4001068),(5308,36.0864846,125,128.4000807),(5309,36.0864389,125,128.4000542),(5310,36.0863968,125,128.4000091),(5311,36.0863416,125,128.3999724),(5312,36.0862804,125,128.3999318),(5313,36.0862609,125,128.3998607),(5314,36.086219,125,128.3998322),(5315,36.0861665,125,128.3998269),(5316,36.0861443,125,128.3997667),(5317,36.0861334,125,128.3996999),(5318,36.0861082,125,128.3996417),(5319,36.0860648,125,128.3995547),(5320,36.086034,125,128.3994716),(5321,36.0859929,125,128.3994143),(5322,36.0859449,125,128.3993763),(5323,36.0859027,125,128.3993405),(5324,36.0858616,125,128.3992708),(5325,36.0858245,125,128.3992187),(5326,36.0857761,125,128.3991748),(5327,36.085775,125,128.3991104),(5328,36.0857557,125,128.3990685),(5329,36.0857104,125,128.3990182),(5330,36.0856614,125,128.3990102),(5331,36.0855727,125,128.3990179),(5332,36.0855194,125,128.3989826),(5333,36.0854877,125,128.3988823),(5334,36.0854927,125,128.3988161),(5335,36.0855003,125,128.3987784),(5336,36.0854968,125,128.3987265),(5337,36.0854427,125,128.3986657),(5338,36.0853516,125,128.398622),(5339,36.0852968,125,128.3985633),(5340,36.0852528,125,128.3985169),(5341,36.0852202,125,128.3984673),(5342,36.0852112,125,128.3984146),(5343,36.0851849,125,128.3983536),(5344,36.0851413,125,128.3982969),(5345,36.0851312,125,128.3982469),(5346,36.0850789,125,128.3981805),(5347,36.0850282,125,128.3981206),(5348,36.0849666,125,128.3980677),(5349,36.0849151,125,128.398019),(5350,36.0848623,125,128.3979827),(5351,36.0848151,125,128.3979524),(5352,36.0847599,125,128.3979463),(5353,36.0847188,125,128.3979317),(5354,36.0846742,125,128.3978791),(5355,36.0846233,125,128.3978557),(5356,36.084555,125,128.3978161),(5357,36.0844844,125,128.3978221),(5358,36.0844041,125,128.3978588),(5359,36.0843563,125,128.3979047),(5360,36.0843059,125,128.3979619),(5361,36.0842554,125,128.397997),(5362,36.0842025,125,128.3980193),(5363,36.0841484,125,128.3980358),(5364,36.0840885,125,128.3980626),(5365,36.0840559,125,128.3981136),(5366,36.0840189,125,128.3981599),(5367,36.0839783,125,128.3982295),(5368,36.0839492,125,128.3983029),(5369,36.0839121,125,128.3983152),(5370,36.0838619,125,128.3983528),(5371,36.0837945,125,128.3983934),(5372,36.0837415,125,128.3983882),(5373,36.0836536,125,128.398366),(5374,36.0836193,125,128.3984073),(5375,36.0836242,125,128.3984315),(5376,36.0834788,125,128.3985215),(5377,36.0834316,125,128.3985561),(5378,36.0833984,125,128.3986272),(5379,36.0833878,125,128.3987042),(5380,36.0834021,125,128.3987454),(5381,36.0834692,125,128.3987528),(5382,36.0835115,125,128.3987072),(5383,36.083519,125,128.3986935),(5384,36.0836828,125,128.3985776),(5385,36.0837428,125,128.3985338),(5386,36.0837974,125,128.3985048),(5387,36.0838575,125,128.3984924),(5388,36.0839062,125,128.398513),(5389,36.0839593,125,128.3985412),(5390,36.0840066,125,128.3985848),(5391,36.0840545,125,128.3986069),(5392,36.0841142,125,128.3986045),(5393,36.0841883,125,128.3986104),(5394,36.0842537,125,128.3986156),(5395,36.0843426,125,128.3986042),(5396,36.0843892,125,128.3985721),(5397,36.0844159,125,128.3985052),(5398,36.0844817,125,128.3984614),(5399,36.0845253,125,128.3984471),(5400,36.0845692,125,128.3984297),(5401,36.0846234,125,128.398398),(5402,36.0846728,125,128.3984091),(5403,36.0847486,125,128.3984091),(5404,36.0848195,125,128.3984106),(5405,36.0848773,125,128.3984347),(5406,36.0849434,125,128.3984571),(5407,36.0850077,125,128.398424),(5408,36.0850865,125,128.3984194),(5409,36.0851424,125,128.3984688),(5410,36.0852049,125,128.3985206),(5411,36.0852662,125,128.3985739),(5412,36.0853098,125,128.3986289),(5413,36.085354,125,128.398711),(5414,36.0853968,125,128.3987784),(5415,36.0854191,125,128.3988388),(5416,36.0854608,125,128.3988796),(5417,36.0855293,125,128.3989279),(5418,36.085564,125,128.3989316),(5419,36.0856113,125,128.3989488),(5420,36.0856633,125,128.3990156),(5421,36.0856946,125,128.399102),(5422,36.0857262,125,128.3991818),(5423,36.0857716,125,128.3992538),(5424,36.0858044,125,128.3993396),(5425,36.0858498,125,128.3993946),(5426,36.0859081,125,128.3994328),(5427,36.0859516,125,128.3994727),(5428,36.0860026,125,128.3995307),(5429,36.086046,125,128.3995805),(5430,36.0860897,125,128.3996241),(5431,36.0861516,125,128.3996834),(5432,36.0861874,125,128.3997496),(5433,36.0862175,125,128.3997999),(5434,36.0862571,125,128.3998613),(5435,36.0863143,125,128.3999397),(5436,36.0863598,125,128.4000027),(5437,36.086397,125,128.4000596),(5438,36.0864481,125,128.4001092),(5439,36.0864936,125,128.4001504),(5440,36.0865448,125,128.4001978),(5441,36.08661,125,128.4002675),(5442,36.0866502,125,128.4003271),(5443,36.0866973,125,128.4003943),(5444,36.0867471,125,128.4004461),(5445,36.0868094,125,128.4005168),(5446,36.0868594,125,128.4005419),(5447,36.0869063,125,128.4005891),(5448,36.0869658,125,128.4006626),(5449,36.0870189,125,128.4006813),(5450,36.0870525,125,128.4007108),(5451,36.0870952,125,128.4007462),(5452,36.0871564,125,128.4008017),(5453,36.0872301,125,128.4008358),(5454,36.0872761,125,128.4008722),(5455,36.0873172,125,128.4009262),(5456,36.0873712,125,128.4009843),(5457,36.0874422,125,128.4010006),(5458,36.0874901,125,128.401049),(5459,36.0875225,125,128.4011316),(5460,36.0875674,125,128.4011603),(5461,36.0876309,125,128.4011535),(5462,36.0877076,125,128.4011745),(5463,36.0877785,125,128.4012272),(5464,36.0878295,125,128.401275),(5465,36.0878701,125,128.4013107),(5466,36.0879323,125,128.4013396),(5467,36.0879923,125,128.4013856),(5468,36.0879982,125,128.40143),(5469,36.0880042,125,128.4014795),(5470,36.0880347,125,128.4015534),(5471,36.0880705,125,128.4016444),(5472,36.0881156,125,128.4016979),(5473,36.0882762,125,128.4016755),(5474,36.0883915,125,128.4016233),(5475,36.0884765,125,128.4015941),(5476,36.0885547,125,128.4016188),(5477,36.0886344,125,128.401648),(5478,36.0886985,125,128.4016732),(5479,36.0887158,125,128.4017041),(5480,36.088741,125,128.4017322),(5481,36.0888058,125,128.4017574),(5482,36.0888989,125,128.4017531),(5483,36.0889535,125,128.4017477),(5484,36.0890093,125,128.4017521),(5485,36.0890681,125,128.401786),(5486,36.0891224,125,128.4018153),(5487,36.0891953,125,128.4018185),(5488,36.0892613,125,128.4018287),(5489,36.0893219,125,128.4018289),(5490,36.0893979,125,128.4018321),(5491,36.0894708,125,128.4018482),(5492,36.089512,125,128.4018762),(5493,36.0895803,125,128.4019068),(5494,36.0896579,125,128.4019176),(5495,36.0897259,125,128.4019289),(5496,36.0898046,125,128.4019306),(5497,36.0898669,125,128.4019044),(5498,36.0899359,125,128.4018815),(5499,36.0900024,125,128.4018951),(5500,36.0900585,125,128.4019248),(5501,36.090129,125,128.401962),(5502,36.0901853,125,128.4019892),(5503,36.0902625,125,128.402017),(5504,36.0903345,125,128.4020207),(5505,36.0903958,125,128.4020099),(5506,36.0904592,125,128.4020131),(5507,36.0905102,125,128.4020268),(5508,36.0905757,125,128.4020405),(5509,36.0905711,125,128.4020316),(5510,36.0907256,125,128.4020394),(5511,36.0907992,125,128.4020579),(5512,36.0908681,125,128.4020183),(5513,36.0909101,125,128.4020125),(5514,36.0909703,125,128.4020215),(5515,36.0910356,125,128.4020383),(5516,36.0910735,125,128.4020853),(5517,36.0911231,125,128.4021412),(5518,36.0911756,125,128.4021547),(5519,36.0912393,125,128.4021408),(5520,36.0913154,125,128.4021377),(5521,36.091374,125,128.4021447),(5522,36.0914648,125,128.40214),(5523,36.0915439,125,128.4021516),(5524,36.0915824,125,128.4021727),(5525,36.0916219,125,128.4021632),(5526,36.0916771,125,128.4021653),(5527,36.0917214,125,128.4021401),(5528,36.0917791,125,128.4021104),(5529,36.0918452,125,128.4021256),(5530,36.0919101,125,128.4021427),(5531,36.0919695,125,128.4021755),(5532,36.0920365,125,128.4021643),(5533,36.0920999,125,128.4021967),(5534,36.0921509,125,128.4022821),(5535,36.0922361,125,128.4023143),(5536,36.0922973,125,128.4023256),(5537,36.0923821,125,128.402324),(5538,36.0924605,125,128.402344),(5539,36.0925264,125,128.402357),(5540,36.0925826,125,128.4023693),(5541,36.0926331,125,128.4023847),(5542,36.0926846,125,128.4023882),(5543,36.0927596,125,128.4023915),(5544,36.0928309,125,128.4023935),(5545,36.0928953,125,128.4023974),(5546,36.0929621,125,128.4024075),(5547,36.0930212,125,128.4024043),(5548,36.0930869,125,128.4023956),(5549,36.0931556,125,128.4023955),(5550,36.0932345,125,128.4024005),(5551,36.0933041,125,128.4023949),(5552,36.0933579,125,128.4023807),(5553,36.093389,125,128.4023714),(5554,36.0934538,125,128.4023749),(5555,36.0935225,125,128.4023795),(5556,36.0935893,125,128.4023871),(5557,36.0936622,125,128.4023702),(5558,36.0937196,125,128.4023388),(5559,36.093804,125,128.4023253),(5560,36.0938782,125,128.4023032),(5561,36.0939371,125,128.4022821),(5562,36.0940153,125,128.4022684),(5563,36.0940856,125,128.4022625),(5564,36.0941539,125,128.4022659),(5565,36.0942093,125,128.4022663),(5566,36.0942758,125,128.4022563),(5567,36.0943311,125,128.4022412),(5568,36.094404,125,128.4022126),(5569,36.0944697,125,128.4022182),(5570,36.094515,125,128.4022178),(5571,36.0945787,125,128.4022154),(5572,36.0946578,125,128.4021958),(5573,36.0946798,125,128.4021765),(5574,36.0947467,125,128.4021485),(5575,36.0948166,125,128.4021157),(5576,36.0948915,125,128.4020737),(5577,36.094938,125,128.402045),(5578,36.0949853,125,128.4020106),(5579,36.0950252,125,128.4019649),(5580,36.0950849,125,128.4019253),(5581,36.0951666,125,128.4019009),(5582,36.0952212,125,128.4018751),(5583,36.0952858,125,128.4018436),(5584,36.0953618,125,128.4018364),(5585,36.0954152,125,128.4018529),(5586,36.0954754,125,128.4018522),(5587,36.095545,125,128.4018022),(5588,36.0956064,125,128.4017972),(5589,36.0956392,125,128.4017714),(5590,36.0956655,125,128.4017347),(5591,36.0957331,125,128.4016993),(5592,36.0957792,125,128.4016423),(5593,36.0958678,125,128.4015894),(5594,36.095939,125,128.4015605),(5595,36.0960158,125,128.4015585),(5596,36.0960826,125,128.4015609),(5597,36.0961591,125,128.4015615),(5598,36.0962425,125,128.4015462),(5599,36.096355,125,128.4015246),(5600,36.0964189,125,128.4015033),(5601,36.0964715,125,128.4014765),(5602,36.0964956,125,128.4014444),(5603,36.096552,125,128.4014156),(5604,36.0966447,125,128.4014113),(5605,36.0967227,125,128.4014072),(5606,36.0967612,125,128.4014049),(5607,36.0968195,125,128.4014059),(5608,36.0968552,125,128.4013956),(5609,36.0969077,125,128.4013634),(5610,36.0969858,125,128.4013386),(5611,36.0970377,125,128.4013388),(5612,36.0971145,125,128.4013081),(5613,36.0971864,125,128.4012708),(5614,36.0972638,125,128.4012633),(5615,36.0973209,125,128.4012248),(5616,36.0973928,125,128.4011886),(5617,36.0974789,125,128.4011389),(5618,36.0975471,125,128.4011134),(5619,36.0975868,125,128.4010959),(5620,36.0976644,125,128.4010728),(5621,36.0977298,125,128.4010451),(5622,36.0977749,125,128.4010115),(5623,36.0978317,125,128.4009656),(5624,36.0978956,125,128.4009334),(5625,36.0979431,125,128.4009276),(5626,36.0979801,125,128.4009215),(5627,36.0980579,125,128.400884),(5628,36.0981713,125,128.4008435),(5629,36.0982548,125,128.4008061),(5630,36.0983162,125,128.4007987),(5631,36.0983647,125,128.400791),(5632,36.0984172,125,128.4007807),(5633,36.0984794,125,128.4007737),(5634,36.0985421,125,128.4007574),(5635,36.0986176,125,128.4007224),(5636,36.0986933,125,128.4006851),(5637,36.0987698,125,128.400661),(5638,36.0988448,125,128.400643),(5639,36.0989159,125,128.400628),(5640,36.0989837,125,128.400607),(5641,36.0990306,125,128.4005905),(5642,36.0990921,125,128.4005806),(5643,36.0991719,125,128.4005627),(5644,36.0992137,125,128.4005513),(5645,36.0992579,125,128.4005513),(5646,36.0993144,125,128.4005501),(5647,36.0993771,125,128.4005311),(5648,36.0994581,125,128.4005021),(5649,36.0995224,125,128.4004846),(5650,36.0995899,125,128.4004729),(5651,36.0996657,125,128.4004627),(5652,36.0997327,125,128.400466),(5653,36.099792,125,128.4004639),(5654,36.0998466,125,128.4004652),(5655,36.0999037,125,128.4004378),(5656,36.0999583,125,128.4004005),(5657,36.0999464,125,128.4004104),(5658,36.1001124,125,128.4002518),(5659,36.1001708,125,128.400194),(5660,36.1002299,125,128.400149),(5661,36.1002885,125,128.4001301),(5662,36.1003594,125,128.4001195),(5663,36.1004328,125,128.4001264),(5664,36.1004976,125,128.4001715),(5665,36.1005093,125,128.4002546),(5666,36.1005407,125,128.400326),(5667,36.1005874,125,128.4004042),(5668,36.1006319,125,128.4004648),(5669,36.1006625,125,128.4005016),(5670,36.1007184,125,128.4005752),(5671,36.1007775,125,128.4006565),(5672,36.100827,125,128.4007214),(5673,36.1008767,125,128.4007552),(5674,36.1009403,125,128.4008104),(5675,36.1009796,125,128.4008398),(5676,36.1009976,125,128.4008722),(5677,36.1010248,125,128.400908),(5678,36.1010415,125,128.4009577),(5679,36.1010604,125,128.4010304),(5680,36.083713,126,128.3985537),(5681,36.0837807,126,128.398548),(5682,36.0838466,126,128.3985379),(5683,36.0839021,126,128.3985432),(5684,36.0839663,126,128.398552),(5685,36.0840289,126,128.3985527),(5686,36.0840965,126,128.3985635),(5687,36.0841469,126,128.3985822),(5688,36.0841968,126,128.398591),(5689,36.084268,126,128.3985817),(5690,36.0843304,126,128.3985671),(5691,36.0844015,126,128.3985505),(5692,36.0844552,126,128.3985295),(5693,36.0845081,126,128.3985145),(5694,36.0845689,126,128.3984851),(5695,36.0846249,126,128.3984521),(5696,36.0846747,126,128.3984278),(5697,36.0847272,126,128.3983875),(5698,36.0847789,126,128.3983815),(5699,36.0848356,126,128.3983952),(5700,36.0848912,126,128.3984234),(5701,36.0849628,126,128.3984369),(5702,36.0850303,126,128.3984444),(5703,36.08509,126,128.3984727),(5704,36.085151,126,128.3984961),(5705,36.0852172,126,128.3985135),(5706,36.0852714,126,128.3985571),(5707,36.0853014,126,128.3986085),(5708,36.0853523,126,128.398701),(5709,36.0853983,126,128.3987618),(5710,36.0854316,126,128.3987809),(5711,36.0854785,126,128.3988271),(5712,36.0855113,126,128.3989103),(5713,36.0855539,126,128.3989781),(5714,36.0855987,126,128.3990492),(5715,36.0856302,126,128.3990919),(5716,36.0856699,126,128.3991255),(5717,36.0857154,126,128.3991536),(5718,36.0857657,126,128.3991951),(5719,36.085809,126,128.39925),(5720,36.0858478,126,128.3993225),(5721,36.085882,126,128.3993984),(5722,36.0859263,126,128.3994444),(5723,36.0859792,126,128.3994802),(5724,36.0860262,126,128.3995395),(5725,36.0860571,126,128.3995941),(5726,36.086109,126,128.3996716),(5727,36.0861515,126,128.3997475),(5728,36.0861862,126,128.3998064),(5729,36.086228,126,128.3998837),(5730,36.0862771,126,128.3999923),(5731,36.0863438,126,128.4000744),(5732,36.0863673,126,128.4001108),(5733,36.0863976,126,128.4001619),(5734,36.0864578,126,128.4002442),(5735,36.0864813,126,128.4002833),(5736,36.0865239,126,128.4003344),(5737,36.086593,126,128.4003923),(5738,36.0866568,126,128.4004365),(5739,36.0866964,126,128.4004239),(5740,36.0867282,126,128.4004475),(5741,36.0867824,126,128.4004819),(5742,36.0868471,126,128.4005641),(5743,36.0869025,126,128.4006151),(5744,36.0869449,126,128.4006537),(5745,36.0869993,126,128.4006991),(5746,36.087081,126,128.4007912),(5747,36.0871393,126,128.4008323),(5748,36.0872017,126,128.4008542),(5749,36.0872505,126,128.4008843),(5750,36.0872992,126,128.4008989),(5751,36.0873583,126,128.4009431),(5752,36.0874224,126,128.4009996),(5753,36.0874688,126,128.4010591),(5754,36.0875107,126,128.4011023),(5755,36.087566,126,128.4011308),(5756,36.0876312,126,128.4011756),(5757,36.0877004,126,128.4012259),(5758,36.087751,126,128.4012667),(5759,36.0877967,126,128.4012855),(5760,36.0878609,126,128.4013287),(5761,36.0879298,126,128.4013637),(5762,36.0879827,126,128.4013948),(5763,36.0880268,126,128.4013958),(5764,36.0880857,126,128.4014143),(5765,36.0881609,126,128.4014732),(5766,36.0882156,126,128.4015004),(5767,36.0882606,126,128.4015226),(5768,36.0883149,126,128.4015619),(5769,36.0883859,126,128.4015915),(5770,36.0884356,126,128.4016082),(5771,36.0884915,126,128.4016192),(5772,36.0885565,126,128.4016803),(5773,36.0886246,126,128.4016939),(5774,36.0886807,126,128.4017028),(5775,36.0887374,126,128.4016791),(5776,36.0888005,126,128.4016688),(5777,36.088903,126,128.4017117),(5778,36.0889761,126,128.401772),(5779,36.0890288,126,128.4017992),(5780,36.0891041,126,128.4018162),(5781,36.0891839,126,128.4018596),(5782,36.0892446,126,128.4018828),(5783,36.0892816,126,128.4018845),(5784,36.0893271,126,128.40189),(5785,36.0894043,126,128.4018973),(5786,36.0894662,126,128.4019033),(5787,36.0895082,126,128.4019094),(5788,36.0895817,126,128.4019067),(5789,36.0896684,126,128.401913),(5790,36.0897469,126,128.401924),(5791,36.08978,126,128.4019322),(5792,36.0898369,126,128.4019433),(5793,36.0899291,126,128.4019569),(5794,36.0899795,126,128.4019628),(5795,36.0900026,126,128.4019827),(5796,36.0900657,126,128.4019873),(5797,36.0901435,126,128.4019876),(5798,36.0902111,126,128.4019934),(5799,36.0902655,126,128.4019823),(5800,36.0903198,126,128.4019991),(5801,36.0903694,126,128.4020145),(5802,36.0904545,126,128.4020393),(5803,36.0905341,126,128.4020525),(5804,36.0905809,126,128.4020456),(5805,36.090649,126,128.4020639),(5806,36.0906872,126,128.4020745),(5807,36.0907463,126,128.4020956),(5808,36.0908412,126,128.4020955),(5809,36.0909123,126,128.4021013),(5810,36.0909715,126,128.402103),(5811,36.091004,126,128.4021208),(5812,36.0910562,126,128.4021405),(5813,36.0911053,126,128.4021352),(5814,36.0911819,126,128.402152),(5815,36.0912483,126,128.4021632),(5816,36.0912856,126,128.4021578),(5817,36.0913516,126,128.4021374),(5818,36.0914557,126,128.4021526),(5819,36.0915056,126,128.4021733),(5820,36.0915545,126,128.4021904),(5821,36.0916303,126,128.4022223),(5822,36.0916149,126,128.4022384),(5823,36.0917614,126,128.4022341),(5824,36.0918516,126,128.4022796),(5825,36.09192,126,128.4022832),(5826,36.0919944,126,128.4023236),(5827,36.0920941,126,128.4023052),(5828,36.0921894,126,128.4022984),(5829,36.0922388,126,128.4022941),(5830,36.0922814,126,128.4022817),(5831,36.0923727,126,128.402286),(5832,36.092453,126,128.4023088),(5833,36.0925163,126,128.4023172),(5834,36.0925618,126,128.4023153),(5835,36.0926333,126,128.4023292),(5836,36.092717,126,128.4023542),(5837,36.0927763,126,128.4023651),(5838,36.0928175,126,128.4023558),(5839,36.092904,126,128.4023426),(5840,36.0929887,126,128.4023568),(5841,36.0930565,126,128.4023722),(5842,36.0930972,126,128.4023799),(5843,36.0931337,126,128.402376),(5844,36.0932072,126,128.4023745),(5845,36.0932945,126,128.4023672),(5846,36.093353,126,128.4023664),(5847,36.0934034,126,128.4023659),(5848,36.0934607,126,128.4023638),(5849,36.0935189,126,128.4023522),(5850,36.093587,126,128.4023308),(5851,36.0936432,126,128.4023084),(5852,36.0936984,126,128.4022971),(5853,36.0937741,126,128.4022937),(5854,36.0938408,126,128.4022986),(5855,36.0939036,126,128.4023093),(5856,36.0939808,126,128.4023212),(5857,36.0940623,126,128.4023174),(5858,36.0941507,126,128.4023129),(5859,36.0942234,126,128.4022965),(5860,36.0942471,126,128.4022808),(5861,36.0942953,126,128.4022531),(5862,36.0943994,126,128.4022252),(5863,36.0944646,126,128.4021797),(5864,36.094494,126,128.4021426),(5865,36.0945388,126,128.4021375),(5866,36.0946542,126,128.402121),(5867,36.0947518,126,128.402093),(5868,36.0948001,126,128.4020876),(5869,36.0948399,126,128.4020892),(5870,36.0948797,126,128.4020738),(5871,36.0949291,126,128.402054),(5872,36.0949789,126,128.4020514),(5873,36.0950275,126,128.4020334),(5874,36.0950989,126,128.4019962),(5875,36.0951837,126,128.4019523),(5876,36.09525,126,128.4019316),(5877,36.0953095,126,128.4019167),(5878,36.0953852,126,128.4018957),(5879,36.0954681,126,128.4018701),(5880,36.0954866,126,128.4018442),(5881,36.0954878,126,128.4017847),(5882,36.0955178,126,128.4017503),(5883,36.0955813,126,128.4017166),(5884,36.0956935,126,128.4017044),(5885,36.0958005,126,128.4016969),(5886,36.0958219,126,128.4017275),(5887,36.0958686,126,128.4017456),(5888,36.0959619,126,128.4017472),(5889,36.0960405,126,128.4017375),(5890,36.0961043,126,128.4017269),(5891,36.0961543,126,128.4017023),(5892,36.096199,126,128.4016866),(5893,36.0962664,126,128.401658),(5894,36.0963403,126,128.4016185),(5895,36.0963994,126,128.4015728),(5896,36.0964526,126,128.4015127),(5897,36.0965206,126,128.4014869),(5898,36.0965836,126,128.4014732),(5899,36.0966325,126,128.4014263),(5900,36.0966854,126,128.4013871),(5901,36.0967552,126,128.401332),(5902,36.0968352,126,128.4013067),(5903,36.096895,126,128.4013224),(5904,36.096938,126,128.4013205),(5905,36.0969983,126,128.4013035),(5906,36.097088,126,128.4012713),(5907,36.0971537,126,128.4012631),(5908,36.097153,126,128.4012263),(5909,36.0971698,126,128.4011632),(5910,36.0972365,126,128.4011163),(5911,36.09732,126,128.4011172),(5912,36.0973616,126,128.4011171),(5913,36.0974418,126,128.4011181),(5914,36.0975553,126,128.4010995),(5915,36.097636,126,128.4010609),(5916,36.0976842,126,128.4010505),(5917,36.0977343,126,128.401033),(5918,36.0977893,126,128.4010073),(5919,36.097846,126,128.4009694),(5920,36.0978873,126,128.4009329),(5921,36.0979157,126,128.4009159),(5922,36.0979736,126,128.4009077),(5923,36.0980533,126,128.400918),(5924,36.0981506,126,128.4009061),(5925,36.0982164,126,128.400886),(5926,36.09829,126,128.4008681),(5927,36.0983553,126,128.4008433),(5928,36.0984276,126,128.4008101),(5929,36.0984963,126,128.4007849),(5930,36.0985768,126,128.4007705),(5931,36.0986464,126,128.4007426),(5932,36.0987165,126,128.4006937),(5933,36.0988192,126,128.4006793),(5934,36.0989283,126,128.400652),(5935,36.0990067,126,128.4006082),(5936,36.0990424,126,128.400588),(5937,36.0990769,126,128.4005856),(5938,36.0991429,126,128.4005619),(5939,36.0992377,126,128.4005429),(5940,36.0992985,126,128.4005377),(5941,36.0993507,126,128.4005441),(5942,36.0993751,126,128.4005435),(5943,36.0993988,126,128.4005151),(5944,36.0994762,126,128.4004599),(5945,36.0995402,126,128.4004658),(5946,36.0996038,126,128.4004817),(5947,36.0996611,126,128.4004997),(5948,36.0997289,126,128.4005102),(5949,36.0997719,126,128.4004977),(5950,36.0998328,126,128.4004688),(5951,36.0998772,126,128.4004461),(5952,36.0999234,126,128.4004272),(5953,36.1000052,126,128.4003735),(5954,36.1000682,126,128.4003167),(5955,36.1001264,126,128.4002643),(5956,36.1002011,126,128.4001927),(5957,36.1002558,126,128.4001641),(5958,36.1002903,126,128.4001401),(5959,36.1003453,126,128.4001451),(5960,36.1004078,126,128.4001735),(5961,36.1004701,126,128.4002157),(5962,36.1005077,126,128.4002644),(5963,36.1005532,126,128.4003188),(5964,36.1005972,126,128.400376),(5965,36.1006227,126,128.4004309),(5966,36.1006594,126,128.4005065),(5967,36.1006908,126,128.4005761),(5968,36.1007355,126,128.400626),(5969,36.1007787,126,128.4006536),(5970,36.1008296,126,128.4006819),(5971,36.1008941,126,128.4007586),(5972,36.1009503,126,128.4008148),(5973,36.1010009,126,128.400869),(5974,36.1010405,126,128.4009247),(5975,36.1010775,126,128.4009731),(5976,36.1011162,126,128.4010071),(5977,36.1011646,126,128.4010486),(5978,36.1011953,126,128.4010994),(5979,36.1012473,126,128.4011345),(5980,36.1012751,126,128.4011353),(5981,36.1013061,126,128.4011805),(5982,36.1013383,126,128.401248),(5983,36.1020472,127,128.4201858),(5984,36.1021317,127,128.420189),(5985,36.1022054,127,128.4201763),(5986,36.1022613,127,128.4201868),(5987,36.1023402,127,128.4201846),(5988,36.1024621,127,128.420184),(5989,36.1025592,127,128.4201835),(5990,36.1026779,127,128.4202089),(5991,36.1027769,127,128.4202293),(5992,36.1028678,127,128.4201975),(5993,36.1029242,127,128.4201031),(5994,36.1029424,127,128.4200418),(5995,36.1029964,127,128.4200494),(5996,36.1030728,127,128.4200388),(5997,36.1031303,127,128.4200199),(5998,36.1031461,127,128.419999),(5999,36.1030358,127,128.4197922),(6000,36.1030502,127,128.4196478),(6001,36.1030917,127,128.4195848),(6002,36.1031408,127,128.419563),(6003,36.1032139,127,128.4195537),(6004,36.1032902,127,128.4195431),(6005,36.1033713,127,128.4194879),(6006,36.1034881,127,128.4194129),(6007,36.1035987,127,128.4193573),(6008,36.1036217,127,128.4193179),(6009,36.1036591,127,128.4193128),(6010,36.1037135,127,128.4192826),(6011,36.1037452,127,128.4192608),(6012,36.1038019,127,128.4191953),(6013,36.1038373,127,128.4191153),(6014,36.1038216,127,128.4191286),(6015,36.1036844,127,128.4193042),(6016,36.1036441,127,128.4193633),(6017,36.1036015,127,128.41945),(6018,36.1035703,127,128.4195297),(6019,36.1035494,127,128.4195835),(6020,36.1035661,127,128.4196361),(6021,36.1036118,127,128.4196962),(6022,36.1036615,127,128.4197555),(6023,36.1036999,127,128.4198194),(6024,36.1037234,127,128.4198664),(6025,36.1037507,127,128.4198911),(6026,36.1038061,127,128.419892),(6027,36.1038466,127,128.4199271),(6028,36.103879,127,128.4199739),(6029,36.1039091,127,128.4200938),(6030,36.1039344,127,128.4202049),(6031,36.1039451,127,128.4202765),(6032,36.1039603,127,128.4203306),(6033,36.1040278,127,128.4203773),(6034,36.104094,127,128.4204552),(6035,36.104123,127,128.4205075),(6036,36.1041521,127,128.420593),(6037,36.1041662,127,128.420682),(6038,36.1041751,127,128.42075),(6039,36.1042161,127,128.4207921),(6040,36.1042625,127,128.4208789),(6041,36.1042293,127,128.4209096),(6042,36.1041536,127,128.420938),(6043,36.1040516,127,128.420952),(6044,36.1039716,127,128.420982),(6045,36.1039012,127,128.4210123),(6046,36.1038441,127,128.4210219),(6047,36.1038113,127,128.4210381),(6048,36.1037741,127,128.4210916),(6049,36.1037383,127,128.4211399),(6050,36.1037154,127,128.4212189),(6051,36.103668,127,128.4212932),(6052,36.1035633,127,128.4213519),(6053,36.1035033,127,128.4213729),(6054,36.1034397,127,128.4213985),(6055,36.10342,127,128.4214548),(6056,36.103415,127,128.4214859),(6057,36.1033123,127,128.4216395),(6058,36.1032907,127,128.4216681),(6059,36.1032489,127,128.421708),(6060,36.1031916,127,128.4217549),(6061,36.103122,127,128.421793),(6062,36.1030417,127,128.4218422),(6063,36.1029386,127,128.4219139),(6064,36.1029204,127,128.4219514),(6065,36.102887,127,128.4219748),(6066,36.1028496,127,128.4220155),(6067,36.1028342,127,128.4220347),(6068,36.102853,127,128.4220527),(6069,36.1028606,127,128.4220385),(6070,36.1030301,127,128.4219184),(6071,36.1030847,127,128.4218708),(6072,36.1031191,127,128.421835),(6073,36.1031546,127,128.4217887),(6074,36.1032106,127,128.4217125),(6075,36.1033175,127,128.4216127),(6076,36.1033804,127,128.4215581),(6077,36.1034404,127,128.4214567),(6078,36.1034812,127,128.421402),(6079,36.1035336,127,128.4213365),(6080,36.1035985,127,128.4213109),(6081,36.1036596,127,128.421295),(6082,36.1037165,127,128.4212692),(6083,36.1037883,127,128.421231),(6084,36.1038377,127,128.4211961),(6085,36.1038815,127,128.4211506),(6086,36.1039196,127,128.4211188),(6087,36.1039723,127,128.4211052),(6088,36.1040214,127,128.4210884),(6089,36.1040748,127,128.4210141),(6090,36.104122,127,128.4209211),(6091,36.1041539,127,128.4208514),(6092,36.1041842,127,128.4207987),(6093,36.104226,127,128.4207447),(6094,36.1042411,127,128.4206775),(6095,36.1041882,127,128.420617),(6096,36.1041353,127,128.4205843),(6097,36.1040942,127,128.4205535),(6098,36.1040606,127,128.4205055),(6099,36.104041,127,128.4204429),(6100,36.1040518,127,128.420338),(6101,36.104033,127,128.4202702),(6102,36.1039718,127,128.4202204),(6103,36.1039165,127,128.4201637),(6104,36.1038674,127,128.4201316),(6105,36.1038216,127,128.4200847),(6106,36.1037797,127,128.4200074),(6107,36.1037572,127,128.4199413),(6108,36.1037295,127,128.4198757),(6109,36.1037163,127,128.419797),(6110,36.1036994,127,128.4197385),(6111,36.1036485,127,128.4197131),(6112,36.1035978,127,128.4196406),(6113,36.1035766,127,128.419583),(6114,36.1035559,127,128.4195213),(6115,36.1035721,127,128.4194347),(6116,36.1035899,127,128.4193768),(6117,36.1036224,127,128.4193212),(6118,36.1036745,127,128.4192598),(6119,36.1037339,127,128.4192127),(6120,36.1037972,127,128.4191833),(6121,36.103829,127,128.4191001),(6122,36.1038384,127,128.4190072),(6123,36.1038711,127,128.4189289),(6124,36.1039131,127,128.4188587),(6125,36.1039429,127,128.4187888),(6126,36.1039795,127,128.4187386),(6127,36.104021,127,128.4186825),(6128,36.1040537,127,128.4186189),(6129,36.1040835,127,128.4185437),(6130,36.1041111,127,128.4184725),(6131,36.1041298,127,128.4183914),(6132,36.104153,127,128.4183209),(6133,36.1041868,127,128.4182616),(6134,36.1042031,127,128.4181916),(6135,36.104173,127,128.418149),(6136,36.10415,127,128.4181325),(6137,36.1040866,127,128.4181711),(6138,36.1040954,127,128.4181508),(6139,36.1041717,127,128.4181831),(6140,36.1041554,127,128.4182089),(6141,36.1037413,128,128.4198507),(6142,36.1038327,128,128.4200266),(6143,36.1039163,128,128.420179),(6144,36.1039705,128,128.4203761),(6145,36.1041022,128,128.420448),(6146,36.1041673,128,128.4206341),(6147,36.1042532,128,128.4207818),(6148,36.1041074,128,128.4209258),(6149,36.1039193,128,128.4210329),(6150,36.1037327,128,128.4211484),(6151,36.1035507,128,128.4212503),(6152,36.1034143,128,128.4214473),(6153,36.1033013,128,128.4216118),(6154,36.1031077,128,128.4216954),(6155,36.1030092,128,128.4215462),(6156,36.1028359,128,128.4217806),(6157,36.1028136,128,128.4220139),(6158,36.1028342,128,128.4220559),(6159,36.1029982,128,128.4219094),(6160,36.1031475,128,128.4217454),(6161,36.1033288,128,128.4215623),(6162,36.1035162,128,128.4213819),(6163,36.1035978,128,128.421284),(6164,36.1037778,128,128.4211892),(6165,36.1039155,128,128.4210371),(6166,36.1040692,128,128.4208954),(6167,36.104226,128,128.420782),(6168,36.104102,128,128.4207244),(6169,36.1040497,128,128.4204724),(6170,36.1039501,128,128.420218),(6171,36.1037775,128,128.4199983),(6172,36.1036762,128,128.4197707),(6173,36.1035991,128,128.419551),(6174,36.1036253,128,128.4193363),(6175,36.1037148,128,128.4190786),(6176,36.1038898,128,128.4188767),(6177,36.103994,128,128.4186789),(6178,36.1040623,128,128.4184355),(6179,36.1041893,128,128.418248),(6180,36.1041158,128,128.4181503),(6181,36.1040154,128,128.4181231),(6182,36.1040079,128,128.4181158),(6183,36.1040766,128,128.4181589),(6184,36.1040869,128,128.4181569),(6185,36.1041961,128,128.4181452),(6186,36.1042038,128,128.4181558),(6187,36.1052135,129,128.4177346),(6188,36.105276,129,128.4177563),(6189,36.1053508,129,128.4177532),(6190,36.1054042,129,128.4177462),(6191,36.1054288,129,128.4177618),(6192,36.1054943,129,128.417735),(6193,36.1055307,129,128.4177863),(6194,36.1055587,129,128.4178978),(6195,36.1055687,129,128.4179493),(6196,36.1055998,129,128.4180699),(6197,36.1056115,129,128.4181512),(6198,36.1056205,129,128.4182033),(6199,36.10564,129,128.4182547),(6200,36.1056649,129,128.4183425),(6201,36.1056749,129,128.4183771),(6202,36.1056815,129,128.4184065),(6203,36.1057065,129,128.4186554),(6204,36.1057097,129,128.4187342),(6205,36.1057126,129,128.4188179),(6206,36.1057198,129,128.4189146),(6207,36.1057218,129,128.4189508),(6208,36.1057354,129,128.4190442),(6209,36.1057429,129,128.4190929),(6210,36.1057523,129,128.419163),(6211,36.1057614,129,128.4192177),(6212,36.1057729,129,128.4192942),(6213,36.1057909,129,128.4193655),(6214,36.1058045,129,128.419435),(6215,36.1058091,129,128.4194517),(6216,36.1059807,129,128.4193009),(6217,36.106017,129,128.4192967),(6218,36.1060774,129,128.4192892),(6219,36.1060875,129,128.4193346),(6220,36.1061009,129,128.4193421),(6221,36.1061933,129,128.4194844),(6222,36.1062317,129,128.4195582),(6223,36.1062663,129,128.4196232),(6224,36.1063129,129,128.4196828),(6225,36.1063658,129,128.4197076),(6226,36.1064473,129,128.4196972),(6227,36.1065148,129,128.4196651),(6228,36.1065767,129,128.4196224),(6229,36.106633,129,128.4195564),(6230,36.1066793,129,128.4194939),(6231,36.1067314,129,128.4194423),(6232,36.1067956,129,128.419404),(6233,36.1068686,129,128.4193868),(6234,36.1069334,129,128.4193702),(6235,36.1069908,129,128.4193247),(6236,36.1070438,129,128.4192531),(6237,36.1070844,129,128.419201),(6238,36.1071318,129,128.419148),(6239,36.1071827,129,128.4190993),(6240,36.1072383,129,128.4190462),(6241,36.1072996,129,128.4189744),(6242,36.1073483,129,128.4189343),(6243,36.1074016,129,128.4189099),(6244,36.1074597,129,128.4188759),(6245,36.1075025,129,128.4188273),(6246,36.1075508,129,128.4187684),(6247,36.1076022,129,128.4187078),(6248,36.1076544,129,128.4186583),(6249,36.1077197,129,128.4186128),(6250,36.107747,129,128.4185774),(6251,36.1077585,129,128.4185533),(6252,36.1078166,129,128.4187437),(6253,36.1077987,129,128.4188251),(6254,36.1077861,129,128.4188984),(6255,36.1078032,129,128.4189349),(6256,36.1078711,129,128.4189288),(6257,36.1079301,129,128.4188855),(6258,36.1079853,129,128.4188463),(6259,36.1080289,129,128.4187927),(6260,36.1080658,129,128.4187201),(6261,36.1081104,129,128.4186451),(6262,36.1081404,129,128.4185813),(6263,36.1081724,129,128.4185275),(6264,36.1082339,129,128.4184824),(6265,36.108318,129,128.418433),(6266,36.1083877,129,128.4184116),(6267,36.1084626,129,128.4184017),(6268,36.1085238,129,128.4183841),(6269,36.1085651,129,128.4183371),(6270,36.10861,129,128.4183024),(6271,36.1086632,129,128.4183218),(6272,36.108698,129,128.4184031),(6273,36.1087328,129,128.4184877),(6274,36.1087711,129,128.4185483),(6275,36.1087877,129,128.4185797),(6276,36.1087886,129,128.4185902),(6277,36.1087285,129,128.4184506),(6278,36.108702,129,128.4184332),(6279,36.1086583,129,128.4184252),(6280,36.1086057,129,128.4184864),(6281,36.1085969,129,128.4184811),(6282,36.1038305,130,128.4189966),(6283,36.1038631,130,128.4189317),(6284,36.1039044,130,128.4188473),(6285,36.1039576,130,128.4187488),(6286,36.1040047,130,128.4186958),(6287,36.1040546,130,128.4186708),(6288,36.1040825,130,128.4186243),(6289,36.1040921,130,128.4185723),(6290,36.1040958,130,128.4185127),(6291,36.1041028,130,128.4184548),(6292,36.1041085,130,128.4183828),(6293,36.1041312,130,128.4183118),(6294,36.1041562,130,128.4182432),(6295,36.1041852,130,128.418181),(6296,36.1041956,130,128.4181194),(6297,36.1042088,130,128.4181066),(6298,36.1042852,130,128.4179389),(6299,36.1043135,130,128.4179133),(6300,36.1043564,130,128.4178935),(6301,36.1043895,130,128.4178598),(6302,36.104444,130,128.4178248),(6303,36.104501,130,128.4178134),(6304,36.1045494,130,128.4178093),(6305,36.1045843,130,128.4178123),(6306,36.1045857,130,128.4178342),(6307,36.1045352,130,128.4178865),(6308,36.1045453,130,128.4178985),(6309,36.1061447,131,128.4196135),(6310,36.1061952,131,128.4196288),(6311,36.1062176,131,128.4196366),(6312,36.1062465,131,128.4196392),(6313,36.1062471,131,128.4196081),(6314,36.1062168,131,128.4195522),(6315,36.1061265,131,128.4194238),(6316,36.1060255,131,128.4193184),(6317,36.1059838,131,128.4192981),(6318,36.1059914,131,128.4193074),(6319,36.1058123,131,128.4193981),(6320,36.1057521,131,128.4194494),(6321,36.1057116,131,128.4195124),(6322,36.1056918,131,128.4195758),(6323,36.1056639,131,128.4196438),(6324,36.1056155,131,128.4197147),(6325,36.105555,131,128.4197503),(6326,36.1055048,131,128.4198186),(6327,36.1054524,131,128.4198716),(6328,36.1053852,131,128.4199013),(6329,36.1053346,131,128.4199336),(6330,36.1053127,131,128.4199707),(6331,36.1052643,131,128.4200111),(6332,36.1052223,131,128.420065),(6333,36.1051757,131,128.4201174),(6334,36.1051288,131,128.4201492),(6335,36.105081,131,128.4201963),(6336,36.1050487,131,128.420275),(6337,36.1049987,131,128.4203259),(6338,36.1049465,131,128.4203224),(6339,36.1048954,131,128.4203557),(6340,36.1048344,131,128.4203717),(6341,36.1047779,131,128.4204103),(6342,36.1047247,131,128.4204455),(6343,36.10468,131,128.4204887),(6344,36.104625,131,128.4205351),(6345,36.1045632,131,128.4205601),(6346,36.1045125,131,128.4206108),(6347,36.1044568,131,128.4206475),(6348,36.1044007,131,128.4206803),(6349,36.1043685,131,128.4207404),(6350,36.1043546,131,128.4208163),(6351,36.1043423,131,128.4208579),(6352,36.1044107,131,128.4208608),(6353,36.1044449,131,128.4208445),(6354,36.1044308,131,128.4208489),(6355,36.1043759,131,128.420822),(6356,36.1043014,131,128.4207269),(6357,36.1042485,131,128.4206715),(6358,36.1041945,131,128.4206166),(6359,36.1041607,131,128.4205426),(6360,36.104129,131,128.4204758),(6361,36.10411,131,128.4204287),(6362,36.1040912,131,128.4203625),(6363,36.1040529,131,128.4203023),(6364,36.1040058,131,128.4202542),(6365,36.1039386,131,128.4202273),(6366,36.1038945,131,128.4201853),(6367,36.1038622,131,128.4201357),(6368,36.1038367,131,128.4200822),(6369,36.1038116,131,128.4200362),(6370,36.1037854,131,128.4199534),(6371,36.103757,131,128.4198955),(6372,36.1037284,131,128.4198582),(6373,36.1036917,131,128.4198027),(6374,36.1036648,131,128.4197459),(6375,36.103637,131,128.4196968),(6376,36.1036059,131,128.4196425),(6377,36.1035722,131,128.4196018),(6378,36.1035427,131,128.4195495),(6379,36.1035235,131,128.4195306),(6380,36.1036444,131,128.4193642),(6381,36.103666,131,128.4192785),(6382,36.1036784,131,128.4191827),(6383,36.1037181,131,128.4191488),(6384,36.1037628,131,128.4191047),(6385,36.1038055,131,128.4190547),(6386,36.1038482,131,128.4190089),(6387,36.1038959,131,128.4189811),(6388,36.103945,131,128.4189452),(6389,36.1039929,131,128.4188931),(6390,36.1040277,131,128.4188453),(6391,36.1040406,131,128.4187771),(6392,36.1040579,131,128.4187342),(6393,36.1040874,131,128.4186792),(6394,36.1040952,131,128.4186188),(6395,36.1041189,131,128.4185378),(6396,36.1041505,131,128.4184606),(6397,36.1041703,131,128.418379),(6398,36.1041917,131,128.4183105),(6399,36.104217,131,128.4182468),(6400,36.1042372,131,128.4181976),(6401,36.1042606,131,128.4181714),(6402,36.1042717,131,128.4181776),(6403,36.1043981,131,128.418044),(6404,36.1044158,131,128.4180123),(6405,36.104427,131,128.417976),(6406,36.1044469,131,128.4179442),(6407,36.1044876,131,128.417906),(6408,36.1045389,131,128.4178653),(6409,36.1045594,131,128.4178717),(6410,36.1044716,131,128.4177808),(6411,36.1044236,131,128.4177894),(6412,36.1043748,131,128.4178127),(6413,36.1043142,131,128.4178217),(6414,36.104268,131,128.4178336),(6415,36.1042376,131,128.417879),(6416,36.1042031,131,128.4179543),(6417,36.1041713,131,128.4180324),(6418,36.1041559,131,128.4181041),(6419,36.1041228,131,128.4181279),(6420,36.1041031,131,128.4181095),(6421,36.103978,131,128.4181587),(6422,36.1039839,131,128.4181627),(6423,36.104039,131,128.418166),(6424,36.1040585,131,128.4181631),(6425,36.1041582,131,128.4181736),(6426,36.1041684,131,128.4181763),(6427,36.104218,131,128.4181646),(6428,36.1041607,131,128.4182008),(6429,36.1041984,131,128.4181606),(6430,36.1041897,131,128.4181607),(6431,36.1042042,131,128.418168),(6432,36.1041974,131,128.4181523),(6433,36.1041944,132,128.4181612),(6434,36.1041943,132,128.4181529),(6435,36.1041883,132,128.4181539),(6436,36.1041808,132,128.4181601),(6437,36.1041936,132,128.4181495),(6438,36.1041967,132,128.4181521),(6439,36.104188,132,128.4181506),(6440,36.1042078,132,128.4181527),(6441,36.1005195,133,128.4261105),(6442,36.1004759,133,128.4261383),(6443,36.1005415,133,128.4261258),(6444,36.1005037,133,128.4261142),(6445,36.1004909,133,128.426122),(6446,36.1004866,133,128.4261426),(6447,36.1003658,133,128.4262228),(6448,36.1002884,133,128.426283),(6449,36.1002397,133,128.4264408),(6450,36.1002803,133,128.4264608),(6451,36.1003296,133,128.4265073),(6452,36.1004038,133,128.4266599),(6453,36.1004952,133,128.42675),(6454,36.1005349,133,128.4268908),(6455,36.1005419,133,128.4269437),(6456,36.1005585,133,128.427061),(6457,36.1005869,133,128.4271309),(6458,36.1006487,133,128.4271503),(6459,36.1006601,133,128.4272981),(6460,36.1006041,133,128.4274335),(6461,36.1005894,133,128.4275429),(6462,36.1005351,133,128.4276623),(6463,36.1004625,133,128.4277442),(6464,36.1004385,133,128.4278477),(6465,36.1004893,133,128.4279015),(6466,36.1005674,133,128.4278165),(6467,36.1006436,133,128.4279203),(6468,36.1006359,133,128.4278951),(6469,36.1004925,133,128.4277382),(6470,36.100385,133,128.4277684),(6471,36.1003207,133,128.4278415),(6472,36.1003097,133,128.427885),(6473,36.1003259,133,128.4278646),(6474,36.1003108,133,128.4278631),(6475,36.1003146,133,128.4278362),(6476,36.1003652,133,128.4278569),(6477,36.1004001,133,128.4278781),(6478,37.5791,134,127.091),(6479,37.5807,134,127.0882),(6480,37.5811,134,127.0845),(6481,37.5814,134,127.0805),(6482,37.5811,134,127.0778),(6483,37.585,134,127.0745),(6484,37.5885,134,127.0718),(6485,37.5915,134,127.0712),(6486,37.5951,134,127.0702),(6487,37.5973,134,127.0703),(6488,37.6016,134,127.0733),(6489,37.6056,134,127.0727),(6490,37.6111,134,127.0722),(6491,37.6153,134,127.0721),(6492,37.6193,134,127.0717),(6493,37.6227,134,127.0706),(6494,37.6252,134,127.0695),(6495,37.628,134,127.066),(6496,37.6302,134,127.065),(6497,37.6323,134,127.0642),(6498,37.6347,134,127.0612),(6499,37.6378,134,127.0594),(6500,37.6401,134,127.0563),(6501,37.6419,134,127.0555),(6502,37.6457,134,127.0564),(6503,37.6477,134,127.0559),(6504,37.6516,134,127.0546),(6505,37.656,134,127.0543),(6506,37.6595,134,127.0526),(6507,37.6621,134,127.0519),(6508,37.664,134,127.0519),(6509,37.666,134,127.0508),(6510,37.6732,134,127.0496),(6511,37.6763,134,127.0505),(6512,37.6807,134,127.0517),(6513,37.6848,134,127.0525),(6514,37.6882,134,127.0509),(6515,37.6913,134,127.0507),(6516,37.6931,134,127.0499),(6517,37.6956,134,127.0498),(6518,37.6931,134,127.0499),(6519,37.6913,134,127.0507),(6520,37.6882,134,127.0509),(6521,37.6848,134,127.0525),(6522,37.6807,134,127.0517),(6523,37.6763,134,127.0505),(6524,37.6732,134,127.0496),(6525,37.666,134,127.0508),(6526,37.664,134,127.0519),(6527,37.6621,134,127.0519),(6528,37.6595,134,127.0526),(6529,37.656,134,127.0543),(6530,37.6516,134,127.0546),(6531,37.6477,134,127.0559),(6532,37.6457,134,127.0564),(6533,37.6419,134,127.0555),(6534,37.6401,134,127.0563),(6535,37.6378,134,127.0594),(6536,37.6347,134,127.0612),(6537,37.6323,134,127.0642),(6538,37.6302,134,127.065),(6539,37.628,134,127.066),(6540,37.6252,134,127.0695),(6541,37.6227,134,127.0706),(6542,37.6193,134,127.0717),(6543,37.6153,134,127.0721),(6544,37.6111,134,127.0722),(6545,37.6056,134,127.0727),(6546,37.6016,134,127.0733),(6547,37.5973,134,127.0703),(6548,37.5951,134,127.0702),(6549,37.5915,134,127.0712),(6550,37.5885,134,127.0718),(6551,37.585,134,127.0745),(6552,37.5811,134,127.0778),(6553,37.5773,134,127.0786),(6554,37.5772,134,127.0804),(6555,37.574,134,127.0801),(6556,37.5742,134,127.081),(6557,37.5768,134,127.0814),(6558,37.5785,134,127.0834),(6559,37.5802,134,127.0848),(6560,37.5795,134,127.0875),(6561,37.5781,134,127.0893),(6562,37.5785,134,127.0911),(6563,36.1047643,135,128.419836),(6564,36.104785,135,128.419821),(6565,36.1049005,135,128.4200314),(6566,36.104932,135,128.42008),(6567,36.1049615,135,128.4201297),(6568,36.1049887,135,128.4201893),(6569,36.1050182,135,128.4202416),(6570,36.1050492,135,128.4202819),(6571,36.1051008,135,128.4202828),(6572,36.1051452,135,128.4202205),(6573,36.1051898,135,128.4201523),(6574,36.1052268,135,128.4200809),(6575,36.1052666,135,128.4200227),(6576,36.1053107,135,128.4199686),(6577,36.105356,135,128.4199369),(6578,36.1053989,135,128.4199166),(6579,36.1054276,135,128.4198958),(6580,36.1054581,135,128.419893),(6581,36.1055024,135,128.4198544),(6582,36.1055466,135,128.4198),(6583,36.1055856,135,128.4197422),(6584,36.105618,135,128.4196806),(6585,36.1056587,135,128.4196268),(6586,36.1057064,135,128.4195907),(6587,36.1057477,135,128.419553),(6588,36.1057659,135,128.419488),(6589,36.1057807,135,128.4194748),(6590,36.1058788,135,128.4197072),(6591,36.1059068,135,128.4197922),(6592,36.1059431,135,128.419859),(6593,36.1059705,135,128.4199373),(6594,36.106006,135,128.4199989),(6595,36.1060668,135,128.4200463),(6596,36.1061336,135,128.4200803),(6597,36.1061818,135,128.4201213),(6598,36.1062171,135,128.4201811),(6599,36.1062487,135,128.4202384),(6600,36.1062905,135,128.4202867),(6601,36.1063212,135,128.420355),(6602,36.1063626,135,128.4203989),(6603,36.106358,135,128.4204043),(6604,36.1064572,135,128.4202801),(6605,36.1064513,135,128.4202758),(6606,36.1064814,135,128.4204703),(6607,36.1064954,135,128.4205696),(6608,36.1065253,135,128.420629),(6609,36.1065804,135,128.4206833),(6610,36.1066358,135,128.4207098),(6611,36.1066774,135,128.4207555),(6612,36.1067165,135,128.4208017),(6613,36.1067598,135,128.4208038),(6614,36.1068004,135,128.4208199),(6615,36.1068281,135,128.4209061),(6616,36.106912,135,128.4209565),(6617,36.1069844,135,128.4209723),(6618,36.1070491,135,128.4210144),(6619,36.1071068,135,128.4210672),(6620,36.1071425,135,128.4211022),(6621,36.1071317,135,128.4211828),(6622,36.1071285,135,128.4212756),(6623,36.1071589,135,128.4213533),(6624,36.1072319,135,128.4213725),(6625,36.1072891,135,128.4214206),(6626,36.1073529,135,128.421479),(6627,36.1074207,135,128.4215188),(6628,36.10747,135,128.4215691),(6629,36.1075203,135,128.4216139),(6630,36.1075683,135,128.4216781),(6631,36.1076241,135,128.4217271),(6632,36.1076785,135,128.4217645),(6633,36.1077257,135,128.4218124),(6634,36.107757,135,128.4218635),(6635,36.1078184,135,128.4219023),(6636,36.107867,135,128.4219644),(6637,36.1079037,135,128.4220177),(6638,36.1079442,135,128.4220646),(6639,36.1079754,135,128.4221191),(6640,36.1080214,135,128.4221776),(6641,36.1080621,135,128.4222251),(6642,36.1081034,135,128.4222749),(6643,36.108145,135,128.4223273),(6644,36.1082065,135,128.4223848),(6645,36.1082532,135,128.4224402),(6646,36.1082912,135,128.4224926),(6647,36.1083388,135,128.422527),(6648,36.1083844,135,128.422527),(6649,36.1084258,135,128.422566),(6650,36.1085027,135,128.4225789),(6651,36.1085743,135,128.4225688),(6652,36.1086457,135,128.4225811),(6653,36.1086966,135,128.4225966),(6654,36.1087658,135,128.4226326),(6655,36.1088261,135,128.4226386),(6656,36.1088949,135,128.4226292),(6657,36.1089578,135,128.4226064),(6658,36.109022,135,128.4225554),(6659,36.109095,135,128.4225041),(6660,36.1091493,135,128.4224851),(6661,36.1091963,135,128.4224763),(6662,36.1092574,135,128.422461),(6663,36.1093193,135,128.4224528),(6664,36.1093739,135,128.4224534),(6665,36.1094331,135,128.422441),(6666,36.1094944,135,128.4224158),(6667,36.1095704,135,128.4224065),(6668,36.1096263,135,128.4224135),(6669,36.1096596,135,128.4223937),(6670,36.1096597,135,128.4223483),(6671,36.1096643,135,128.4223404),(6672,36.1096842,135,128.4222398),(6673,36.1096821,135,128.4222532),(6674,36.1096569,135,128.4223356),(6675,36.1096412,135,128.4223143),(6676,36.1095265,135,128.4222408),(6677,36.1095126,135,128.4222519),(6678,36.1095799,135,128.4222869),(6679,36.1095756,135,128.4222844),(6680,36.1095646,135,128.4221831),(6681,36.109554,135,128.4221851),(6682,36.1094819,135,128.422149),(6683,36.109497,135,128.4221605),(6684,36.1094899,135,128.4221846),(6685,36.109488,135,128.4221569),(6686,36.1096512,135,128.4221747),(6687,36.1096423,135,128.4221965),(6688,36.1095806,135,128.422346),(6689,36.1095729,135,128.4223921),(6690,36.1095647,135,128.4224139),(6691,36.1096136,135,128.4223001),(6692,36.109654,135,128.4223255),(6693,36.10967,135,128.422336),(6694,36.1095993,135,128.4225757),(6695,36.1095538,135,128.422638),(6696,36.1094903,135,128.4226115),(6697,36.1094289,135,128.4225847),(6698,36.1093685,135,128.4225568),(6699,36.1092938,135,128.4225497),(6700,36.1092256,135,128.4225108),(6701,36.1091623,135,128.4224778),(6702,36.1091085,135,128.4224495),(6703,36.1090566,135,128.4224476),(6704,36.1090103,135,128.4224628),(6705,36.1089673,135,128.4224764),(6706,36.1089182,135,128.4224783),(6707,36.1088534,135,128.4224984),(6708,36.1087865,135,128.4225468),(6709,36.1087302,135,128.4225655),(6710,36.1086755,135,128.4225892),(6711,36.1086151,135,128.4225843),(6712,36.1085533,135,128.4225812),(6713,36.1085045,135,128.4225692),(6714,36.1084556,135,128.42253),(6715,36.1084076,135,128.4224959),(6716,36.1083378,135,128.4224908),(6717,36.1082593,135,128.4224976),(6718,36.1082096,135,128.4224687),(6719,36.1081866,135,128.4224102),(6720,36.1081625,135,128.4223585),(6721,36.1081439,135,128.4223086),(6722,36.1081283,135,128.422265),(6723,36.1080962,135,128.4222145),(6724,36.1080369,135,128.4221993),(6725,36.107997,135,128.4221336),(6726,36.1079509,135,128.4220736),(6727,36.1079029,135,128.4220143),(6728,36.1078659,135,128.4219568),(6729,36.1078202,135,128.4219064),(6730,36.1077811,135,128.4218755),(6731,36.1077747,135,128.4218572),(6732,36.1076436,135,128.4217559),(6733,36.1076659,135,128.4217655),(6734,36.1076157,135,128.4215893),(6735,36.1074879,135,128.4214852),(6736,36.1073381,135,128.4213763),(6737,36.1072808,135,128.4213017),(6738,36.1072263,135,128.4212399),(6739,36.1071723,135,128.4212053),(6740,36.107117,135,128.4211727),(6741,36.1070846,135,128.4211127),(6742,36.1070546,135,128.4210633),(6743,36.1070227,135,128.4210178),(6744,36.1069759,135,128.4209765),(6745,36.1069182,135,128.420994),(6746,36.1068793,135,128.4209818),(6747,36.106832,135,128.4209456),(6748,36.1068085,135,128.4208598),(6749,36.1068092,135,128.4207321),(6750,36.1067694,135,128.4206647),(6751,36.106716,135,128.4206218),(6752,36.1066772,135,128.4205748),(6753,36.1066375,135,128.4205223),(6754,36.1065927,135,128.4204741),(6755,36.1065328,135,128.420454),(6756,36.1064576,135,128.4204284),(6757,36.1063884,135,128.4203755),(6758,36.1063474,135,128.4203048),(6759,36.1063386,135,128.4202334),(6760,36.1062977,135,128.4201778),(6761,36.1062482,135,128.42012),(6762,36.1062021,135,128.4200794),(6763,36.1061734,135,128.4200333),(6764,36.1061342,135,128.4199763),(6765,36.1060731,135,128.41992),(6766,36.1060102,135,128.4198912),(6767,36.105971,135,128.4198637),(6768,36.1059589,135,128.4198496),(6769,36.105843,135,128.4197269),(6770,36.1057935,135,128.4196648),(6771,36.1057532,135,128.4196177),(6772,36.1057116,135,128.4195725),(6773,36.1056426,135,128.4195977),(6774,36.1055984,135,128.4196644),(6775,36.1055556,135,128.4197341),(6776,36.1055169,135,128.4198006),(6777,36.1054705,135,128.4197957),(6778,36.1054223,135,128.4197499),(6779,36.105398,135,128.4196506),(6780,36.1053916,135,128.4195491),(6781,36.1053829,135,128.4194633),(6782,36.1053627,135,128.4193886),(6783,36.105351,135,128.4193221),(6784,36.1053274,135,128.419256),(6785,36.1053207,135,128.4191888),(6786,36.1053259,135,128.4191096),(6787,36.1053277,135,128.4190261),(6788,36.1053191,135,128.4189553),(6789,36.1053225,135,128.4188878),(6790,36.1053168,135,128.4188242),(6791,36.1052898,135,128.4187538),(6792,36.1052615,135,128.4186807),(6793,36.1052416,135,128.4186135),(6794,36.105238,135,128.41853),(6795,36.1051998,135,128.4184571),(6796,36.1051895,135,128.4183934),(6797,36.1051852,135,128.4183154),(6798,36.1051784,135,128.4182411),(6799,36.1051659,135,128.4181579),(6800,36.1051574,135,128.4180692),(6801,36.1051165,135,128.4179987),(6802,36.1050777,135,128.41794),(6803,36.1050592,135,128.4178716),(6804,36.1049943,135,128.4178441),(6805,36.104904,135,128.4178786),(6806,36.104829,135,128.4178803),(6807,36.104765,135,128.4178686),(6808,36.1047002,135,128.4178513),(6809,36.1046585,135,128.4178302),(6810,36.104613,135,128.4178028),(9001,36.1063242,83,128.4197415),(9002,36.1061172,83,128.4198976),(9003,36.1060269,83,128.4199009),(9004,36.1058089,83,128.4200961),(9005,36.1056787,83,128.4201265),(9006,36.1052094,83,128.4205272),(9007,36.105059,83,128.4207312),(9008,36.1044717,83,128.4212076),(9009,36.1038916,83,128.4218343),(9010,36.1033261,83,128.4222482),(9011,36.1028285,83,128.422734),(9012,36.1027694,83,128.4228274),(9013,36.1024088,83,128.4231232),(9014,36.1023544,83,128.4232328),(9015,36.1017402,83,128.4237022),(9016,36.1016131,83,128.423894),(9017,36.1011808,83,128.4242542),(9018,36.1009205,83,128.424429),(9019,36.1007968,83,128.4245942),(9020,36.1007002,83,128.4246431),(9021,36.1002907,83,128.4250533),(9022,36.0998492,83,128.4254152),(9023,36.0995053,83,128.4258287),(9024,36.0993833,83,128.4258832),(9025,36.0992705,83,128.4255973),(9026,36.0992929,83,128.4254697),(9027,36.1001018,83,128.4246978),(9028,36.1008423,83,128.423983),(9029,36.1012266,83,128.4236848),(9030,36.1015864,83,128.423311),(9031,36.1019483,83,128.423073),(9032,36.1020274,83,128.4229521),(9033,36.1024572,83,128.4225758),(9034,36.1029158,83,128.4222232),(9035,36.1034079,83,128.4217739),(9036,36.1036679,83,128.421415),(9037,36.1040216,83,128.4211666),(9038,36.1040854,83,128.4209319),(9039,36.1042511,83,128.420717),(9040,36.1039905,83,128.420399),(9041,36.1036638,83,128.4198063),(9042,36.103452,83,128.4195409),(9043,36.1037859,83,128.4190345),(9044,36.1039641,83,128.418878),(9045,36.1042409,83,128.4182554),(9046,36.1040785,83,128.4182093),(9047,35.3576481,137,129.3410365),(9048,35.3576722,137,129.3406098),(9049,35.3576194,137,129.3403674),(9050,35.3574775,137,129.3401523),(9051,35.3573549,138,129.3393285),(9052,35.3573483,138,129.3386418),(9053,35.3573461,138,129.3380333),(9054,35.3572674,138,129.3373476),(9055,35.3573207,138,129.3368312),(9056,35.3572913,138,129.3365013),(9057,35.3574942,138,129.3364557),(9058,35.357682,138,129.3362691),(9059,35.3577112,138,129.3361292),(9060,35.357915,138,129.3358151),(9061,35.3579677,138,129.335485),(9062,35.3579425,138,129.3352472),(9063,35.3581665,138,129.3346546),(9064,35.3581624,138,129.334619),(9065,35.3583518,139,129.3343246),(9066,35.3585617,139,129.3340889),(9067,35.3590741,139,129.3343419),(9068,35.359297,139,129.3345182),(9069,36.1055711,141,128.4197668),(9070,36.1057157,141,128.419594),(9071,36.1058102,141,128.4196879),(9072,36.1060375,141,128.4200898),(9073,36.1062515,141,128.4201444),(9074,36.1064927,141,128.4203718),(9075,36.1065364,141,128.4204974),(9076,36.1064937,141,128.4206571),(9077,36.1065299,141,128.4208577),(9078,36.1069727,141,128.4209913),(9079,36.107073,141,128.4209978),(9080,36.1071848,141,128.421166),(9081,36.1071856,141,128.4213036),(9082,36.1070074,141,128.4218701),(9083,36.1069625,141,128.4221841),(9084,36.1070799,141,128.4225746),(9085,36.1069569,141,128.4228886),(9086,36.1069636,141,128.423127),(9087,36.1069277,141,128.4232377),(9088,36.106996,141,128.4227079),(9089,36.1069628,141,128.422588),(9090,36.107009,141,128.4224647),(9091,36.1070643,141,128.4222734),(9092,36.1069812,141,128.4219135),(9093,36.1070005,141,128.4217794),(9094,36.1069951,141,128.4215716),(9095,36.1070292,141,128.4214647),(9096,36.1072057,141,128.4214038),(9097,36.1073333,141,128.4215285),(9098,36.1074312,141,128.4215585),(9099,36.1076202,141,128.4218811),(9100,36.1077383,141,128.4219826),(9101,36.1079246,141,128.4226284),(9102,36.1080572,141,128.4226897),(9103,36.1081212,141,128.4227852),(9104,36.1079284,141,128.4223819),(9105,36.1081026,141,128.4222749),(9106,36.1079061,141,128.4220962),(9107,36.1079749,141,128.422018),(9108,36.1079724,141,128.4220082),(9109,36.1062006,142,128.420114),(9110,36.1065121,142,128.4204137),(9111,36.1065082,142,128.420802),(9112,36.1070216,142,128.4209638),(9113,36.1071524,142,128.4211051),(9114,36.1071744,142,128.421314),(9115,36.1069815,142,128.4219126),(9116,36.106994,142,128.4222926),(9117,36.1070758,142,128.4225245),(9118,36.1069656,142,128.4228667),(9119,36.1069282,142,128.4232486),(9120,36.1070168,142,128.4224427),(9121,36.1070626,142,128.4222865),(9122,36.1069893,142,128.4215846),(9123,36.1070355,142,128.4214846),(9124,36.1071689,142,128.4214209),(9125,36.1074255,142,128.4215553),(9126,36.10775,142,128.422087),(9127,36.1078852,142,128.4225298),(9128,36.1081168,142,128.4228074),(9129,36.1079255,142,128.4224011),(9130,36.1080412,142,128.4222197),(9131,36.1078939,142,128.4220132),(9132,36.10799,142,128.4219946),(9133,36.10796,142,128.4220322),(9134,36.1046111,140,128.4178044),(9135,36.1048036,140,128.4178616),(9136,36.1049897,140,128.4178422),(9137,36.1050883,140,128.4180104),(9138,36.1051676,140,128.418094),(9139,36.1052065,140,128.4182395),(9140,36.1051673,140,128.4184005),(9141,36.1052163,140,128.4185492),(9142,36.1051989,140,128.4187404),(9143,36.1052527,140,128.4188337),(9144,36.1053605,140,128.4192111),(9145,36.1053409,140,128.4193757),(9146,36.1054143,140,128.4195728),(9147,36.1054211,140,128.4198653),(9148,36.1055147,140,128.419878),(9149,36.1056151,140,128.4197881),(9150,36.1056722,140,128.419675),(9151,36.1057633,140,128.4196365),(9152,36.1059644,140,128.4199599),(9153,36.1061469,140,128.4201013),(9154,36.1062175,140,128.4202329),(9155,36.1064727,140,128.4204061),(9156,36.1065778,140,128.4206448),(9157,36.1068298,140,128.4207203),(9158,36.1070301,140,128.4209647),(9159,36.1071613,140,128.4212829),(9160,36.1070056,140,128.4215713),(9161,36.1069882,140,128.4217019),(9162,36.1069727,140,128.4218417),(9163,36.1069092,140,128.4219255),(9164,36.1070492,140,128.4224595),(9165,36.106972,140,128.4230552),(9166,36.1069617,140,128.4231948),(9167,36.1069684,140,128.4225987),(9168,36.1070821,140,128.4223594),(9169,35.3563862,143,129.3352379),(9170,35.3563637,143,129.3350798),(9171,35.3562717,143,129.3350468),(9172,35.3561781,143,129.3351644),(9173,35.3561711,143,129.3354692),(9174,35.3562142,143,129.3355709),(9175,35.3563087,143,129.335625),(9176,35.3564306,143,129.3358038),(9177,35.3565792,143,129.3360235),(9178,35.3566283,143,129.3363119),(9179,35.3566272,143,129.3369302),(9180,35.3567077,143,129.3370815),(9181,35.3567549,143,129.3373675),(9182,35.356837,143,129.3383198),(9183,35.3569569,143,129.3388212),(9184,35.3570133,143,129.3389094),(9185,35.3571003,143,129.3389558),(9186,35.3571944,143,129.3389283),(9187,35.3572484,143,129.3379679),(9188,35.3571648,143,129.3375362),(9189,35.3570934,143,129.3374223),(9190,35.3570829,143,129.3372908),(9191,35.3571187,143,129.3370468),(9192,35.356963,143,129.3365615),(9193,35.3569393,143,129.3362371),(9194,35.3567813,143,129.3357467),(9195,35.3565959,143,129.3353383),(9196,35.3565808,143,129.3349625),(9197,35.356472,143,129.3349217),(9198,35.3562204,143,129.33505),(9199,35.3562984,143,129.3356836),(9200,35.3563376,143,129.335686),(9201,36.1019643,144,128.4201181),(9202,36.1020973,144,128.4201924),(9203,36.1022939,144,128.4201626),(9204,36.1022889,144,128.4201781),(9205,36.1023047,145,128.4201818),(9206,36.1028023,145,128.4202027),(9207,36.1032897,145,128.4200869),(9208,36.1033921,145,128.4200946),(9209,36.1035937,145,128.4204302),(9210,36.103752,145,128.4205178),(9211,36.1040164,145,128.4204456),(9212,36.1042631,145,128.4207881),(9213,36.1043945,145,128.4207696),(9214,36.104593,145,128.4206051),(9215,36.1047679,145,128.4205531),(9216,36.1050679,145,128.4202351),(9217,36.105265,145,128.4201544),(9218,36.1053909,145,128.4200718),(9219,36.1054374,145,128.4199529),(9220,36.1055966,145,128.4198024),(9221,36.1056893,145,128.4196961),(9222,36.1058019,145,128.4196792),(9223,36.1060405,145,128.4200514),(9224,36.1064397,145,128.4203143),(9225,36.1069011,145,128.4202647),(9226,36.1063565,145,128.4202752),(9227,36.1064591,145,128.4202315),(9228,36.1064025,145,128.4203241),(9229,36.1067252,145,128.4207264),(9230,36.1067995,145,128.4208403),(9231,36.106941,145,128.4208929),(9232,36.1071864,145,128.4212395),(9233,36.1072375,145,128.4214007),(9234,36.1076225,145,128.4217558),(9235,36.1077693,145,128.4220377),(9236,36.1078606,145,128.4220107),(9237,36.1079463,145,128.4221955),(9238,36.1079299,145,128.422605),(9239,36.1080211,145,128.422646),(9240,36.1082742,145,128.4227075),(9241,36.1083783,145,128.4228433),(9242,36.1087737,145,128.4226484),(9243,36.1088499,145,128.4227434),(9244,36.1089674,145,128.4227657),(9245,36.1083951,145,128.4227677),(9246,36.1083149,145,128.4226067),(9247,36.1080853,145,128.4226746),(9248,36.1079889,145,128.422611),(9249,36.1079312,145,128.4224342),(9250,36.1078314,145,128.4220958),(9251,36.1079118,145,128.4220264),(9252,36.1078151,145,128.4218948),(9253,36.1073114,145,128.4214285),(9254,36.1072512,145,128.4213168),(9255,36.1071245,145,128.4212158),(9256,36.1069706,145,128.4208961),(9257,36.10663,145,128.4204161),(9258,36.1065199,145,128.4204155),(9259,36.1064446,145,128.4203319),(9260,36.1063505,145,128.4203041),(9261,36.1061093,145,128.4198427),(9262,36.1060225,145,128.4197899),(9263,36.1060041,145,128.4199101),(9264,36.1057829,145,128.4196044),(9265,36.1056732,145,128.4195325),(9266,36.1055751,145,128.4195391),(9267,36.1054784,145,128.4196889),(9268,36.1053416,145,128.4197619),(9269,36.1049468,145,128.4202646),(9270,36.1046531,145,128.4195801),(9271,36.1041946,145,128.4193949),(9272,36.1040578,145,128.4194131),(9273,36.1037261,145,128.4196963),(9274,36.1035218,145,128.4195138),(9275,36.1029251,145,128.4196212),(9276,36.1027834,145,128.4195593),(9277,36.1026974,145,128.4195967),(9278,36.1021629,145,128.4196087),(9279,36.1020724,145,128.4195919),(9280,36.1018258,145,128.4197044),(9281,36.1017778,145,128.4200285),(9282,36.1015925,145,128.4200063),(9283,36.101514,145,128.4200847),(9284,36.1015406,145,128.420242),(9285,36.1015459,145,128.4202462),(9286,35.94439,146,128.5502852),(9287,35.9444334,146,128.5504164),(9288,35.9444095,146,128.550872),(9289,35.9432367,146,128.5507053),(9290,35.9427415,146,128.5506541),(9291,35.9416917,146,128.5505088),(9292,35.9405216,146,128.5502822),(9293,35.9427438,146,128.5507828),(9294,35.9443806,146,128.5509929),(9295,35.9463584,146,128.5512776),(9296,35.9465789,146,128.551345),(9297,35.9465463,146,128.5513265),(9298,35.9465439,147,128.5513343),(9299,35.9479852,147,128.5518905),(9300,35.9497674,147,128.5526464),(9301,35.9517258,147,128.5535231),(9302,35.9532893,147,128.5542078),(9303,35.9546731,147,128.5548171),(9304,35.9554814,147,128.5549748),(9305,35.956721,147,128.5547405),(9306,35.9572556,147,128.5545248),(9307,35.9581715,147,128.5539512),(9308,35.959055,147,128.5533582),(9309,35.9599341,147,128.5524591),(9310,35.9609455,147,128.5516607),(9311,35.9620453,147,128.5513688),(9312,35.9636134,147,128.5514875),(9313,35.9653341,147,128.5515884),(9314,35.9670131,147,128.551718),(9315,35.9693991,147,128.5519034),(9316,35.970642,147,128.5520817),(9317,35.9715795,147,128.5523177),(9318,35.9739605,147,128.5531443),(9319,35.9756679,147,128.5537217),(9320,35.9767193,147,128.5540904),(9321,35.9783843,147,128.5546775),(9322,35.9802397,147,128.5553324),(9323,35.9806428,147,128.5554858),(9324,35.9806046,147,128.555531),(9325,37.5747536,148,127.0808324),(9326,37.574209,148,127.0809645),(9327,37.5741611,148,127.0802958),(9328,37.574246,148,127.0801472),(9329,37.5742948,148,127.0798721),(9330,37.5744238,148,127.0797764),(9331,37.5755097,148,127.0797787),(9332,37.5760698,148,127.0796367),(9333,37.5763735,148,127.0791498),(9334,37.5768113,148,127.079001),(9335,37.5768364,148,127.078889),(9336,37.5763874,148,127.0788282),(9337,37.5762807,148,127.0786214),(9338,37.5752761,148,127.0787355),(9339,37.5743392,148,127.0788538),(9340,37.5733672,148,127.0789413),(9341,37.5724083,148,127.0789537),(9342,37.5717033,148,127.078908),(9343,37.5715725,148,127.0790219),(9344,37.5714508,148,127.0790615),(9345,37.5704149,148,127.0787778),(9346,37.5695085,148,127.0784106),(9347,37.5687657,148,127.0780122),(9348,37.5681061,148,127.0776081),(9349,37.5672498,148,127.077187),(9350,37.5663477,148,127.0767019),(9351,37.5654301,148,127.0761822),(9352,37.5650797,148,127.0759415),(9353,37.5650837,148,127.0757212),(9354,37.5649653,148,127.0755757),(9355,37.5640326,148,127.0751077),(9356,37.5631205,148,127.0745832),(9357,37.5622685,148,127.0741335),(9358,37.5614177,148,127.0736736),(9359,37.5604805,148,127.0730923),(9360,37.5596352,148,127.0724973),(9361,37.5588286,148,127.071811),(9362,37.5580719,148,127.0711575),(9363,37.5573236,148,127.0704282),(9364,37.5566167,148,127.0697106),(9365,37.5565068,148,127.0696514),(9366,37.5573454,148,127.0704675),(9367,37.558187,148,127.0712982),(9368,37.5590946,148,127.0720361),(9369,37.5598551,148,127.0726307),(9370,37.5607359,148,127.0732446),(9371,37.5616616,148,127.0738213),(9372,37.5625727,148,127.0743091),(9373,37.5634615,148,127.0747887),(9374,37.5643911,148,127.0753069),(9375,37.5650816,148,127.075691),(9376,37.5651024,148,127.07591),(9377,37.5651721,148,127.0760647),(9378,37.5659993,148,127.0765248),(9379,37.5669126,148,127.0770086),(9380,37.5674791,148,127.0772402),(9381,37.5675941,148,127.0770906),(9382,37.5675963,148,127.0771093),(9383,36.0639359,149,128.5374782),(9384,36.0656282,149,128.537564),(9385,36.0672376,149,128.5379219),(9386,36.0689105,149,128.5383592),(9387,36.0698026,149,128.538571),(9388,36.0714711,149,128.5389668),(9389,36.0729739,149,128.5393135),(9390,36.0745908,149,128.5395584),(9391,36.0760849,149,128.5394006),(9392,36.0775305,149,128.5392671),(9393,36.0791436,149,128.5390714),(9394,36.0805282,149,128.5390089),(9395,36.0821951,149,128.538728),(9396,36.0841421,149,128.5385147),(9397,36.0850763,149,128.5384116),(9398,36.0860593,149,128.5383035),(9399,36.0869754,149,128.53782),(9400,36.0877035,149,128.5369413),(9401,36.0882999,149,128.5360928),(9402,36.0891848,149,128.5355934),(9403,36.0902837,149,128.5353698),(9404,36.0912556,149,128.5351403),(9405,36.0921311,149,128.5348032),(9406,36.0930138,149,128.5341939),(9407,36.0941404,149,128.5333672),(9408,36.0949093,149,128.5327828),(9409,36.0960756,149,128.5318305),(9410,36.0968403,149,128.5310957),(9411,36.0975498,149,128.5301761),(9412,36.098244,149,128.5293086),(9413,36.098886,149,128.5284704),(9414,36.0995646,149,128.5275594),(9415,36.1001905,149,128.5266886),(9416,36.1006545,149,128.5255434),(9417,36.1008414,149,128.5243458),(9418,36.1007897,149,128.5232306),(9419,36.1006448,149,128.5220684),(9420,36.1005081,149,128.5208522),(9421,36.1005866,149,128.5195617),(9422,36.1008625,149,128.5184085),(9423,36.1013391,149,128.5174109),(9424,36.1019017,149,128.5165131),(9425,36.1024886,149,128.5162346),(9426,36.1027712,149,128.516772),(9427,36.1023973,149,128.5173445),(9428,36.1017921,149,128.5171592),(9429,36.1009781,149,128.5153176),(9430,36.100644,149,128.5140754),(9431,36.100625,149,128.5127696),(9432,36.1008155,149,128.51148),(9433,36.1006891,149,128.5101949),(9434,36.1003693,149,128.5090259),(9435,36.1000926,149,128.5069537),(9436,36.0994515,149,128.5050252),(9437,36.0987591,149,128.5028727),(9438,36.0983259,149,128.500987),(9439,36.0987445,149,128.4990128),(9440,36.0991712,149,128.4971089),(9441,36.0993162,149,128.4960081),(9442,36.0995284,149,128.4948778),(9443,36.0997718,149,128.4932279),(9444,36.0998073,149,128.49232),(9445,36.0994869,149,128.4909681),(9446,36.0990203,149,128.4894412),(9447,36.0988367,149,128.4886183),(9448,36.0986566,149,128.4859631),(9449,36.0984166,149,128.4842759),(9450,36.0979684,149,128.4825217),(9451,36.0975537,149,128.4806979),(9452,36.09781,149,128.4789545),(9453,36.0980534,149,128.4771225),(9454,36.0980625,149,128.4756945),(9455,36.0978423,149,128.4740674),(9456,36.0969282,149,128.4724842),(9457,36.096524,149,128.4714132),(9458,36.0961471,149,128.4702263),(9459,36.0958498,149,128.4691005),(9460,36.0955514,149,128.4679774),(9461,36.0952971,149,128.4668332),(9462,36.0949939,149,128.465702),(9463,36.0947419,149,128.4645601),(9464,36.0944919,149,128.4633987),(9465,36.0940812,149,128.4613989),(9466,36.093798,149,128.4602496),(9467,36.0933664,149,128.4585984),(9468,36.0929807,149,128.4568977),(9469,36.0925873,149,128.455308),(9470,36.0924499,149,128.4545715),(9471,36.0924534,149,128.4534024),(9472,36.0924453,149,128.4532651),(9473,36.0924587,150,128.4532362),(9474,36.0923783,150,128.4518271),(9475,36.0924797,150,128.4493),(9476,36.0925985,150,128.447305),(9477,36.0928062,150,128.4449726),(9478,36.0929123,150,128.4432757),(9479,36.0930314,150,128.4418301),(9480,36.0931626,150,128.4402144),(9481,36.0932892,150,128.4385828),(9482,36.093457,150,128.4370078),(9483,36.0937963,150,128.4353094),(9484,36.0941962,150,128.433966),(9485,36.0943461,150,128.4334883),(9486,36.0948329,150,128.4320506),(9487,36.0950555,150,128.4314549),(9488,36.0951867,150,128.4313925),(9489,36.0951406,150,128.431648),(9490,36.0952844,150,128.431766),(9491,36.0954934,150,128.4317001),(9492,36.0955298,150,128.4315876),(9493,36.095547,150,128.4314659),(9494,36.0950787,150,128.4310916),(9495,36.0960343,150,128.4297491),(9496,36.0970744,150,128.4285187),(9497,36.0982745,150,128.4271124),(9498,36.0991706,150,128.4259735),(9499,36.0991694,150,128.4259309),(9500,36.0991841,151,128.4259274),(9501,36.100516,151,128.4247175),(9502,36.1016583,151,128.4236222),(9503,36.1023532,151,128.4229882),(9504,36.1024892,151,128.4227382),(9505,36.1019086,151,128.421532),(9506,36.1015641,151,128.4209205),(9507,36.101306,151,128.4206622),(9508,36.1009913,151,128.4200984),(9509,36.1010852,151,128.4198767),(9510,36.1012904,151,128.4197223),(9511,36.101342,151,128.4195042),(9512,36.1013138,151,128.4192925),(9513,36.1013966,151,128.4192195),(9514,36.1016639,151,128.4191862),(9515,36.1015652,151,128.4192848),(9516,36.1015531,151,128.4192851),(9517,36.1028066,152,128.4191477),(9518,36.1033618,152,128.4190896),(9519,36.1034551,152,128.4190519),(9520,36.1037071,152,128.4192133),(9521,36.1040304,152,128.4192633),(9522,36.1040951,152,128.4193412),(9523,36.1042407,152,128.4194074),(9524,36.1043884,152,128.4196317),(9525,36.1045935,152,128.4197223),(9526,36.1050447,152,128.4197899),(9527,36.1053942,152,128.4195433),(9528,36.1054385,152,128.4196453),(9529,36.1054348,152,128.4197873),(9530,36.1056227,152,128.419704),(9531,36.1058118,152,128.41973),(9532,36.1060553,152,128.4195945),(9533,36.1061067,152,128.4194301),(9534,36.1063461,152,128.4195862),(9535,36.1066584,152,128.4195106),(9536,36.1071438,152,128.4189069),(9537,36.1073801,152,128.41885),(9538,36.1076376,152,128.4185315),(9539,36.1078029,152,128.4185633),(9540,36.1079705,153,128.4182707),(9541,36.1079262,153,128.4185655),(9542,36.1077281,153,128.4189824),(9543,36.10761,153,128.4189793),(9544,36.1075263,153,128.4188364),(9545,36.1074014,153,128.4187574),(9546,36.1072894,153,128.4187806),(9547,36.1068004,153,128.4191327),(9548,36.1064524,153,128.419464),(9549,36.1063739,153,128.4196279),(9550,36.1061912,153,128.4197602),(9551,36.1061272,153,128.4198676),(9552,36.1059253,153,128.4199428),(9553,36.1059988,153,128.4198432),(9554,36.1058923,153,128.4196942),(9555,36.105529,153,128.4196834),(9556,36.105424,153,128.4196976),(9557,36.1053445,153,128.4195882),(9558,36.1052663,153,128.4195308),(9559,36.1050151,153,128.4197595),(9560,36.1048945,153,128.4197666),(9561,36.1045555,153,128.4195058),(9562,36.104408,153,128.419491),(9563,36.1042784,153,128.4193783),(9564,36.1040643,153,128.4192672),(9565,36.1036787,153,128.4192195),(9566,36.1035669,153,128.419054),(9567,36.1034222,153,128.4190334),(9568,36.1029738,153,128.4191496),(9569,36.1025514,153,128.4191777),(9570,36.1024422,153,128.4190917),(9571,36.1018725,153,128.4191297),(9572,36.1016293,153,128.4192237),(9573,36.1087468,154,128.4184293),(9574,36.1088411,154,128.418704),(9575,36.1085672,154,128.4189892),(9576,36.1084563,154,128.4190513),(9577,36.1081556,154,128.4195013),(9578,36.108011,154,128.41954),(9579,36.1074727,154,128.4188368),(9580,36.1073246,154,128.4187657),(9581,36.1068368,154,128.4192785),(9582,36.1062349,154,128.4195549),(9583,36.1059759,154,128.4192912),(9584,36.1017611,155,128.4192045),(9585,36.1022076,155,128.4191089),(9586,36.1024553,155,128.4191448),(9587,36.1025635,155,128.4190792),(9588,36.1026076,155,128.4187462),(9589,36.1029866,155,128.418415),(9590,36.103157,155,128.4183551),(9591,36.1033598,155,128.4181486),(9592,36.1035561,155,128.418052),(9593,36.1036955,155,128.4178678),(9594,36.1042695,155,128.4177248),(9595,36.1046463,155,128.4177919),(9596,36.1047958,155,128.4184238),(9597,36.1048082,155,128.4186375),(9598,36.1047549,155,128.4195366),(9599,36.1047118,155,128.4196889),(9600,36.1042624,156,128.4200464),(9601,36.1041328,156,128.4201191),(9602,36.1037795,156,128.4204453),(9603,36.1033027,156,128.420837),(9604,36.103054,156,128.4210546),(9605,36.1025048,156,128.4209343),(9606,36.1023911,156,128.4209957),(9607,36.1021454,156,128.4209645),(9608,36.1020591,156,128.420898),(9609,36.1019394,156,128.4208641),(9610,36.1018087,156,128.4205507),(9611,36.1016876,156,128.4205427),(9612,36.101546,156,128.4206002),(9613,36.101434,156,128.4206923),(9614,36.1013091,156,128.4206179),(9615,36.1011291,156,128.4203342),(9616,36.1011527,156,128.4198911),(9617,36.1014694,156,128.4193334),(9618,36.1015643,156,128.4193192),(9619,36.104153,157,128.4182436),(9620,36.1041376,157,128.4186617),(9621,36.1039908,157,128.4187569),(9622,36.1038653,157,128.4190421),(9623,36.1035102,157,128.4195946),(9624,36.1040543,157,128.420413),(9625,36.1042308,157,128.4208059),(9626,36.1043445,157,128.4208845),(9627,36.1048806,157,128.4203819),(9628,36.1054692,157,128.4199685),(9629,36.1057106,157,128.4196312),(9630,36.1056835,157,128.4193146),(9631,36.1059861,157,128.4200575),(9632,36.10635,157,128.4203455),(9633,36.1063806,157,128.4204568),(9634,36.1063741,157,128.4203288),(9635,36.1060742,157,128.4198003),(9636,36.1059696,157,128.419863),(9637,36.1057971,157,128.4195622),(9638,36.1050423,157,128.4202429),(9639,36.1046651,157,128.4196532),(9640,36.1044326,157,128.4194932),(9641,36.1042136,157,128.4194835),(9642,36.1037717,157,128.4197269),(9643,36.1036304,157,128.4196841),(9644,36.1036287,157,128.419453),(9645,36.1015413,159,128.4202747),(9646,36.1015421,159,128.4202646),(9647,36.10795,160,128.4186431),(9648,36.1079018,160,128.418792),(9649,36.1077973,160,128.4189054),(9650,36.1075645,160,128.419049),(9651,36.1073625,160,128.4193169),(9652,36.1070395,160,128.4195114),(9653,36.1069475,160,128.4196275),(9654,36.1068658,160,128.4197419),(9655,36.1066198,160,128.4198824),(9656,36.1070209,160,128.4195252),(9657,36.1074779,160,128.4192229),(9658,36.1076594,160,128.418987),(9659,36.1078163,160,128.4188124),(9660,36.1079362,160,128.4187464),(9661,36.1082805,160,128.4184396),(9662,36.1084377,160,128.4183937),(9663,36.1085892,160,128.4181889),(9664,36.108887,160,128.4180583),(9665,36.1091282,160,128.4180655),(9666,36.1085945,160,128.4181043),(9667,36.1090745,160,128.4180026),(9668,36.1091262,160,128.4180577),(9669,36.1079624,161,128.4179048),(9670,36.1079415,161,128.4186345),(9671,36.1077858,161,128.4187815),(9672,36.1073357,161,128.4192508),(9673,36.1072661,161,128.4193331),(9674,36.107166,161,128.4194004),(9675,36.1070423,161,128.4196286),(9676,36.1069523,161,128.4196253),(9677,36.1066991,161,128.4198211),(9678,36.1072259,161,128.4194882),(9679,36.1072964,161,128.4193796),(9680,36.1076864,161,128.4190614),(9681,36.1079451,161,128.4187534),(9682,36.1083611,161,128.4184214),(9683,36.1086238,161,128.41816),(9684,36.1087729,161,128.4180495),(9685,36.1090554,161,128.4180865),(9686,36.1091511,161,128.4180565),(9687,36.10875,161,128.4180826),(9688,36.1086069,161,128.4181755),(9689,36.1087707,161,128.4180665),(9690,36.109082,161,128.4180585),(9691,36.1091709,161,128.4179782),(9692,36.1091829,161,128.4179957),(9693,36.1090133,162,128.4180318),(9694,36.1088433,162,128.4180778),(9695,36.1086498,162,128.4180419),(9696,36.1083814,162,128.4183074),(9697,36.1082919,162,128.4185319),(9698,36.1078653,162,128.4187338),(9699,36.1077689,162,128.418846),(9700,36.1078034,162,128.418645),(9701,36.1076344,162,128.4184395),(9702,36.1070375,162,128.4190356),(9703,36.1067057,162,128.4192785),(9704,36.1064319,162,128.4196153),(9705,36.1062013,162,128.419619),(9706,36.1064065,162,128.4195664),(9707,36.1063119,162,128.4196073),(9708,36.105948,162,128.4192968),(9709,36.1051646,162,128.4201059),(9710,36.1050202,162,128.4202404),(9711,36.1048781,162,128.4200813),(9712,36.1045552,162,128.4195142),(9713,36.1043371,162,128.4194083),(9714,36.1042448,162,128.4192534),(9715,36.1037394,162,128.4191912),(9716,36.1040814,162,128.4186776),(9717,36.1042628,162,128.418245),(9718,36.1041085,162,128.4181246),(9719,36.1040655,162,128.4179749),(9720,36.1041253,162,128.418101),(9721,36.1042001,162,128.418147),(9722,36.1017332,164,128.4192535),(9723,36.1016373,164,128.4192785),(9724,36.1025089,164,128.4190655),(9725,36.1025093,164,128.4189005),(9726,36.1026076,164,128.4187244),(9727,36.1027571,164,128.4185964),(9728,36.1035594,164,128.4179765),(9729,36.103811,164,128.4177933),(9730,36.1042828,164,128.4177718),(9731,36.1043374,164,128.4180194),(9732,36.1037971,164,128.4190563),(9733,36.1036197,164,128.419368),(9734,36.1035691,164,128.4196371),(9735,36.1040832,164,128.4205572),(9736,36.1083666,165,128.4251506),(9737,36.1080385,165,128.4255359),(9738,36.1078999,165,128.4252011),(9739,36.1078478,165,128.4245326),(9740,36.1097531,165,128.4245345),(9741,36.1105437,165,128.4245056),(9742,36.1106333,165,128.4247374),(9743,36.1106115,165,128.4254585),(9744,36.1088369,165,128.4255689),(9745,36.107565,165,128.4255762),(9746,36.1063077,165,128.4255448),(9747,36.1001011,166,128.3998792),(9748,36.1002433,166,128.4000724),(9749,36.1001639,166,128.3998822),(9750,36.1000534,166,128.3998884),(9751,36.1001577,166,128.3998356),(9752,36.1002932,166,128.3999303),(9753,36.1004144,166,128.4001335),(9754,36.1004952,166,128.4001864),(9755,36.1006499,166,128.4004437),(9756,36.1006846,166,128.4006864),(9757,36.1005448,166,128.4009267),(9758,36.1001337,166,128.4011383),(9759,36.0998243,166,128.4014794),(9760,36.0999125,166,128.4014256),(9761,36.1003351,166,128.4004848),(9762,36.1008252,166,128.400702),(9763,36.1014306,166,128.401106),(9764,36.1014764,166,128.4011072),(9765,36.1001737,167,128.3998243),(9766,36.1002851,167,128.3998836),(9767,36.1002166,167,128.3997881),(9768,36.1000831,167,128.3998502),(9769,36.0999737,167,128.3998734),(9770,36.1000917,167,128.399827),(9771,36.1002812,167,128.3998534),(9772,36.100385,167,128.4001275),(9773,36.1005068,167,128.4002032),(9774,36.100666,167,128.4004057),(9775,36.1006613,167,128.4005534),(9776,36.1008799,167,128.4008524),(9777,36.1010642,167,128.4009326),(9778,36.1011551,167,128.4010883),(9779,36.1014779,167,128.4011211),(9780,36.101083,167,128.4012296),(9781,36.100986,167,128.401763),(9782,36.1000047,167,128.4017639),(9783,36.0998338,167,128.4017896),(9784,36.0997394,167,128.4019482),(9785,36.100373,167,128.40199),(9786,36.1026882,168,128.4186891),(9787,36.1030776,168,128.4183614),(9788,36.1036098,168,128.4179928),(9789,36.1040202,168,128.4177995),(9790,36.1045461,168,128.4178128),(9791,36.1047306,168,128.417872),(9792,36.1048117,168,128.4178073),(9793,36.1049209,168,128.417784),(9794,36.1051878,168,128.4174319),(9795,36.1055851,168,128.4173838),(9796,36.1055979,168,128.4173701),(9797,36.1055561,169,128.4173368),(9798,36.1059815,169,128.4176283),(9799,36.1059079,169,128.4175031),(9800,36.1061954,169,128.4175197),(9801,36.1066553,169,128.4174415),(9802,36.1071144,169,128.4173226),(9803,36.1074096,169,128.4174388),(9804,36.1074266,169,128.4168725),(9805,36.1073987,169,128.416764),(9806,36.1071985,169,128.4166382),(9807,36.1071946,169,128.4162859),(9808,36.1071916,170,128.4163941),(9809,36.1072193,170,128.4162108),(9810,36.1073024,170,128.4161274),(9811,36.1072,170,128.4162307),(9812,36.1071597,170,128.4164023),(9813,36.1071626,170,128.4164057),(9814,36.1063117,171,128.417414),(9815,36.1062579,171,128.4175637),(9816,36.1061758,171,128.4176163),(9817,36.105943,171,128.4174341),(9818,36.105851,171,128.4175926),(9819,36.1057437,171,128.4175346),(9820,36.1057322,171,128.4173182),(9821,36.1057274,171,128.4174487),(9822,36.105581,171,128.4174927),(9823,36.105372,171,128.4174224),(9824,36.1052342,171,128.4174949),(9825,36.1051112,171,128.4173898),(9826,36.1050466,171,128.4174755),(9827,36.1050374,171,128.4177049),(9828,36.10491,171,128.4178034),(9829,36.104694,171,128.417847),(9830,36.1045873,171,128.4178129),(9831,36.1042169,171,128.4178673),(9832,36.1040355,171,128.4186327),(9833,36.1038746,171,128.4189881),(9834,36.1037037,171,128.4191511),(9835,36.1036231,171,128.4190232),(9836,36.1029768,171,128.4190721),(9837,36.1028717,171,128.4191068),(9838,36.1027696,171,128.4190786),(9839,36.1025218,171,128.4191126),(9840,36.1024303,171,128.4190774),(9841,36.1018814,171,128.4191365),(9842,36.1016845,171,128.4192158),(9843,36.1016328,171,128.4192196),(9844,36.106507,172,128.4174519),(9845,36.1064145,172,128.4174451),(9846,36.10663,172,128.4174243),(9847,36.1064217,172,128.4174818),(9848,36.1062631,172,128.4177149),(9849,36.1059658,172,128.4176216),(9850,36.1057466,172,128.4173543),(9851,36.1057386,172,128.4172278),(9852,36.1057878,172,128.4175795),(9853,36.105721,172,128.417498),(9854,36.105522,172,128.4175233),(9855,36.105477,172,128.4178299),(9856,36.1053626,172,128.41789),(9857,36.1046851,172,128.4177995),(9858,36.1045395,172,128.4178313),(9859,36.1044507,172,128.4178047),(9860,36.1042429,172,128.4179494),(9861,36.1040905,172,128.4182697),(9862,36.1040379,172,128.4186638),(9863,36.1038937,172,128.4188841),(9864,36.1037424,172,128.4189138),(9865,36.1035808,172,128.4190759),(9866,36.1029573,172,128.4190897),(9867,36.1023638,172,128.4191412),(9868,36.1019857,172,128.4192436),(9869,36.1017274,172,128.4192095),(9870,36.10176,172,128.4191022),(9871,36.1017456,172,128.41914),(9872,36.1016615,173,128.4192401),(9873,36.101312,173,128.4192698),(9874,36.1012886,173,128.4193773),(9875,36.1009873,173,128.4195012),(9876,36.1006921,173,128.4196958),(9877,36.1005625,173,128.4198571),(9878,36.1003085,173,128.4200589),(9879,36.1002479,173,128.4202798),(9880,36.100242,173,128.4204582),(9881,36.100281,173,128.4207344),(9882,36.1003174,173,128.4208497),(9883,36.100272,173,128.420964),(9884,36.1003209,173,128.4211237),(9885,36.100281,173,128.4214011),(9886,36.1003286,173,128.4215778),(9887,36.100353,173,128.4216377),(9888,36.1061707,174,128.4174057),(9889,36.1057646,174,128.4172964),(9890,36.1051089,174,128.4173625),(9891,36.1050163,174,128.417415),(9892,36.1050143,174,128.4176711),(9893,36.1049373,174,128.417756),(9894,36.1044195,174,128.4177456),(9895,36.1042743,174,128.4178305),(9896,36.1038688,174,128.4188826),(9897,36.1037725,174,128.4190701),(9898,36.1036421,174,128.4191914),(9899,36.1034632,174,128.4190454),(9900,36.1024518,174,128.4191424),(9901,36.1017303,174,128.4192365),(9902,36.101608,174,128.4193084),(9903,36.1015601,174,128.4194538),(9904,36.1015314,174,128.4193419),(9905,36.1018607,174,128.4192737),(9906,36.1017265,174,128.4192893),(9907,36.1016327,174,128.4192692),(9908,36.1015954,174,128.4192705),(9909,36.1037155,175,128.4191116),(9910,36.1035018,175,128.4195637),(9911,36.1036318,175,128.4196643),(9912,36.1037241,175,128.4198958),(9913,36.1037759,175,128.4199417),(9914,36.1062646,177,128.401491),(9915,36.1061604,177,128.4013854),(9916,36.1058272,177,128.4013931),(9917,36.1057275,177,128.402135),(9918,36.1056831,177,128.4022768),(9919,36.1050874,177,128.4022735),(9920,36.10496,177,128.4022358),(9921,36.1047141,177,128.4019884),(9922,36.1046487,177,128.4018248),(9923,36.1046382,177,128.4016273),(9924,36.1039285,177,128.4008169),(9925,36.1033415,177,128.4004342),(9926,36.1031689,177,128.4001964),(9927,36.102439,177,128.4000123),(9928,36.101428,177,128.3999583),(9929,36.1007257,177,128.3999728),(9930,36.0998817,177,128.4002641),(9931,36.0999642,177,128.4004055),(9932,36.1004165,177,128.4002282),(9933,36.1006921,177,128.4002141),(9934,36.1010812,177,128.3999536),(9935,36.1021056,177,128.3999978),(9936,36.1028661,177,128.3999992),(9937,36.1032597,177,128.4001393),(9938,36.1035682,177,128.4007319),(9939,36.1037438,177,128.4009032),(9940,36.1039829,177,128.4009094),(9941,36.104639,177,128.4017802),(9942,36.1048808,177,128.402113),(9943,36.1050611,177,128.4021416),(9944,36.1055719,177,128.4021863),(9945,36.1056753,177,128.4021592),(9946,36.1056856,177,128.4018479),(9947,36.1057885,177,128.4017428),(9948,36.1066678,177,128.401779),(9949,36.1067657,177,128.4017116),(9950,36.1067868,177,128.4015685),(9951,36.1067194,177,128.4014177),(9952,36.1063052,177,128.4013916),(9953,36.1063027,177,128.4014075),(9954,36.1040035,178,128.4204025),(9955,36.1042704,178,128.4208758),(9956,36.1041497,178,128.421085),(9957,36.1036228,178,128.4214183),(9958,36.1033861,178,128.4216931),(9959,36.1032668,178,128.4217023),(9960,36.1030648,178,128.4220157),(9961,36.1025609,178,128.4224241),(9962,36.1024496,178,128.4225522),(9963,36.102341,178,128.4227031),(9964,36.1019864,178,128.4229397),(9965,36.1018959,178,128.4231463),(9966,36.1014457,178,128.4235151),(9967,36.1012605,178,128.4236005),(9968,36.1009953,178,128.4238261),(9969,36.1009379,178,128.4239497),(9970,36.1004626,178,128.4243913),(9971,36.1003567,178,128.4244482),(9972,36.099965,178,128.4248287),(9973,36.0998623,178,128.4249006),(9974,36.0996929,178,128.4250875),(9975,36.0993643,178,128.4254288),(9976,36.0992598,178,128.4255345),(9977,36.0991897,178,128.4256739),(9978,36.0990122,178,128.425783),(9979,36.0989433,178,128.4258957),(9980,36.0985841,178,128.4263283),(9981,36.0985035,178,128.4264204),(9982,36.0984216,178,128.4265239),(9983,36.0982962,178,128.4266741),(9984,36.0979126,178,128.4270441),(9985,36.0977022,178,128.4273388),(9986,36.0975773,178,128.4274396),(9987,36.0972122,178,128.4278523),(9988,36.097134,178,128.4279699),(9989,36.0970637,178,128.4280542),(9990,36.0969116,178,128.4282965),(9991,36.096794,178,128.4283503),(9992,36.0966444,178,128.4285677),(9993,36.0963132,178,128.4289576),(9994,36.0961651,178,128.429094),(9995,36.0961266,178,128.4292955),(9996,36.0958331,178,128.4295036),(9997,36.0957282,178,128.4296809),(9998,36.0956207,178,128.4297425),(9999,36.0953449,178,128.4301244),(10000,36.0950855,178,128.4304999),(10001,36.094976,178,128.4305607),(10002,36.0948431,178,128.4308995),(10003,36.0947727,178,128.4310077),(10004,36.0947137,178,128.4314125),(10005,36.0947139,178,128.4315292),(10006,36.0945592,178,128.4318957),(10007,36.0943804,178,128.4325295),(10008,36.0943106,178,128.4326462),(10009,36.0946586,178,128.4327636),(10010,36.0947719,178,128.4325613),(10011,36.0949772,178,128.4317802),(10012,36.0950161,178,128.4314964),(10013,36.0952969,178,128.4307928),(10014,36.0956541,178,128.4303571),(10015,36.0961707,178,128.4297759),(10016,36.096381,178,128.4294722),(10017,36.0966067,178,128.42928),(10018,36.0967224,178,128.4290807),(10019,36.0968442,178,128.4289823),(10020,36.0971086,178,128.4286076),(10021,36.0976138,178,128.428071),(10022,36.0981427,178,128.4273868),(10023,36.0985997,178,128.4268595),(10024,36.098934,178,128.4264482),(10025,36.0993775,178,128.4259163),(10026,36.0994725,178,128.4258728),(10027,36.0998886,178,128.4254803),(10028,36.1000221,178,128.4253123),(10029,36.1001146,178,128.4252414),(10030,36.1001657,178,128.4251155),(10031,36.1003558,178,128.4250571),(10032,36.1005193,178,128.4249238),(10033,36.1006102,178,128.4247969),(10034,36.1010439,178,128.4243756),(10035,36.1012761,178,128.4241297),(10036,36.1013541,178,128.4240048),(10037,36.1017193,178,128.4238543),(10038,36.101809,178,128.4237072),(10039,36.1021623,178,128.4233769),(10040,36.1022339,178,128.4232655),(10041,36.1025378,178,128.4229877),(10042,36.1022037,178,128.4220876),(10043,36.1021172,178,128.4220249),(10044,36.1022712,178,128.4218154),(10045,36.1026968,178,128.4215003),(10046,36.1029212,178,128.4212296),(10047,36.1030257,178,128.4211496),(10048,36.1041968,180,128.4181541),(10049,36.1041812,180,128.4181752),(10050,36.104194,181,128.4181503),(10051,36.1041916,181,128.4181604),(10052,36.1042005,182,128.4181384),(10053,36.1041956,182,128.4181461),(10054,36.1022168,183,128.419163),(10055,36.1024794,183,128.4191503),(10056,36.1029882,183,128.4191748),(10057,36.1034399,183,128.4190165),(10058,36.1036596,183,128.4190405),(10059,36.1036266,183,128.4196752),(10060,36.1039141,183,128.4202788),(10061,36.1035662,183,128.4207586),(10062,36.1030666,183,128.4210964),(10063,36.1026951,183,128.4214002),(10064,36.1023483,183,128.4219071),(10065,36.1021463,183,128.4219604),(10066,36.1019417,183,128.4217713),(10067,36.1013727,183,128.4207348),(10068,36.1013701,183,128.4205986),(10069,36.1010866,183,128.4201441),(10070,36.1011251,183,128.4200013),(10071,36.1012968,183,128.4197453),(10072,36.1014209,183,128.4193629),(10073,36.1017682,183,128.4192593),(10074,36.1017697,183,128.4192706),(10075,36.1034002,184,128.4193706),(10076,36.1036402,184,128.4195089),(10077,36.1037473,184,128.4193588),(10078,36.1038398,184,128.419178),(10079,36.1038795,184,128.4190107),(10080,36.1039386,184,128.4188736),(10081,36.1036826,184,128.4193384),(10082,36.1035709,184,128.4194945),(10083,36.1030742,184,128.4196204),(10084,36.1026484,184,128.4195081),(10085,36.1025474,184,128.4195845),(10086,36.1017798,184,128.4196489),(10087,36.1016806,184,128.4199553),(10088,36.1014646,184,128.4200607),(10089,36.1015,184,128.4201856),(10090,36.1015535,184,128.4202522),(10091,36.1016657,185,128.4192087),(10092,36.1013088,185,128.4196672),(10093,36.1012714,185,128.419795),(10094,36.101119,185,128.4199681),(10095,36.1011178,185,128.4203335),(10096,36.101278,185,128.4203212),(10097,36.1013987,185,128.4202156);
/*!40000 ALTER TABLE `t_record_coordinate` ENABLE KEYS */;
UNLOCK TABLES;

--
-- Table structure for table `t_report`
--

DROP TABLE IF EXISTS `t_report`;
/*!40101 SET @saved_cs_client     = @@character_set_client */;
/*!50503 SET character_set_client = utf8mb4 */;
CREATE TABLE `t_report` (
  `report_seq` bigint NOT NULL AUTO_INCREMENT,
  `report_content` varchar(255) COLLATE utf8mb4_bin NOT NULL,
  `report_crew_board_seq` bigint NOT NULL,
  `report_reg_time` datetime NOT NULL,
  `report_status` varchar(255) COLLATE utf8mb4_bin NOT NULL,
  `reporter_seq` bigint DEFAULT NULL,
  `target_seq` bigint DEFAULT NULL,
  PRIMARY KEY (`report_seq`),
  KEY `FKt0hopjr6l4uci9vr8eesaf62` (`reporter_seq`),
  KEY `FK1rqr65efwxegwiolmvhncqulk` (`target_seq`),
  CONSTRAINT `FK1rqr65efwxegwiolmvhncqulk` FOREIGN KEY (`target_seq`) REFERENCES `t_user` (`user_seq`),
  CONSTRAINT `FKt0hopjr6l4uci9vr8eesaf62` FOREIGN KEY (`reporter_seq`) REFERENCES `t_user` (`user_seq`)
) ENGINE=InnoDB AUTO_INCREMENT=7 DEFAULT CHARSET=utf8mb4 COLLATE=utf8mb4_bin;
/*!40101 SET character_set_client = @saved_cs_client */;

--
-- Dumping data for table `t_report`
--

LOCK TABLES `t_report` WRITE;
/*!40000 ALTER TABLE `t_report` DISABLE KEYS */;
INSERT INTO `t_report` VALUES (1,'stringddd',1,'2022-08-04 17:49:23','COMPLETE',8,NULL),(2,'\"\"',6,'2022-08-04 18:03:32','COMPLETE',8,NULL),(3,'\"\"',14,'2022-08-04 21:14:41','COMPLETE',1,NULL),(4,'\"\"',11,'2022-08-12 13:20:33','COMPLETE',1,3),(5,'\"\"',69,'2022-08-18 12:22:26','WAITING',1,9),(6,'\"\"',70,'2022-08-18 13:59:30','WAITING',7,12);
/*!40000 ALTER TABLE `t_report` ENABLE KEYS */;
UNLOCK TABLES;

--
-- Table structure for table `t_run_record`
--

DROP TABLE IF EXISTS `t_run_record`;
/*!40101 SET @saved_cs_client     = @@character_set_client */;
/*!50503 SET character_set_client = utf8mb4 */;
CREATE TABLE `t_run_record` (
  `run_record_seq` bigint NOT NULL AUTO_INCREMENT,
  `run_record_calorie` double DEFAULT NULL,
  `run_record_complete_yn` varchar(10) COLLATE utf8mb4_bin DEFAULT 'N',
  `run_record_end_time` datetime DEFAULT NULL,
  `run_record_lat` double DEFAULT NULL,
  `run_record_lng` double DEFAULT NULL,
  `run_record_reg_time` datetime NOT NULL,
  `run_record_running_distance` int DEFAULT NULL,
  `run_record_running_time` int DEFAULT NULL,
  `run_record_start_time` datetime DEFAULT NULL,
  `crew_seq` bigint DEFAULT NULL,
  `img_seq` bigint DEFAULT NULL,
  `user_seq` bigint DEFAULT NULL,
  PRIMARY KEY (`run_record_seq`),
  KEY `FKnrdh1vqd4isfbnnrccjj16hcm` (`crew_seq`),
  KEY `FKil4ctdf5logabmch7ldj6fqoa` (`img_seq`),
  KEY `FKct9g4ys9elsvb8cssbnke8wcn` (`user_seq`),
  CONSTRAINT `FKct9g4ys9elsvb8cssbnke8wcn` FOREIGN KEY (`user_seq`) REFERENCES `t_user` (`user_seq`),
  CONSTRAINT `FKil4ctdf5logabmch7ldj6fqoa` FOREIGN KEY (`img_seq`) REFERENCES `t_img` (`img_seq`),
  CONSTRAINT `FKnrdh1vqd4isfbnnrccjj16hcm` FOREIGN KEY (`crew_seq`) REFERENCES `t_crew` (`crew_seq`)
) ENGINE=InnoDB AUTO_INCREMENT=186 DEFAULT CHARSET=utf8mb4 COLLATE=utf8mb4_bin;
/*!40101 SET character_set_client = @saved_cs_client */;

--
-- Dumping data for table `t_run_record`
--

LOCK TABLES `t_run_record` WRITE;
/*!40000 ALTER TABLE `t_run_record` DISABLE KEYS */;
INSERT INTO `t_run_record` VALUES (73,0,'N','2022-08-07 01:08:47',36.101543,128.4202366,'2022-08-07 01:08:52',3,16,'2022-08-07 01:08:23',20,87,1),(74,0,'N','2022-08-07 01:42:27',35.8342568,128.5737669,'2022-08-07 01:42:30',2,24,'2022-08-07 01:41:47',10,88,8),(75,0,'N','2022-08-07 02:03:47',35.8342554,128.5737654,'2022-08-07 02:03:50',0,22,'2022-08-07 02:03:04',17,89,8),(76,0,'N','2022-08-07 10:27:40',36.1015575,128.4202418,'2022-08-07 10:27:43',10,13,'2022-08-07 10:27:22',10,90,1),(77,0,'N','2022-08-07 13:46:46',36.1015399,128.4202153,'2022-08-07 13:46:50',2,18,'2022-08-07 13:46:21',21,91,1),(79,32,'N','2022-08-07 17:19:20',36.1015655,128.4202172,'2022-08-07 17:19:24',463,317,'2022-08-07 17:13:55',22,93,1),(80,32,'N','2022-08-07 18:38:49',36.1015366,128.4202204,'2022-08-07 18:38:53',466,318,'2022-08-07 18:27:43',23,94,1),(81,29,'N','2022-08-07 19:54:14',36.1040278,128.4183648,'2022-08-07 19:54:15',387,313,'2022-08-07 19:47:11',17,95,5),(82,35,'N','2022-08-07 19:56:58',36.1040953,128.4185807,'2022-08-07 19:57:03',504,396,'2022-08-07 19:46:55',24,96,1),(83,148,'Y','2022-08-07 20:47:23',36.1063242,128.4197415,'2022-08-07 20:47:26',1998,1585,'2022-08-07 20:16:33',21,97,5),(84,160,'Y','2022-08-07 20:48:44',36.1063038,128.4196924,'2022-08-07 20:48:48',2319,1772,'2022-08-07 20:16:33',26,98,1),(87,39,'N','2022-08-08 18:15:22',36.1071899,128.4166817,'2022-08-08 18:15:25',527,550,'2022-08-08 18:04:30',10,105,5),(88,199,'Y','2022-08-08 20:00:19',36.1012061,128.4203739,'2022-08-08 20:00:23',2889,1352,'2022-08-08 19:37:42',10,106,1),(90,107,'Y','2022-08-08 20:16:55',36.1042122,128.4182363,'2022-08-08 20:16:56',1466,1161,'2022-08-08 19:51:59',17,109,5),(91,0,'N','2022-08-08 21:55:57',36.1098269,128.4245241,'2022-08-08 21:56:01',1,8,'2022-08-08 21:54:49',17,111,8),(92,0,'N','2022-08-08 23:26:02',36.1015417,128.420228,'2022-08-08 23:26:06',0,5,'2022-08-08 23:25:51',25,112,1),(93,0,'N','2022-08-09 00:16:45',36.104149,128.4182192,'2022-08-09 00:16:49',6,32,'2022-08-09 00:16:05',19,113,5),(94,1,'N','2022-08-09 00:21:43',36.1098317,128.4245119,'2022-08-09 00:21:47',6,60,'2022-08-09 00:19:43',21,114,8),(95,0,'N','2022-08-09 00:22:27',36.1015339,128.4202229,'2022-08-09 00:22:31',0,2,'2022-08-09 00:22:20',17,115,1),(96,0,'N','2022-08-09 10:28:37',36.1015415,128.4202374,'2022-08-09 10:28:42',0,8,'2022-08-09 10:28:24',18,116,1),(97,24,'N','2022-08-09 11:48:00',36.1013935,128.4202288,'2022-08-09 11:48:04',349,358,'2022-08-09 11:40:18',10,117,1),(98,0,'N','2022-08-09 17:20:49',36.1015357,128.4202569,'2022-08-09 17:20:53',0,1,'2022-08-09 17:20:44',19,118,1),(99,29,'N','2022-08-09 18:25:30',36.1041666,128.4181853,'2022-08-09 18:25:34',392,267,'2022-08-09 18:08:48',10,119,5),(100,73,'Y','2022-08-09 18:31:58',36.1018044,128.4200158,'2022-08-09 18:32:03',1061,728,'2022-08-09 18:18:01',21,120,1),(101,57,'Y','2022-08-09 19:22:26',36.1077475,128.4184531,'2022-08-09 19:22:31',774,601,'2022-08-09 19:10:49',21,121,5),(102,182,'Y','2022-08-09 19:58:20',36.1056228,128.4187238,'2022-08-09 19:58:25',2653,859,'2022-08-09 19:43:56',22,122,1),(107,0,'N','2022-08-09 21:47:41',36.1015405,128.4202275,'2022-08-09 21:47:45',0,11,'2022-08-09 21:47:24',20,127,1),(108,0,'N','2022-08-09 21:49:07',36.1015388,128.4202267,'2022-08-09 21:49:11',0,11,'2022-08-09 21:48:52',27,128,1),(109,28,'N','2022-08-10 19:36:08',36.1077744,128.4202948,'2022-08-10 19:36:11',385,844,'2022-08-10 19:18:44',10,131,5),(110,57,'N','2022-08-10 21:26:10',36.1078507,128.420382,'2022-08-10 21:26:14',772,576,'2022-08-10 21:14:46',17,132,5),(111,0,'N','2022-08-11 00:07:40',36.1098181,128.4245198,'2022-08-11 00:07:42',1,17,'2022-08-11 00:07:11',10,133,8),(112,0,'N','2022-08-11 00:47:51',36.1041479,128.4181494,'2022-08-11 00:47:55',0,37,'2022-08-11 00:46:06',17,134,5),(113,0,'N','2022-08-11 18:17:30',36.1040802,128.41816,'2022-08-11 18:17:35',695,451,'2022-08-11 18:09:01',10,137,5),(114,119,'N','2022-08-11 19:31:46',36.1015413,128.4192394,'2022-08-11 19:31:51',1627,285,'2022-08-11 19:24:30',21,138,5),(115,177,'Y','2022-08-11 20:20:20',36.1021816,128.4201244,'2022-08-11 20:20:25',2567,1740,'2022-08-11 19:49:40',10,139,1),(116,0,'N','2022-08-12 15:25:40',36.1015424,128.4202643,'2022-08-12 15:25:45',1,13,'2022-08-12 15:25:21',29,143,1),(117,22,'N','2022-08-12 18:45:06',36.1014447,128.4201714,'2022-08-12 18:45:12',329,253,'2022-08-12 18:38:28',17,145,1),(118,47,'N','2022-08-12 19:08:54',36.104205,128.4181915,'2022-08-12 19:09:00',642,485,'2022-08-12 18:58:28',21,146,5),(119,12,'N','2022-08-12 20:41:19',36.1002354,128.4265888,'2022-08-12 20:41:23',236,252,'2022-08-12 20:26:30',32,147,16),(120,324,'Y','2022-08-12 21:50:17',36.1016797,128.4200487,'2022-08-12 21:50:22',4694,3651,'2022-08-12 20:37:53',18,149,1),(121,390,'Y','2022-08-12 21:50:27',36.1073977,128.4192016,'2022-08-12 21:50:31',5265,4214,'2022-08-12 20:24:48',37,150,5),(122,24,'N','2022-08-12 22:36:06',36.101272,128.4010497,'2022-08-12 22:36:11',345,165,'2022-08-12 22:32:57',25,151,1),(123,184,'Y','2022-08-12 23:02:27',36.1017185,128.4192435,'2022-08-12 23:02:31',3685,1971,'2022-08-12 22:22:44',32,152,4),(124,306,'Y','2022-08-12 23:28:08',36.0999113,128.4004701,'2022-08-12 23:28:12',4137,3091,'2022-08-12 22:35:41',17,153,5),(125,288,'Y','2022-08-12 23:28:13',36.0995563,128.4005049,'2022-08-12 23:28:18',4176,3070,'2022-08-12 22:36:14',27,154,1),(126,108,'Y','2022-08-12 23:28:48',36.083713,128.3985537,'2022-08-12 23:28:52',2174,1518,'2022-08-12 23:03:12',37,155,4),(127,75,'Y','2022-08-13 19:17:37',36.1020472,128.4201858,'2022-08-13 19:17:42',1088,780,'2022-08-13 19:01:24',17,160,1),(128,0,'N','2022-08-13 19:17:52',36.1037413,128.4198507,'2022-08-13 19:17:57',824,671,'2022-08-13 19:05:07',17,161,5),(129,40,'N','2022-08-13 20:13:14',36.1052135,128.4177346,'2022-08-13 20:13:19',586,479,'2022-08-13 20:00:29',9,162,1),(130,9,'N','2022-08-13 21:26:41',36.1038305,128.4189966,'2022-08-13 21:26:47',134,130,'2022-08-13 21:21:52',20,163,1),(131,49,'Y','2022-08-13 21:46:24',36.1061447,128.4196135,'2022-08-13 21:46:27',669,604,'2022-08-13 21:14:25',37,166,5),(132,0,'N','2022-08-13 22:03:22',36.1041944,128.4181612,'2022-08-13 22:03:24',4,30,'2022-08-13 22:01:31',13,169,5),(133,14,'N','2022-08-13 22:56:29',36.1005195,128.4261105,'2022-08-13 22:56:34',287,274,'2022-08-13 22:51:16',32,174,16),(134,2347,'Y','2022-08-13 21:28:29',37.6956,127.0498,'2022-08-13 21:28:34',11100,7577,'2022-08-13 19:12:00',13,174,20),(135,111,'Y','2022-08-14 15:03:00',36.1047643,128.419836,'2022-08-14 15:03:03',1501,1221,'2022-08-14 14:28:53',37,175,5),(136,53,'Y','2022-08-14 19:10:24',35.3590685,129.3345456,'2022-08-14 19:10:29',1058,1034,'2022-08-14 18:44:54',40,180,4),(137,5,'N','2022-08-14 19:13:03',35.3576481,129.3410365,'2022-08-14 19:13:06',90,83,'2022-08-14 19:11:30',42,181,4),(138,20,'N','2022-08-14 19:20:40',35.3573549,129.3393285,'2022-08-14 19:20:44',411,343,'2022-08-14 19:13:59',43,182,4),(139,6,'N','2022-08-14 19:22:37',35.3583518,129.3343246,'2022-08-14 19:22:40',123,91,'2022-08-14 19:21:02',13,183,4),(140,29,'N','2022-08-14 21:06:07',36.1046111,128.4178044,'2022-08-14 21:06:13',413,703,'2022-08-14 20:53:39',28,184,1),(141,60,'N','2022-08-14 21:20:39',36.1055711,128.4197668,'2022-08-14 21:20:42',809,705,'2022-08-14 20:58:37',13,185,5),(142,0,'Y','2022-08-14 21:21:54',36.1062006,128.420114,'2022-08-14 21:21:58',784,945,'2022-08-14 20:59:45',32,186,5),(143,43,'Y','2022-08-15 11:03:31',35.3563862,129.3352379,'2022-08-15 11:03:36',860,603,'2022-08-15 10:51:35',37,187,4),(144,3,'N','2022-08-15 12:46:03',36.1019643,128.4201181,'2022-08-15 12:46:09',40,38,'2022-08-15 12:45:19',28,188,1),(145,145,'N','2022-08-15 14:03:22',36.1023047,128.4201818,'2022-08-15 14:03:28',2107,1481,'2022-08-15 12:46:09',29,189,1),(146,41,'N','2022-08-15 16:55:38',35.94439,128.5502852,'2022-08-15 16:55:41',820,272,'2022-08-15 16:50:40',44,191,4),(147,90,'N','2022-08-15 17:00:37',35.9465439,128.5513343,'2022-08-15 17:00:41',1792,301,'2022-08-15 16:55:48',13,192,4),(148,1087,'Y','2022-08-15 17:18:45',37.5747536,127.0808324,'2022-08-15 17:18:50',4346,1295,'2022-08-15 16:52:32',13,193,20),(149,293,'Y','2022-08-15 17:20:32',36.0639359,128.5374782,'2022-08-15 17:20:36',5870,727,'2022-08-15 17:09:41',30,195,4),(150,81,'Y','2022-08-15 17:29:48',36.0924587,128.4532362,'2022-08-15 17:29:51',1620,639,'2022-08-15 17:20:46',32,196,4),(151,35,'N','2022-08-15 17:34:48',36.0991841,128.4259274,'2022-08-15 17:34:52',694,306,'2022-08-15 17:29:56',42,197,4),(152,28,'N','2022-08-15 18:20:13',36.1028066,128.4191477,'2022-08-15 18:20:16',573,430,'2022-08-15 18:11:17',43,198,4),(153,41,'N','2022-08-15 18:32:13',36.1079705,128.4182707,'2022-08-15 18:32:17',825,600,'2022-08-15 18:21:26',40,199,4),(154,0,'N','2022-08-15 21:21:12',36.1087468,128.4184293,'2022-08-15 21:21:15',436,346,'2022-08-15 21:15:17',37,200,5),(155,32,'N','2022-08-16 12:36:36',36.1017611,128.4192045,'2022-08-16 12:36:40',531,228,'2022-08-16 12:32:28',13,207,23),(156,24,'N','2022-08-16 12:43:26',36.1042624,128.4200464,'2022-08-16 12:43:30',483,341,'2022-08-16 12:37:16',13,208,9),(157,77,'Y','2022-08-16 13:22:05',36.104153,128.4182436,'2022-08-16 13:22:11',1041,939,'2022-08-16 13:04:47',32,209,5),(158,98,'N','2022-08-16 13:25:11',36.1027283,128.4201234,'2022-08-16 13:25:16',1423,983,'2022-08-16 13:05:11',28,210,1),(159,0,'N','2022-08-16 13:34:34',36.1015413,128.4202747,'2022-08-16 13:34:37',1,23,'2022-08-16 13:33:54',29,212,1),(160,41,'N','2022-08-16 18:28:54',36.10795,128.4186431,'2022-08-16 18:28:59',555,521,'2022-08-16 18:11:01',37,215,5),(161,26,'N','2022-08-16 18:44:18',36.1079624,128.4179048,'2022-08-16 18:44:21',519,479,'2022-08-16 18:10:39',44,216,9),(162,67,'N','2022-08-16 19:39:10',36.1090133,128.4180318,'2022-08-16 19:39:15',901,958,'2022-08-16 19:19:49',29,217,5),(163,46,'Y','2022-08-16 19:41:12',36.1090662,128.4180218,'2022-08-16 19:41:16',920,762,'2022-08-16 19:19:27',37,218,9),(164,21,'N','2022-08-16 20:22:52',36.1017332,128.4192535,'2022-08-16 20:22:55',500,174,'2022-08-16 20:12:43',48,219,9),(165,18,'N','2022-08-16 21:04:52',36.1083666,128.4251506,'2022-08-16 21:04:55',364,124,'2022-08-16 20:32:00',43,220,9),(166,34,'N','2022-08-16 21:45:19',36.1001011,128.3998792,'2022-08-16 21:45:23',462,665,'2022-08-16 21:13:30',13,221,5),(167,22,'N','2022-08-16 22:23:32',36.1001737,128.3998243,'2022-08-16 22:23:36',434,296,'2022-08-16 21:05:00',42,222,9),(168,18,'N','2022-08-17 08:47:10',36.1026882,128.4186891,'2022-08-17 08:47:13',364,254,'2022-08-17 08:42:37',37,227,9),(169,16,'N','2022-08-17 09:05:37',36.1055561,128.4173368,'2022-08-17 09:05:40',327,219,'2022-08-17 08:47:24',13,228,9),(170,4,'N','2022-08-17 15:47:10',36.1071916,128.4163941,'2022-08-17 15:47:13',81,85,'2022-08-17 15:45:27',13,244,4),(171,32,'N','2022-08-17 18:15:41',36.1063117,128.417414,'2022-08-17 18:15:44',645,538,'2022-08-17 18:05:39',37,246,4),(172,47,'Y','2022-08-17 18:20:50',36.106507,128.4174519,'2022-08-17 18:20:54',685,601,'2022-08-17 18:05:41',37,247,1),(173,16,'N','2022-08-17 18:25:57',36.1016615,128.4192401,'2022-08-17 18:26:00',331,332,'2022-08-17 18:20:17',32,248,16),(174,45,'Y','2022-08-17 18:34:18',36.1061707,128.4174057,'2022-08-17 18:34:21',621,899,'2022-08-17 18:05:53',37,249,12),(175,7,'N','2022-08-17 20:02:44',36.1037155,128.4191116,'2022-08-17 20:02:46',95,69,'2022-08-17 20:01:30',6,250,5),(176,34,'N','2022-08-17 20:17:59',36.0979476,128.4265938,'2022-08-17 20:18:03',689,188,'2022-08-17 19:03:48',30,251,4),(177,126,'Y','2022-08-17 20:27:31',36.1062646,128.401491,'2022-08-17 20:27:35',1832,669,'2022-08-17 20:16:00',37,252,7),(178,231,'Y','2022-08-17 20:44:47',36.1040035,128.4204025,'2022-08-17 20:44:50',3128,2232,'2022-08-17 20:03:19',13,253,5),(179,285,'Y','2022-08-17 20:49:23',36.1023348,128.4201527,'2022-08-17 20:49:27',4124,2779,'2022-08-17 19:58:13',28,254,1),(180,0,'N','2022-08-17 21:13:53',36.1041968,128.4181541,'2022-08-17 21:13:55',2,12,'2022-08-17 21:13:36',32,256,5),(181,0,'N','2022-08-18 02:14:31',36.104194,128.4181503,'2022-08-18 02:14:33',3,55,'2022-08-18 02:06:20',29,257,5),(182,2,'N','2022-08-18 11:53:00',36.1042005,128.4181384,'2022-08-18 11:53:02',32,107,'2022-08-18 11:39:36',13,261,5),(183,42,'N','2022-08-16 13:52:31',36.1022168,128.419163,'2022-08-16 13:52:36',845,384,'2022-08-16 12:47:12',37,262,4),(184,30,'N','2022-08-18 18:46:42',36.1034002,128.4193706,'2022-08-18 18:46:45',433,326,'2022-08-18 18:40:34',37,265,1),(185,7,'N','2022-08-18 18:48:02',36.1016657,128.4192087,'2022-08-18 18:48:05',145,85,'2022-08-18 18:46:27',32,266,4);
/*!40000 ALTER TABLE `t_run_record` ENABLE KEYS */;
UNLOCK TABLES;

--
-- Table structure for table `t_scrap`
--

DROP TABLE IF EXISTS `t_scrap`;
/*!40101 SET @saved_cs_client     = @@character_set_client */;
/*!50503 SET character_set_client = utf8mb4 */;
CREATE TABLE `t_scrap` (
  `scrap_seq` bigint NOT NULL AUTO_INCREMENT,
  `scrap_title` varchar(255) COLLATE utf8mb4_bin DEFAULT NULL,
  `track_board_seq` bigint DEFAULT NULL,
  `user_seq` bigint DEFAULT NULL,
  PRIMARY KEY (`scrap_seq`),
  KEY `FK24eeh062aur09607ipsgo7085` (`track_board_seq`),
  KEY `FKbyav56m1831yv5tcatn8eqfml` (`user_seq`),
  CONSTRAINT `FK24eeh062aur09607ipsgo7085` FOREIGN KEY (`track_board_seq`) REFERENCES `t_track_board` (`track_board_seq`),
  CONSTRAINT `FKbyav56m1831yv5tcatn8eqfml` FOREIGN KEY (`user_seq`) REFERENCES `t_user` (`user_seq`)
) ENGINE=InnoDB AUTO_INCREMENT=26 DEFAULT CHARSET=utf8mb4 COLLATE=utf8mb4_bin;
/*!40101 SET character_set_client = @saved_cs_client */;

--
-- Dumping data for table `t_scrap`
--

LOCK TABLES `t_scrap` WRITE;
/*!40000 ALTER TABLE `t_scrap` DISABLE KEYS */;
INSERT INTO `t_scrap` VALUES (11,'',29,5),(13,'',29,8),(16,'',30,5),(17,'',31,19),(20,'  ',34,5);
/*!40000 ALTER TABLE `t_scrap` ENABLE KEYS */;
UNLOCK TABLES;

--
-- Table structure for table `t_track_board`
--

DROP TABLE IF EXISTS `t_track_board`;
/*!40101 SET @saved_cs_client     = @@character_set_client */;
/*!50503 SET character_set_client = utf8mb4 */;
CREATE TABLE `t_track_board` (
  `track_board_seq` bigint NOT NULL AUTO_INCREMENT,
  `track_board_enviroment_point` int DEFAULT NULL,
  `track_board_hard_point` int DEFAULT NULL,
  `track_board_reg_time` datetime NOT NULL,
  `run_record_seq` bigint DEFAULT NULL,
  `track_board_content` varchar(255) COLLATE utf8mb4_bin DEFAULT NULL,
  `run_record_img_seq` bigint DEFAULT NULL,
  PRIMARY KEY (`track_board_seq`),
  KEY `FKtayg4fc9mvwt3u9lpl43xxac7` (`run_record_seq`),
  KEY `FK7dco075yl3gnxagqmhll446bu` (`run_record_img_seq`),
  CONSTRAINT `FK7dco075yl3gnxagqmhll446bu` FOREIGN KEY (`run_record_img_seq`) REFERENCES `t_img` (`img_seq`),
  CONSTRAINT `FKtayg4fc9mvwt3u9lpl43xxac7` FOREIGN KEY (`run_record_seq`) REFERENCES `t_run_record` (`run_record_seq`)
) ENGINE=InnoDB AUTO_INCREMENT=37 DEFAULT CHARSET=utf8mb4 COLLATE=utf8mb4_bin;
/*!40101 SET character_set_client = @saved_cs_client */;

--
-- Dumping data for table `t_track_board`
--

LOCK TABLES `t_track_board` WRITE;
/*!40000 ALTER TABLE `t_track_board` DISABLE KEYS */;
INSERT INTO `t_track_board` VALUES (23,1,1,'2022-08-08 13:33:34',84,'',129),(24,5,3,'2022-08-08 13:57:05',82,'',129),(25,3,3,'2022-08-08 14:02:22',74,'vvv',101),(29,4,4,'2022-08-10 09:51:05',102,'',129),(30,2,2,'2022-08-12 23:31:38',124,'   ',156),(31,1,3,'2022-08-13 21:48:58',121,'        ',167),(32,2,3,'2022-08-13 22:47:13',126,'  .',173),(33,1,1,'2022-08-15 17:19:14',148,'',194),(34,3,3,'2022-08-17 21:12:34',178,'  \n   ',255),(35,5,3,'2022-08-18 11:52:45',176,' ',260),(36,5,3,'2022-08-18 13:53:14',183,'',263);
/*!40000 ALTER TABLE `t_track_board` ENABLE KEYS */;
UNLOCK TABLES;

--
-- Table structure for table `t_user`
--

DROP TABLE IF EXISTS `t_user`;
/*!40101 SET @saved_cs_client     = @@character_set_client */;
/*!50503 SET character_set_client = utf8mb4 */;
CREATE TABLE `t_user` (
  `user_seq` bigint NOT NULL AUTO_INCREMENT,
  `user_email` varchar(255) COLLATE utf8mb4_bin NOT NULL,
  `user_fcm_token` varchar(255) COLLATE utf8mb4_bin DEFAULT NULL,
  `user_height` int DEFAULT NULL,
  `user_nickname` varchar(255) COLLATE utf8mb4_bin DEFAULT NULL,
  `user_point` int NOT NULL DEFAULT '0',
  `user_reg_time` datetime DEFAULT NULL,
  `user_roll` varchar(10) COLLATE utf8mb4_bin NOT NULL DEFAULT 'USER',
  `user_delete_yn` varchar(10) COLLATE utf8mb4_bin NOT NULL DEFAULT 'N',
  `user_weight` int DEFAULT NULL,
  `img_seq` bigint DEFAULT NULL,
  `user_birth_year` int DEFAULT NULL,
  `user_gender` varchar(255) COLLATE utf8mb4_bin DEFAULT NULL,
  `user_job` varchar(255) COLLATE utf8mb4_bin DEFAULT NULL,
  `user_region` varchar(255) COLLATE utf8mb4_bin DEFAULT NULL,
  `competition_result` varchar(255) COLLATE utf8mb4_bin DEFAULT NULL,
  PRIMARY KEY (`user_seq`),
  UNIQUE KEY `nickname_unique_contraint` (`user_nickname`),
  KEY `FKe9r67v8kroyrvug1maivtglm4` (`img_seq`),
  CONSTRAINT `FKe9r67v8kroyrvug1maivtglm4` FOREIGN KEY (`img_seq`) REFERENCES `t_img` (`img_seq`)
) ENGINE=InnoDB AUTO_INCREMENT=25 DEFAULT CHARSET=utf8mb4 COLLATE=utf8mb4_bin;
/*!40101 SET character_set_client = @saved_cs_client */;

--
-- Dumping data for table `t_user`
--

LOCK TABLES `t_user` WRITE;
/*!40000 ALTER TABLE `t_user` DISABLE KEYS */;
INSERT INTO `t_user` VALUES (1,'gbwi7000@gmail.com','cYc5mo-ORnSGmzg1EckMG1:APA91bFJUY40ZGkz_jz9J_h8SIy03Xz-zu0GX9KIBuxPnnlWwxiqsZELVOpz-MO_RIlkInDYlqnDehgEkXUl4pNjxJPpqdPNMuWP3wg4ypcqHMSRtg0Qe-6L5825zzUSovg5pQs25uaW',176,'',5000850,'2022-07-31 06:05:28','USER','N',69,223,NULL,NULL,NULL,NULL,'SECOND'),(3,'gbwl7007@gmail.com',NULL,150,'',2700000,'2022-07-31 08:02:29','USER','N',50,NULL,NULL,NULL,NULL,NULL,NULL),(4,'anfidthtn@gmail.com','d7Ry7O87SeuhQ6sqLGE0Ll:APA91bGVFnGXgn_sYLwnna8Y7KHNpnKw363xu7vufUbE7g86Gopvy95uAcI_3pJ9IDbLNxhcKTPPQaB2AIb1CDzeE-epV14GpITdQ-V1OJ171wat9f0P8s_yv_aNJZw8K7CUA6fh-Vwo',150,'',2600300,'2022-07-31 10:45:08','USER','N',50,239,NULL,NULL,NULL,NULL,'THIRD'),(5,'seokw4223@gmail.com','eIvOEkyPQfuO4axrWF_rfm:APA91bGyixb3f99A0CSeK7RJhkRU-cE7UZ5rgDJcSehpzB1fgCrb7swklj_u0sri7YAewzpuTniL-EXRYAeGWSK2y4epttJnbofkPX5a-aBmwa9XYWCntjfTK9FBiLdGGO9VQpYPye_f',180,'',2685300,'2022-07-31 13:39:59','USER','N',74,245,NULL,NULL,NULL,NULL,'FIRST'),(7,'skj2393@gmail.com','f2v_A0tPT2-xbNDnAB-hr0:APA91bHUqXbI6O0Z0Qqb5AwLqlVau6fbbKQtPXekXdd2eODYnehHpTv0fUqjsFmYkGVLhjpD-X2DiyLbWbYprvjn4AVS3pTKgFXeh44LeXTH-lAV1KLcZ0rmBEJ_OCyYkU_zMl0G32Fc',175,'',2700050,'2022-08-01 03:42:03','MANAGER','N',69,229,NULL,NULL,NULL,NULL,NULL),(8,'dkeka6608@gmail.com','ejv_2jEGT3-NK0l1WmH7B7:APA91bEPaDp06Nh_4eSESsO7MHxEQI_RWMYAJ3PV0FNNIdAkZRjMJaVNI6wAUxP6_6724knR48SWj8DjQ1pZLarTbtucaPtpskGUSXmu774lLdINMS0As16r3_B7LpmsC1d5pV2U1PPf',190,'1',20655000,'2022-08-02 01:44:48','USER','N',88,258,NULL,NULL,NULL,NULL,NULL),(9,'pIN_wqk-vr-4PH-TCjvIp4rKRuc3LrwOdrAhB-tyBqI',NULL,214,'',50,'2022-08-04 14:16:48','USER','N',50,233,NULL,NULL,NULL,NULL,NULL),(11,'super7615@naver.com',NULL,187,'',0,'2022-08-05 00:02:15','USER','N',86,NULL,NULL,NULL,NULL,NULL,NULL),(12,'skw4223@naver.com',NULL,190,'',95050,'2022-08-06 12:55:09','USER','N',98,230,NULL,NULL,NULL,NULL,NULL),(14,'nhee0410@naver.com','dDfHkNzlT_G1I-NaWKA7Ix:APA91bFco-kpEjn1gj86c5K2aOyn8bUIpcNXuerLCjYj3nSi2HFWdCoM7LR9JXWm4y5taFGw3-JweKxbe9AtnAtPQA3XgUrb-LlTQE3EZ-C_XIXJDRbHPnmTNDyDh-OoHjE0mAHqa5sc',153,'',95000,'2022-08-06 23:36:08','USER','N',49,148,NULL,NULL,NULL,NULL,NULL),(15,'gbwl7006@gmail.com',NULL,186,'',100000,'2022-08-09 16:22:58','USER','N',77,NULL,NULL,NULL,NULL,NULL,NULL),(16,'enddl3054@gmail.com','cEs34nqNTG6htPkcXM2nM-:APA91bECyp9p_652uKJIDxlXzzmCynDujnpcKV2sNHMpbE7xENpsXt71PVQhfsrzBQYlCXz4Slp6-RwRGSaC7V_lSYU0fEdrzv98fAjPMDTCqevuE1JciuhJJHHdWWZ1ORP6u28bpZIR',159,'',95000,'2022-08-11 00:41:21','USER','N',49,135,NULL,NULL,NULL,NULL,NULL),(17,'gbwl70001@gmail.com',NULL,199,'HiHi',100000,'2022-08-11 11:19:57','USER','N',100,NULL,NULL,NULL,NULL,NULL,NULL),(18,'dhemsktm@naver.com',NULL,150,'',100000,'2022-08-11 17:21:05','USER','N',50,NULL,NULL,NULL,NULL,NULL,NULL),(19,'adfasdfadfsdafdfadfa',NULL,176,'',85000,'2022-08-13 15:27:43','USER','N',63,158,NULL,NULL,NULL,NULL,NULL),(20,'27benecia@kakao.com','efZEx5zORSq4N_dXMNvP-P:APA91bHC5YIDkqX8AF2SPoSt7RntGTIxqUtzZ3CcEr2FwXbF0YxHfDeAF6D3uFHd2I1JcOgXuWAfl5oIJ0th5ZiOnAUIpbiAaNiLZ6G44TpglUQTUOQ7sqCywhaQKod6_sQzvBYpDBid',250,'',150,'2022-08-13 18:54:38','USER','N',250,164,NULL,NULL,NULL,NULL,NULL),(21,'whs1124@nate.com','cLmbTjWDQbG1KgB3752Ff9:APA91bGRQxoHYFstaztkKBPfREmRktPy9dEAYIhk-YCJQfD4t-_sv9S9Bu5K_s_nZogNs2Z1A-uDocNzyZXwDlPh9AErHdpznJncGLqJlWa6DKTzCBb83T62Edi8N5syPuWBmo0YEtHn',169,'',95000,'2022-08-13 21:33:02','USER','N',64,165,NULL,NULL,NULL,NULL,NULL),(22,'lime.lemonade03@gmail.com','c4Q4_JSrTx-dKDeD_h_hpf:APA91bFtgcd3VNvcAr6Z94y8JD-CwVlbMZlDvcLLcZv3BrZBgw2Tx6swLPZbGrQrhfZDXn6StZZ8mbi9CqcKRLq-jI9oUEDssTUmjUPAXBE6Dja_1MlqKQ8hCFInkXJHdah6qnzE4zii',173,'',100000,'2022-08-13 21:33:49','USER','N',73,NULL,NULL,NULL,NULL,NULL,NULL),(23,'anfidthtn@naver.com',NULL,176,'',100000,'2022-08-16 11:57:55','USER','N',62,264,NULL,NULL,NULL,NULL,NULL),(24,'skw4223@gmail.com',NULL,180,'123',100000,'2022-08-17 14:52:40','USER','N',71,240,NULL,NULL,NULL,NULL,NULL);
/*!40000 ALTER TABLE `t_user` ENABLE KEYS */;
UNLOCK TABLES;

--
-- Table structure for table `t_user_setting`
--

DROP TABLE IF EXISTS `t_user_setting`;
/*!40101 SET @saved_cs_client     = @@character_set_client */;
/*!50503 SET character_set_client = utf8mb4 */;
CREATE TABLE `t_user_setting` (
  `user_setting_seq` bigint NOT NULL AUTO_INCREMENT,
  `nickname_color` varchar(255) COLLATE utf8mb4_bin NOT NULL,
  `trackline_color` varchar(255) COLLATE utf8mb4_bin NOT NULL,
  `user_seq` bigint NOT NULL,
  PRIMARY KEY (`user_setting_seq`)
) ENGINE=InnoDB DEFAULT CHARSET=utf8mb4 COLLATE=utf8mb4_bin;
/*!40101 SET character_set_client = @saved_cs_client */;

--
-- Dumping data for table `t_user_setting`
--

LOCK TABLES `t_user_setting` WRITE;
/*!40000 ALTER TABLE `t_user_setting` DISABLE KEYS */;
/*!40000 ALTER TABLE `t_user_setting` ENABLE KEYS */;
UNLOCK TABLES;
/*!40103 SET TIME_ZONE=@OLD_TIME_ZONE */;

/*!40101 SET SQL_MODE=@OLD_SQL_MODE */;
/*!40014 SET FOREIGN_KEY_CHECKS=@OLD_FOREIGN_KEY_CHECKS */;
/*!40014 SET UNIQUE_CHECKS=@OLD_UNIQUE_CHECKS */;
/*!40101 SET CHARACTER_SET_CLIENT=@OLD_CHARACTER_SET_CLIENT */;
/*!40101 SET CHARACTER_SET_RESULTS=@OLD_CHARACTER_SET_RESULTS */;
/*!40101 SET COLLATION_CONNECTION=@OLD_COLLATION_CONNECTION */;
/*!40111 SET SQL_NOTES=@OLD_SQL_NOTES */;

-- Dump completed on 2022-08-18 20:23:02
